,number,description
0,ATRMA37000,LOAD PAD (UPPER)
1,BD110274,"ELB, MALE 90DEG, 45DEG SA"
2,BD111011,"ELBOW, 45DEG STREET, BRAS"
3,20SRTSB10303,SYN BLEND 10W-30 GALLON
4,ATRTR5042565,TORQUE ROD 22 1/4 C-C
5,BD24171,"SS CLAMP, HOSE/TUBING, CO"
6,ATRLP5024902,PROGRESSIVE LOAD SPRING K
7,ATRMM62622M2HT,"ENGINE MOUNT KIT, HT W/HA"
8,BD11101,"ELBOW, 90DEG STREET, BRAS"
9,ATRMM9662657HT,"ENGINE MOUNT, HT"
10,2143061PE,TENSIONER
11,216-100-3NPT-C,"""MT 10 GAL 3"""""""" NPT 2"""""""" DRAIN"""""
12,216-4781,GSKT KIT- CAT
13,2110587,BEARING - MA
14,23049200,OIL FILL TUBE
15,22-30-12,2.75X.065
16,24710N608SAL,FITTING
17,24712N612SAL,JIC FEMALE SWIVEL
18,2404-06-04,MJ x MP - Male Connector - Ste
19,BDKP61524FT,3/16 O.D. PARFLEX-FLEXIBL
20,2260262,SLEEVE-INJEC
21,261271540000806,MOB DELVAC 1300 15W40 4/G CS
22,250-8160-BSC,BLIND SPOT CAMERA
23,23515581,"DET ROD BRG, PAIR"
24,2590277C1CS,PINION SEAL
25,23-12955-100,SCREW
26,2517027C1,ENG. FAN
27,2400-BP87,INDSTRL V-BELT
28,29540479,"""SWITCH,N/SAFETY"""""
29,274-803-063-015,ELBOW 803-063-005 REPLCMNT
30,249-164905,MOTOR
31,277-FSF,FULL FENDERS
32,277-HE10AD,WEAR WASHER
33,25-10,CUTTING DISC
34,250-8170-HD-20M,ROUND CAMERA LAMP
35,277-267041280121,PINS & CLIP
36,23045816,BEARING
37,28978,5/8x3/8-18 PTC M ELB 90
38,29505858,GASKET- CONV HSG
39,2931,Power Cord Replacement 6'
40,29536834,"""SEAL,TUBE FILL"""""
41,29507888,BRACKET- REAR SUPPORT
42,BD80803,PREMIUM DOT 4 BRAKE FLUID
43,BD36797,BOWMA-GRIP ALL METAL LOCK
44,BD39147,GR. 8 HX HD CAP SCR 5/8-1
45,BD39560,GR. 8 HEX NUT 1/4-20 ZINC
46,361-168,U-Bolt Assy
47,31095,BLK SHRINK TUBE
48,3261642,FILTER AS
49,3115,"""WELD,GUIDE"""""
50,320-081-007,607 FAN OIL MANAGEMENT CONVERS
51,400-0280,EGR SYSTEM CLEANER
52,3621194C2-BGC,FAN BELT - 6 RIB
53,321221,O-RING
54,31-200,WIPER BLADE
55,345164,TORQUE ROD
56,30252,#8 STUD EYELET
57,3328X4,FITTING
58,5318,1/2 ST ELBOW
59,5526075,3/4 SILICONE HTR HOSE
60,631310001031,SAE 80W90 5 GL
61,4969536RUSH,"TUBE,PRESSURE SENSING"
62,4806-16-16,SUCTION Hose Barb - Fem JIC Sw
63,5580CA,"""LED MINIBAR 12-24VDC,CA"""""
64,5P5601,SEAL-O-RING
65,52215GL,15IN TARP STRAP
66,48X6X8,FITTING
67,5P7814,SEAL
68,4VA85,HYD PRS FLTR 50GPM
69,493GB57M,"HOUSING, WATER OUTLET"
70,5-3325-26BA-002,LV3900 VIKING PUMP
71,625776002004,MYSTIK JT-8 SHD SYN BLND 15W40
72,6839820,BEARING KIT
73,5701700AE,"CONSPICUITY TAPE 2"" 50 YRDS"
74,741154-0011N,CAT C15 HP Wastegate 15.2L 199
75,66145P,MONROE SHOCK
76,70R8791,FITTING
77,60X6,CO SLEEVE
78,7180,BEARING BBG-7180 BCA624 62AX18
79,69855,bushing 1/2MX3/8F
80,49X8X8,FITTING
81,6835385D,BUSHING
82,75R90072,COMPRESSOR
83,69081000BM0807,BLUE MOUNTAIN WASHER FLUID
84,691912,DET 12.7L EXH VALVE
85,5S2671,BOLT
86,60-1509,SPRING END REPAIR PAD
87,68PTC-4-4-ALX,"1/4"" CONN X 3/8"""" TREAD"
88,5632,"""PLUG,SPARK"""""
89,3014187,ROCKER SWITCH
90,440X8,SAE CAP
91,3E8017,LOCKNUT
92,4478,1/2 TRU-TORQFLAT WASHER
93,3300X6X2,PIPE COUP
94,3K0360,SEAL
95,2964,CONN
96,43-641,Spring
97,35P15-2P,GASKET
98,31042,HEAT SHRINK
99,409559,SHRADER VALVE KIT
100,381620,"1"" X 2 1/2 BOLT"
101,33W499,VALVE STEM CAP
102,3003,ADAPTER
103,320-081-008,607 LIQUID OIL MANAGEMENT CONV
104,1586589GCK,5/8-11 X 3 FLANGE BOLT
105,84-20-LU,7'X20' ASPHALT TARP
106,84326,COMPRESSION NUT 1/4
107,805064PAI,"MANIFOLD, EXHAUST"
108,AD20MP-20FP45,MP X FP 45
109,AA04269,REAR G-LINK
110,9S4182,PLUG
111,AV12105U,CABLE/DRAIN VLV
112,ATC25,FUSES
113,AW-46-5GAL,HYD FLUID - SOLD BY GALLON
114,B92240250,CLAMP
115,BFEM02K-06,100R2 -2SC-06 3/8 INCH
116,BP6,BRACKET
117,AS105Y,FLUSH
118,BHT-D3521,FRT CENT/COL CHARGE AIR COOLER
119,ALUMROOF,ALUMINUM ROOF
120,C40-225X36,STRT SILICONE RAD 2 1/4
121,CLU30892582,CLUTCH
122,B92260338,CLAMP
123,BAP22CA,"22"" WIPER BLADE"
124,CL212,1/2 CABLE LUG
125,CG105C-137,CLUTCH FORK
126,D1168X6,PUSH ON FITTING
127,D1169X6X6S,3/8 TUBE 3/8MPT 90
128,DAY5080630,POLY RIB BELT GOLD LABEL
129,CUT-0FF,CUT OFF WHEEL
130,B92220475B,T-CLAMP 4-3/4 - 5-1/16
131,ATD-11293,WHEEL END SOCKET SET
132,CLEANIDLE,IDENTITY LABELS
133,CWD204CO,OVERSIZ 2 SIDES
134,DAY-327544,SPRING PIN PETE
135,CN150,NIPPLE
136,845078MS,SPEED SENSOR MACK 25166488
137,8929782,HOSE
138,850170360,"AC COMPRESSOR, CASC SKI4314S"
139,9150300,REPLACEMENT LENS AMBER
140,9428137,RACE
141,80062,FUEL LINE HOSE Roll/Spool 5/16
142,8T7830,Threaded Rod
143,9045520-109,DOSING MODULE
144,7739-RK-351-A-L-PP,H 35 LH REBUILD KIT
145,840071-END,OVERFLOW VALVE
146,90872BGC,22-18GA HEAT SEAL QUICK SLIDE
147,90319,PIPE BUSHING 3220X4X2
148,842021,"CLAMP,V-BAND"
149,90770,A/B 90 MALE ELB 1/4X3/8
150,JOC10591-3,11 CRANK HANDLE
151,HU10H,"BOLT 1""-14x5"""" G5"
152,FA68306,5/8-18X4 HEX CAP SCREW GRADE 8
153,FA88447,3/8 THRU-HARDENED STEEL WASHER
154,GGS-3970-019,8 HOLE PTO GASKET .10
155,GA12C5E-RFJX45,"5/8"" 45 DEG REUSABLE COUPLING"
156,GA16G-16FJX,MEGACRIMP
157,K37-1009,ELEMENT FUEL FILTER
158,GWON44100,GLOVEWORKS ORANGE GLOVES MED
159,GWON48100,GLOVEWORKS ORANGE GLOVES XL
160,FA534A,5/8 ALLOY STEEL SPLIT LOCK WAS
161,FA68098,5/8-11X2 HEX CAP SCREW GRADE 8
162,FA68036,3/8-16x2 HEX CAP SCREW
163,FSW0491PAI,SWITCH
164,H1-108-7010,30MM SYNC PROX/ 4 PIN CONN.
165,FP-SC1600-TUL,BRAKE CHAMBER
166,MBA0139976746,ART OUTPUT SHAFT SEAL
167,KN0311,R/S O/S KW LOWER STEP
168,M20384YCL,AMBER STROBE LED
169,KRC062424,MUD FLAP
170,M8223,MACK GRANITE TOY DUMP TRUCK
171,H1-108-6430,PROXIMITY SWITCH
172,M0380CPW,COPPER BULLDOG PAPERWEIGHT
173,M5721,Mack 70's Retro Softhand Grey
174,M4759,LADIES SEQUIN B T
175,LUCA-10088,LUCAS HUB OIL 12/32OZ
176,HC-207,BI-LEVEL GREEN
177,HS006,HEAT SHRINK TUBE
178,M7078-XXXL,MACK PINNACLE GREY TSHIRT
179,MAS569948,ELBOW 1/8 SWIVEL 4MM OD TUBE
180,GT28444,1 GREEN STRIPE HEATER HOSE
181,FLE120100,GARBER R FILTER
182,FUG4302156,GASKET SHIFT BAR HOUSING
183,MBLGALAW68,HYD OIL
184,MBT-DT16-50NP,16X50MM HUCK
185,K3764,CLUTCH INSTALL KIT..FRLO MODEL
186,MB-STB,TOOL BOX MOUNTING KIT
187,MCL55AB,LED MARK LIGHT
188,LIS53900,FILTER WRENCH
189,MHC-D371046,"FILTER, AIR"
190,MCL11AKB,3/4 AMBER
191,FA88448,7/16 USSFW
192,FPDFP-23537789,GASKET SET OIL COOLER
193,KN0700-P,HOD KW T-800 B CUR SHT 95-07
194,H1-063-0122,PROX SWITCH
195,HDV-10212,"HALDEX STYLE A/SLACK 1.5""X28 6"
196,MINI4050R,"10001949 FNDR-K,4050,PE,RED"
197,FUR4302427,REDUCTION GEAR 16210C
198,MINP44325,TRUSTLOCK LOCK ROD HANDLE W/ C
199,M8000,MACK WRAPPING PAPER
200,G1-6281BO,PIN
201,G11-1019,POGO
202,HC202,"8"" SCRUB BRUSH RED"
203,GS210,"STUFF,GRN 55GAL"
204,MDT66,T660 BUMPER VENT
205,K3104,ACTUATOR PIN KIT
206,MAJ75W805G,MDRIVE/ISHIFT 5GALLON
207,EBT-8774-630-ALX,SERPENTINE BELT
208,29PL87-TUL,MOLYKOTE 55 DUPONTE
209,EZ211,"VALVE,DRAIN 27MM-2.0"
210,F105,OIL DRAIN MACK E7 EM7 ASET
211,F190-INS-F190,F190 INSERT
212,328344ETN-END,KING PIN REPLACEMENT KIT
213,ELL300,ELBOW
214,EH00971-8,"HARNESS, PROX, SLIDER RETRACT"
215,EGK3867,DRAIN GASKET
216,N170-55-51-1,BOXED SLEEVE
217,STL88RCB,FLANGE CLEAR RED LED
218,SP559082-KP,Service & Complete Air Spring
219,SF16,SEA FOAM
220,S-10252,"TANK, 50 GAL UPRIGHT POLY"
221,MS-M2716,MACK TRUCKER FLAG CAP
222,PER-CAT-0504,SF-VEHICLE INTERFACE CABLE
223,S-18223,"TRIANGLE KIT,WARNING"
224,ROT1,15W-40 SHELL ROTELLA-T CJ4 / G
225,RL-T03,REVLOCK NUT 447-4743
226,PHVS159F42,1/4 X 1/8 45 DEG MALE COUPLING
227,S-10166,HOUSING
228,S-23108,OIL LEVEL SENSOR
229,NT2606RED25,"3/8"" NYLON TUBING-RED-25"
230,RA-303-100,70MM TIRE PATCH
231,SL65AO,6 INCH OVAL LED RECESSED STROB
232,RF500-MP,MOUNT DIS COVER
233,SP558050-KA,Service & Complete Air Spring
234,STL43AB,LED AMBER ROUND TAILIGHT
235,TC0015END,"HYDRAULIC TANK CAP, TWIST ON"
236,TRU60250R-ALX,LED STT LIGHT
237,TMEG738,7' X 38' MEGA MESH TARP
238,THA-HND-0005,DISPOSABLE SMALL HAND WARMER
239,UCL22CB,LED LIGTHBAR;33;FLD/SPTBM
240,TLL9RK,SUBMERSIBLE LED TRAILER LT
241,TU-9222,"""30"""""""" 45° Mudflap Hanger with"
242,S-16307,329358X
243,UKRD7133,"UBOLT KIT 7/8X13""X3"""""
244,T5950124,COLLAPSIBLE LINK
245,T83,6' X 8' NO POCKET DIAPER
246,TR8829,"SPRING,AIR"
247,TR9617,NEW AIR BAG KW
248,TR7164,"AIR SPRING,CAB"
249,SI12614DI,"ROLOC DISK ZIRCONIA 50GR 2"" 25"
250,TRA75-129,PETERBILT SPR LVS2
251,WES-M81327827,SWINCLINATIONR36010-30V
252,SP558091-KP,Service & Complete Air Spring
253,VN1201-C,DPF Volvo/Mack MP7
254,USA4249S7ST,STUDDED CHAIN
255,S-16987,BRAKE CHAMBER 30/30
256,S-22539,GASKET MAKER
257,TINTEDBACKGLASS,TINTED MACK BACK GLASS
258,W20332,SHUT-OFF 1/4MPT-1/4FPT
259,WAB14500587,7 WAY REC SMART TRAILER
260,NEBWLT1003,SLYDE KING 2K
261,PERM-27140,PERMATEX THREDLOCKER RED 6/36M
262,OTRVS227,LVL VALVE
263,NP62-25-ALX,"5/32"" Air Brake DOT Union"
264,P271036RTC,CLUTCH SWITCH
265,PSF,POWER STEERING FLUID
266,PERM80070,SILICONE LUBE
267,NP68-10-8,P/CONN MALE CONN
268,PHC10143-16-12,FTG
269,NP69SW-6-4-ALX,"3/8"" x 1/4"""" Male Swivel Elbow"
270,P527435RTC,PLASTICK SCREW
271,R19508,CHARCOAL REPLACMENT
272,PHC20-24FTX-S,FTG
273,PHC201-6-RL,FTG
274,PHC213-16-RL,HOSE
275,PHM82163,"COPPER LUG 2/0 GA, 3/8 STUD"
276,PM151B,FENDER BLACK
277,1862X12,3/4 DOT Push-In Air
278,1432933,FITTING
279,1681046C1,GASKET-TRANS CASE TO SHIFT TWR
280,116-K6F6,3/4 MALE HYD COUPLER
281,1404-12-08,MP x FPX - NPSM Adaptor - Stee
282,1800002,"""Arm/Pull Tarp HD Black Mesh 9"
283,2400625-LOW,RADIATOR
284,1460X6,AIR BK SL
285,1039113,LOCK ROD
286,131643PAI,COVER GASKET
287,1480X6X6,3/8 TUBE 3/8 PIPE 45 DEG
288,239046-WKS,RADIATOR
289,1775008FT,1/2 AIR LINE
290,1143331,SPRAY MOLY
291,1704878,Durabuilt™ Motor 900w Direct D
292,1809912,SWAT Complete Arm Kit - Right
293,2400097-LO,OS-RAD 94-05 MACK CH
294,141313PAI,LUBE PUMP KIT
295,1468X3,3/16 X 1/8
296,1665340C91,N400F 3.91 GEAR SET
297,129558,BRG
298,156-TRA2732,SPRING
299,18805243,SWAY BAR REPAIR KIT
300,1460X8,1460X8
301,1464X8,FITTING
302,102-119766,ELBOW 148* CORNER KIT
303,1468X6X6,W/H
304,13T64246,"GASKET, P.T.O. COVER"
305,1824CBD,Chmbr - ADB
306,1021-01000,5/8 seal
307,1884-092002,BRASS HEX NUPPLE MPT 1/4
308,1501-16-16,MP x FPX 90° - NPSM Elbow - St
309,121311,LINER ORING
310,131903,"GASKET,FT.COVER"
311,11218SW,1/4 TUBE NUT
312,10006555-BGC,HORN BRUSH
313,0911G04-04,JIC Female 37° Cone - Straight
314,116-16MP-16FJX,ADAPTER
315,0951G16-16,JIC Female 37° Cone - 90° Swep
316,1119560,"""Flange Bearing 1"""""""" ID 2 Bolt"""""
317,117-607P-MUF-FD,607 PRO FAN COOLED CW WITH MUF
318,1083612,SPACER
319,131367,"GASKET,MOUNTING"
320,040032,CLAMP
321,040083,SPACER
322,10131,Synthetic H/D Oil Stabilizer/4
323,10009,Transmission Fix/12x1/24 Ounce
324,10004BY04,W/H
325,10037,Universal Hydraulic Fluid/1x1/
326,WT11,CABLE 125 5/16 EYE
327,0684497,CAP OIL F
328,0850G16-16,JIC Male 37° Cone - Straight -
329,016960-MON,3/8 UNION TEE
330,0239S50,SUPER LUBE SUPREME (37 LB PAIL
331,0985030165,PTFE THREAD SEAL TAPE 5/8X13.2
332,08064,911-64OZ
333,045056,"NOZZLE,COOLING"
334,03026-12,DIESEL KLEEN + CETANE BOOST
335,1001G08-08,JIC Female 37° Cone - 45° Swep
336,1001G16-16,JIC Female 37° Cone - 45° Swep
337,DEPOSIT,COOLANT PUMP KIT HDE16 24152059-bundle $612.30 Refundable Core
338,DEPOSIT,REMACK W/PUMP E-TECH 316GC551MX-bundle $479.48 Refundable Core
339,DEPOSIT,"UNIT INJECTOR, REMAN 85020426-bundle $725.86 Refundable Core"
340,DEPOSIT,BRAKE SHOE KIT 745-KT4709E2BA202R-bundle $130.04 Refundable Core
341,DEPOSIT,REMAN CARTRIDGE-AD-IP DESICCAN 109493X-bundle $111.91 Refundable Core
342,DEPOSIT,"UNIT INJECTOR 22027808-bundle $1,511.42 Refundable Core"
343,DEPOSIT,"SVC CALIPER 8235-EX225H225XX101-bundle $2,881.82 Refundable Core"
344,DEPOSIT,BRK KIT 4715QP BK4715QPAR23P-bundle $162.86 Refundable Core
345,DEPOSIT,"COOLANT PUMP KIT, HDE11 24110140-bundle $943.48 Refundable Core"
346,DEPOSIT,"TURBO KIT 85151099-bundle $6,160.54 Refundable Core"
347,150T7202S1XH,Hub Assy Easy-Roll Loaded WEMC
348,24608793,SPRING LEAF
349,571SF181DRE,Flag w/Dowel Orange Reinforced
350,23855503,LATCH
351,21854610,ADAPTER
352,78570658,HOSE ASSEMBLY
353,23013616,MUDFLAP
354,23516124,CROSS MEMBER
355,562AS36BKDP20,Adjust A Strap Black 20 PC Dis
356,M5842,Bulldog Country Green Hoodie
357,M6005,"Mack Performance Counts- 3"" St"
358,83061032CH,Cabin Fresh Air Filter Chrome
359,1R1808,FILTER AS-LU
360,17750121FT,NYLON TURBING 3/4
361,1928869PE,FILTER
362,200100-ALX,"TUBE OUTRIGGER 2.5X2.5X21"""
363,6300-9732981450,RV-RELAY VALVE
364,1R0749,FILTER AS FU
365,720550026918QT,75W90 QUART
366,72331,HOSE CLAMP #10 LINED
367,4186781,STUD TAPERLO
368,372-3800-16-12,ADAPTER
369,46981,"""FILTER,AIR"""""
370,29567617,BODY MAIN CONTROL
371,3325X6X4,FITTING
372,3325X8X6,1/2-3X8
373,3350X6,3/8 45 STREET ELBOW
374,3-28-1327-1X,BXD BALL STUD
375,3606847CUM,V Clamp
376,361-565,U-Bolt Assy
377,472KS109X,DIFFERENTIAL KIT 1651277C91
378,313760-1X,FORK KIT
379,3129X8,CAP
380,3618205,SEAL-FUEL SY
381,300100138051,T-BOLT CLAMP 1-3/8-1-9/16
382,300100200051,T-BOLT CLAMP 2-2-5/16
383,320-081,REMOTE OIL TANK KIT FOR 304/60
384,934331,HYD OIL FILTER
385,AD12MB-16MJ90,ADAPTER
386,ABPNSKSEATCOVER,PLASTIC SEAT COVER
387,82301GL,"FLEX RADIATOR HOSE, HD"
388,1624D-ALX,AIR DISC BRAKE CHMBR 1624
389,88715BGC,3/4 SILICONE HEATER HOSE
390,AC-108,AIR CHUCK
391,891003,VALVOLINE PREMIUM BLUE ONE SOL
392,804249,"SHOCK,HOOD"
393,84289,5/8X1/2 AR BRK 90 MALE ELBOW
394,A5373,AIR FILTER REG ASSY
395,84843,5/16 STUD 2/0 BATTERY LUG
396,AAA,AAA BATTERY
397,1586599GCK,3/4-10 X 2 1/2 FLANGE BOLT
398,AWR204,18X84 OSL REFLE SIGN
399,BOS-7697,SEAL
400,BUSATC03,3 AMP FUSE
401,BUS-CBC40B,40 AMP C/B
402,B9200-0475,CLAMP
403,B92240425,CLAMP
404,AS9466PDC,AIR BAG 1R12365
405,AFLPRMAWHYD46PL,PREMIUM HYD FLUID AW46
406,BHT-D3521-2,FRT CENT/COL CHARGE AIR COOLER
407,BLK110,NITREX GLOVE M
408,BSH-5447,"AXLE,DRIVE"
409,ATO20,"FUSE,ATO20"
410,BUL602CB,LEDB/U;6OVAL;LTGUIDE;PL3
411,BRG72212-C,BEARING CONE 16 ROLLERS 2.125
412,DDEA4710160521,SEAL
413,CT300L,CONSTANT TORQUE CLAMP
414,BL6038,BRAKE LINING
415,DD-FLOORDRY,FLOOR ABSORBENT
416,CVMB104,12X72 OSL BANNR W/BUNGEES
417,A4722005052,COOLANT LINE
418,AD12MJ-12MP,ADAPTER
419,C40-275X36,STRT SILICONE RAD 2 3/4
420,BTG130,BLACK GRIP GLOVE XL
421,CWSSW050GW,GLASS CLEANER
422,D-KN0400-C,KW T-600 B AERO CURVED W/S HOO
423,784665,RUBBER P CLAMP 3/4
424,9240,#40 SILICONE CLAMP
425,86727,16 ST/STEEL HOSE CLAMP
426,89463BGC,16-14GA HEAT SEAL QUICK SLIDE
427,90305,PIPE CAP 3129X8
428,804N2515851C1,FILTER ELEMENT AIR
429,8T0639,BOLT
430,8T4778,LOCKNUT
431,88686,1/2 X 1 3/4 FLAT WASHER
432,80234GL,"HEATER HOSE, HD GL 1 Length:"
433,84-20-MC,7'X20' MULTI-COLOR MESH
434,796KC287,"SLEEVE, MACK SLAVE VALVE"
435,90687,A/B MALE CON NT 1/2 X 1/4
436,1783075BK-1,HEAT SHRINK
437,906422,"""SEAL KIT,SHAFT"""""
438,96882,5/8 X 3/8 90 MALE ELBOW
439,803698,"FILTER,AIR"
440,864-5-676X,U JOINT
441,7W-2398,GASKET
442,FUL4303184900076,"GEAR, COUNTER SHAFT"
443,FA68036BGC,3/8-16 X 2 HHCS
444,FB300C,18X18 RED JERSEY W/ BUNGEE
445,HDV1601B,DRIVE AXLE DRUMS
446,FMA64P,BRASS
447,GA345,TIRE INFLATOR - ANALOG
448,GWGN48100,GLOVEWORKS GREEN GLOVES XL
449,GY-1211-16,CXU/AN BUMPER
450,HD18M,Brk Drum - Air
451,G1-1403W,PIN
452,FA88452,3/4 THRU-HARDENED STEEL FLAT W
453,HDEF88171-405,wiper arm nozzle
454,K71DA00-KS6-KA2,NORGREN DOOR VALVE
455,FDL5703WF,DOOR LATCH KIT
456,FP-23503747,PISTON RING SET..
457,HR4756,TARP TUBE BRACKET
458,K120640HD-YAK,BELT (23961868 & 20582557)
459,KEN65000018,FRONT DOOR LATCH ASSEMBLY
460,MBTC-R14BL,HUCK COLLAR 14MM
461,G342101010,FITTING
462,23049056SS,TORQUE CONVERTER BOLT
463,LUC-10002,H/D OIL STABILIZER/4X1/GALLON
464,HDVSW245H,24.5 STEEL WHEEL
465,M8200,MACK GRANITE CONSTRUCTION TRUC
466,22190294X,TIMING GEAR PLATE
467,MAJ15W4055G,15W40 MOTOR OIL 55 GALLON
468,K3209,IDLER SHAFT KIT
469,M270,ORF TUBE RED
470,FF63041NNPDC,FUEL FILTER 5526400
471,M5151A731AAXQ25-32,MOTOR
472,M2658,Mack Snapback Grey & White
473,FSC0373PAI,SCREW
474,G1-6727AO,SHEAVE ASYM
475,KIM75190SAL,BOX PAPER TOWELS
476,M6457-L,LADIES GREY HOODIE
477,JSK37USL-MON,PLATE-TOP
478,FA68068,1/2-13X3 HEX CAP SCREW GRADE 8
479,FA68417,3/4-16 HEX NUT GRADE 8 YELLOW
480,JDC203A,Deutsch-Fahr / Mercedes-Benz D
481,MF180,110LB FLAG MAG W/HARDWARE
482,HUBOIL,HUB OIL QUART
483,MCL21RB,2:BEEHIVE MARK LT RED
484,MIU800650,OIL FILTER
485,H1-010-4675-008,CAP BEARING
486,MOM-M13139,QUIK CLEAN
487,H2136171,GEAR PUMP
488,H4247SC,CHAINS
489,MCL57RB,2.5 INCH RED
490,FH25,FUSE HOLDER
491,FWS858,5/8 WASHER
492,M0378CPW,CHROME PAPER WEIGHT
493,GRI-2734,PAI RING (MAK97AX151)
494,GRT47962,SM OVAL LED ASSY RED
495,G341000808,W/H
496,EP2,TUBE GREASE
497,EL674140,4 WIRE
498,F50-1840-0500,A/C LINE
499,ETK3299,215SB169A
500,309-0903,WHEEL SEAL
501,3281-MSS110-10,HOLDER-CARD SS MACK 10PK
502,331470PAI,UPPER GASKET SET
503,DIAMOND1FMT,WARRANTY
504,EGK3934PAI,GASKET
505,EL15042,GLAD HAND HOLDER>
506,F1840425,4 5/16 T-BOLT CLAMP
507,T209-1212,"3/4"" 2W HOSE X 3/4"""" MP"
508,N211987X,BOXED BOOT KIT
509,SPI6-4-8541-1X,END YOKE
510,STDDS512,ROCKER SWITCH
511,PAI-601002,"DDC23531600 KIT.O/H,BASIC"
512,S4-53-02C,ELSTON CAP WITH LANYARD
513,S-E067,PTO COMBO VALVE
514,SGR101-35-39-1X,INPUT SHAFT W/ SNAP RING
515,2232010301-FMT,SOLENOID
516,S-10746,1 GAL JUG
517,23828MSC,"TERM- BWMN SEAL 5/16""STUD 16-"
518,NT2606BLK50,"3/8"" NYLON TUBING"
519,RA-512-100,RADICAL CHEMICAL CURE PATCH
520,TRU-FMK-1000-LOW,REPLACEMENT BLADES
521,RF15B659564BGC,PIN-SPRING RUBBER
522,RF500-65,GASKET
523,SP-559547-KP,Air Spring
524,TLEDH4-MON,5X7 HEADLIGHTS
525,RM-T09,SEAL
526,T70-6017,SIDEMEMBER-SLPR LH
527,THA-HND-0017,SM RECHARGEABLE HAND WARMER
528,S-23952,EGR COOLER D12
529,TR7659,PUSHER AIR BAG
530,TR7486CCSP,HEADACHE RACK
531,TRCAC4060,CAC HOSE
532,RF500-9,BASE
533,TEH5032SAL,DOT 3/4 BRAKE FLUID
534,RWHS824RW107,"STEEL 8"" 24"""" STRAP WRENCH"
535,SP1491VW,1075723 BOLT
536,RBX002277-016-170,RESTRICTION GAUGE
537,W013589069FIP,21132005 AIRBAG
538,SILVER,SILVER REGAL TOOLS
539,VNB407-C,"""DOC Volvo/Mack D11/MP7, D13/M"
540,Q21-6170-001KIT,SENSOR-DEF QUAILTY
541,MS-M2020,GREY CAMO CAP
542,PP5062,5/16X25GRADE 70 CHAIN
543,R134A-30,R134 30LB ( WEITRON)
544,NEB-BND-0002,EMERGENCY KIT
545,PP5082,5/16-3/8 BINDER
546,PP5314-XRS,31 RUBBER TIE DOWN
547,NP69-8-6-ALX,"1/2"" x 3/8"""" Male 90° Brass Elb"
548,PHC13926-6-6,FTG
549,PHM11920,EYELET RED
550,OPT-RE13RB,C/M RED REFLECTOR
551,16-7602-28,"""SOCKET,7-WAY"""""
552,10MB-12MJ90,ADAPTER 90 DEGREE ELBOW
553,16854X,BRAKE DRUM (56855B)
554,1460X10,FITTING
555,102-145112,3 IN 1 12' AIR/ELEC
556,16-777,"""NOSEBOX,DUAL"""""
557,1028803,RECPTACLE KT
558,11255,Synthetic Low Viscosity Multi-
559,160AX525P36FT,MACK HOSE CHANGED TO FT
560,17455,V-BELT GOLD LABEL
561,1400170,RING MEASURI
562,239047-FMT,RADIATOR
563,1586911,5/8 FRAME NUT
564,136017,RECTANGULAR SEALING RING
565,1702300,18X18X24 STORAGE BOX
566,10676,"""Red """"""""N"""""""" Tacky 5th Wheel Gre"
567,15-430PDC,4-WAY CONNECTOR PLUG W/SPRING
568,179222,3/8-19X1 SELF TAPPING SCREW
569,1854JJ,DRIVER NCR BOOK
570,1461X6,AIR BK NT
571,1107986,BOW_STK2_96-102_12 RISE
572,1866X6,FITTING
573,14341,PISTON
574,15326309,SENSOR ASSY-ASM SENSOR
575,13942A,4-Spring Lower BP 2pc Casting
576,161064R1,THRUST WASHER
577,1492115,UTILITY LIGHT
578,116-6KF6,3/4 FEMALE HYD COUPLER
579,116-TBC200,CLAMP
580,124-3005,CAT AIR COMP GASKET
581,11235,AUTO V-BELT
582,112621XL,VOLVO IRON MARK WINDBREAK
583,10400055,DEF FLUID 55GAL DRUM
584,04928,4-WIRE CABLE 3-192 CABLE
585,08825,25# RAGS
586,105-J,JOES HAND CLEANER / 15OZ
587,1028802,RECPTACLE KT
588,11-04859-100PB,FUEL CAP
589,120-054-001,BEARING COVER 607
590,112862LG,VOLVO IRON MARK HOODIE
591,113-110500P,PP SPRING BRAKE VALVE
592,134ABULK,1LB R134A
593,1105-0030,"""HOSE,STICK"""""
594,1105-0115,"""HOSE,COOLANT"""""
595,120060006,HANDLE
596,053-R134A12,R134 FREON
597,10602-01WC,3-PORT PILOT VALVE
598,117-607AP-HYD-AFS,607 PRO SIDE VALVE FAN COOLED
599,117-607P-MUF-LDH,607 PRO LIQUID COOLED CW MUFFL
600,0600984,END TIE ROD
601,XG-18MA,ANTHEM MOUNTING KIT
602,XA-171-A-L-PPDC,HOLLAND XA171 TOP PLATE
603,060163E,"ASSY,HD,CYL."
604,060167E,"ASSY,HEAD,CYL"
605,10006B102,FITTING
606,0052-Q12,AMAZING RTU DOZ QTZ
607,WK4707Q-23KW,BRAKE SHOES
608,XG-19FM2106,F/L M2 106 MOUNTING KIT
609,0951G06-08,JIC Female 37° Cone - 90° Swep
610,1-0022,CLAMP
611,1006-1309PDC,"AJUSTABLE BRACE, SHORT 26""-41"""""
612,01988-109,"3"" CUT OFF WHEEL"
613,XX16175,PIGTAIL
614,053-70822,YELLOW PAINT PEN
615,0556,COOLANT SENSOR
616,XG-D150BG2,BUMPER GUARD
617,053-ATM20,FUSE
618,0385G06-06,SAE Male O-Ring Boss - Flat Se
619,1000-SLK1140,ASA GUNITE STYL
620,331482,"GASKET,VLV"
621,24362440,PRESSURE PIPE
622,M5400-SM,GREEN/BLACK 2 TONE LINED HOODI
623,2191-P959083,"BREATHER, AIR"
624,571G1004L,Nitrile Gloves 100ct Orange 8m
625,M1056-VB,GOLD LAPEL PIN
626,M2023-LG,MACK SANTA HAT SHIRT
627,6327-CC4308VRXD,4 X 30 XD ARMOR WINCH STR
628,20895624,RUBBER CUSHION
629,2-3100,1310/7260 U JOINT
630,20301,POWER SOLVE II
631,571LG10A-K,2 1/2 AMBER LIGHT
632,1S4810,GASKET
633,804145,"SWITCH,CRUISE"
634,334-565,Bolt/Bush Assy
635,21554462WKS,HEATSHIELD EXHT
636,181914END,WATER PUMP ASSEMBLY
637,033490,Wheel Cylinder
638,AX37GLDA,AX37 GOLD LABEL
639,M5401-2XL,DUCK/BLK JERSEY LINED HOODIE
640,BRE62006HC,7/16-25/32 CLAMP
641,NPA889785,75W90 GEAR OIL QT
642,40TU68451-END,PTO 45DEG ADAPTER
643,98264,5/32 SHIFT MECH FITTING
644,571LB193SAL,193 BULB
645,571LG60R-K,S/T/T KIT OVAL RED
646,573HCBH2,Cargo Bar Holder
647,053-MPJ380,U-JOINT SPICER 1310
648,1653,1/2 P T FITTING ASSY
649,179SC24SAL,SERVICE CHAMBER TYPE 24
650,171H963OE,HCV Peterbilt
651,PRX59214,High Temperature Thread Sealan
652,107A577A181265,ABS SENSOR 90 DEGREE 75IN
653,103AA109,SHIM 1/4IN HENDRICKSON
654,840IK841360EL,Injector O-Ring Full Kit Detro
655,371-112FSCPLG,"1-1/2"" FS COUPLING"
656,871919A,"3"" 80G DARK DISC"
657,MS-M3065MD,CAMO BULLDOG LS
658,GWON48100ABQ,ORANGE WORKGLOVES XL
659,NPA7822100,20 AMP MAXI FUSE
660,HM589XQAHX-A5XD,PTO
661,PL12702BPBBPDC,PUMP
662,8235-KIT2935-999,Seal Kit
663,37BD21ABW,DRUM 15X4
664,4308165FIP,CYLINDER RANGER
665,CE-532,CLEAR FLAMMABLE CEMENT
666,7551527-999,Trailer connector
667,85242,#14X1-1/2 HEX WASH HD SELF-DRI
668,AF26154END,AIR FILTER (OBI)
669,HDV-NT2604BLU50,"1/4"" NYLON TUBING-BLU-50"
670,9348PAREV2SSBX,HUB 10-STUD 285.75 ABS W/CUPS
671,MBT-YA100093,PNL AIT BTM CMPLT 103Hx102W
672,JOHN2417,JOHNSEN'S BRAKE CLEAN
673,PRIMEPC20,ELECTRONIC CLEANER
674,BP101-6-ALX,3/8 PIPE TEE
675,745-K239423,WHEEL SPEED SENSOR
676,23930959,WIRES
677,25095078,FITTING
678,24225990,BRACKET
679,995627,PLUG
680,24528310,CONTROL VALVE
681,24494462,REPAIR KIT
682,3443-14256,GOLD TOP KIT 2.56 PILOT T
683,294140R100,CAT CONV DEFEND
684,23589527,COOLING COIL
685,5W20,MOTOR OIL
686,663509002004,MYSTIK JT-5 TRANS HYD UNIV 5GL
687,70-212,"2 1/8 "" SILICONE HOSE"
688,7206PDC,STRAP WRENCH
689,6650000002-ALX,KENTUCKY TRAILER HINGE
690,7447,ABRASIVE PAD
691,3683144WKS,CLAMP V BAND
692,4416681V,WEATHERTECH MACK
693,483442C1,ACTIVE GEAR
694,325-142U,Pad-PU
695,3299A5981PDC,CHAMBER BRACKET
696,352-9121,Air Spring
697,29546537SS,PLATE - SEPARATOR
698,446GC332,VALVE STEM SEAL
699,3040,WASHER 38KH218A BWA-3040
700,381056,CAP SCREW
701,382950VOL-25,DAVCO 382 FILTER ASSY
702,31KD333,SPACER
703,A06-47956-001,LAMP-MARKER
704,82180,"""MAKER,GASKET"""""
705,9915016C,16 FOOT
706,ABS0004,ABS SENSOR
707,77350GL,"STRAIGHT RADIATOR HOSE, HD GL"
708,84267,1/4X1/4 AR BRK MALE CONNECTOR
709,91223,A/B ML CONN 3/8 X 1/4
710,1569-532-2-TUL,fitting
711,A1843367000,DOOR LATCH
712,AD4MS-4MP90B,7/16 MF TO 1/4 MP 90 DEG
713,BUSATC20,FUSE
714,CAC40P-400X6,"HOSE, CHARGE BELL COLD 6"
715,BUTT-CONN,BUTT CONNECTORS
716,B92220250B,T-CLAMP 2-1/2 - 2-13/16
717,AS1R12467,AIR SPRING
718,AI19688591,"TERM-FEM,MCP2.8S,12T-GXL"
719,CE-1010-0020,LID 21X6
720,CE-508,8 OZ CEMENT
721,CRC05088,BRAKE CLEANER
722,C1120A-L,BUSHING KIT-LEFT
723,C1225A-R,S-CAM
724,D1168X8X8,PUSH-IN CONNECTOR
725,CTI-85726-TUL,16 GAUGE BLACK WIRE
726,BF46169O,Fuel/Water Separator with Open
727,D1164X8-YAK,BR 1100 DOT UN-TEE 1/2
728,DDEN000000001069,SEAL RING (20MM O.D. X 14MM I.
729,D37-1031,FILTER
730,C1124A-R,EXTREME CAM 24 3/8 1 7/8
731,CHPBATC,PB BLAST AIR COOL CONDITIONER
732,DA6152,AEROSOL OPEN & SHUT
733,BUSMAX30,FUSE
734,84287,1/2 X 3/8 AR BRK 90 MALE ELBOW
735,90324,PIPE BUSHING 3220X8X6
736,9113N,SEAL
737,96-28-BM-LOW,8'X28' BLACK MESH
738,904-6019,Nox Sensor
739,8C5230,SEAL O RING
740,91288,A/B ML ELBOW 1/2 X 1/4
741,829-15429045,121OHM TERM RESISTOR
742,800822,Brake Chamber (S-Cam)
743,90554441-FMT,Height Control Valve Linkage -
744,18-03810,A/C LINE #6
745,949281540DF0810,DRY DIESELALL FLT SB 15W40 DR
746,907028XWKS,U-JOINT STRAP KIT
747,84312BGC,1/2X3/8 AR BRK 45 MALE ELBOW
748,GE9007,VN HEADLIGHT BULB
749,GT-1003,9X1-5/8X4 ALUM TUBE
750,JOSC10262,BRACE LUG
751,K1871X4,DOT FITTING
752,K1880X6,DOT FIT
753,FA68100,5/8-11X2-1/2 HEX CAP SCREW GRA
754,HC18SG,GREEN STYRENE SHORT HANDLE
755,GA4C5E-4RFJSX45,"3/16"" REUSABLE COUPLING 45DEG"
756,HWC04480,BOLT-HEX M6X1.00X25MM
757,FURS2822,INPUT SHAFT ASSY
758,GA6C5E-6RFSX45,"5/16"" REUSABLE COUPLER 45"
759,GWON46100HAY,8mil Orange Nitrle Gloves L
760,FMP-CB537,2 CLUTCH BRAKE
761,HP02903,VANE PUMP
762,FA88441,5/8 THRU-HARDENED STEEL FLAT W
763,FC55609,BULKHEAD FITTING 3/8 NPFEM - 3
764,H11,BULB
765,HH-075X25,3/4 SILICON HEATER HOSE
766,K90,PTO/PUMP CONT VALVE
767,K700,HORIZONTAL BRACKET MOUNT
768,HH-062X25,5/8 SILICONE HEATER
769,FPDFP-2533442,C15 ACERT HEAD GASKET SET
770,FTW-4479,WASHER
771,G342120808,FITTING (HHC G34212-0808)
772,LF16233FLG,OIL FILTER
773,M7405,MACK BULLDOG POWER STAND
774,FA68000,1/4-20 X 1/2 HHCS
775,23827MSC,"TERM BOWMA SEAL 1/4"" STUD16-14"
776,K1872X6X8,DOT FIT
777,K2079,SLEEVE KIT
778,M0078-AMA,GOLD HOOD ORNAMENT KEYCHAIN
779,FBV38,3/8 FULL PORT BALL VALVE
780,M2097-LG,CHARCOAL SOFTSHELL VEST
781,M0915,MACK 5X7 HARDBACK NOTEBOOK
782,M0050,MK CARABINEER KEYCHAIN
783,KT-330,BLACKJACK TIRE REPAIR KIT
784,HA-4100H,HALO TIRE INFLATOR
785,M2661,MACK Flag/Born Ready
786,23845,TERM BOWMA SEAL 22-16 GA BUTT
787,KIT-RX-67NTL-PDC,Fontaine Top Plate Major Rebui
788,LAKIT0412,BOLT/NUT ASSM. KOMAR
789,MCL45RB,LED MARK LIGHT
790,M2020,MACK LOGO GREY CAMO CAP
791,MCC-225,2.25 OZ MC WT
792,FBV25,1/4 ball valve
793,HT-1243,AIRTANK12IN DIA 29.5 C-CMTG
794,JON4602,PENETRATING OIL
795,FP1822321,"MAIN BEARING, STD"
796,FP7E9262,THRUST WASHER
797,MOB-124315,MOBIL 1 ADVANTAGE
798,MILTON-S690,MILTON HEAD CHUCK
799,MINP44315,TRUSTLOCK LOCK ROD HANDLE W/ C
800,H2249SC,11 24.5
801,MINIFUSE,MINI FUSE
802,GR400,4 U-BOLT CLAMP
803,GRA-BX800257,VALVE MV3 BRK CONTROL DASH
804,M0374,GOLD BULLDOG PAPERWEIGHT W/BOX
805,FJC2495SAL,PAG 100 AC OIL/DYE
806,FL1401-P,HOD CAS CA-126 W/HING 2018 UP
807,G342121010,FITTING
808,EC10150TUL,RED ORIFICE TUBE
809,EZ1210,replacement cable 12+
810,E2104,BRACKET
811,29540479-YAK,"KIT-SWITCH,SWITCH,NSBU-SINGLE"
812,EST-0421,STUD
813,29558329ARD,"KIT, FILTER TRANSMISSION"
814,ECR2450BP,BATTERY
815,ED3703A,"""3 HEAD LED,RECTNGLE,AMB,12V"""""
816,EDS-8981,DIPSTICK
817,DPFG-21095721,"MACK/VOLVO 4"" GASKET"
818,EL704102,RED 4 GA
819,EDS8805,PAI DIPSTICK
820,T212RNS,OIL DRAIN CAT C15
821,S-208630-2X,ORANGE 2X NITRILE GLOVES
822,SP559781KA,Service & Complete Air Spring
823,S-22291,REGULATOR CONTROL
824,PAG46-1,PAG OIL 46
825,SP-559580-KP,AIR SPRING COMP
826,NAT380003A,WHEEL SEAL
827,OTR1501B,DRUM
828,SFP-909,CLAMP
829,PC608-AS,1/2 BRAKE TUBING- SOLD BY FOOT
830,PP5303-JB,21 RUBBER TIE DOWN
831,S-13460,M/S KIT
832,NP79-6-4,"3/8""X1/4""""X45 PUSH LOK FITTING"
833,RPSASY4312,MIRROR ASM BRACES MTING
834,S1815,QUICK CONNECT FEMALE
835,SB2100,"21"" SCRUBBLADE"
836,NT11015B,15FT BLUE COILED AIR LINE
837,PHC0188-20-20,FTG
838,PHC10626-12-12,FTG
839,ROKKIT4007CCC,HELICAL GEAR KIT
840,SBR1062,SHIM 1-1/2 INCH
841,PHC1FF-S,FTG
842,RF120-127,GASKET
843,TRU-BND-0001,SUPPORT KIT (DAV)
844,TR9375,AIR SPRING
845,ST1033MD,1: DEEP 33MM SOCKET
846,TRU-FMK-1003,FAST FLIP REPLACEABLE BLADE-G1
847,TRU-KNF-0001,KEYCHAIN KNIFE (BLK)
848,TBB208838,WIPER BLADE 28 C2
849,RF500-25SG,SIGHT GLASS
850,SP-559069KP,Air Spring Complete
851,SWH-UN16,LH UPPER LOCK ROD CAM
852,HD28M,Brk Drum - Air
853,S-13704,SHIFT FORK
854,S-13788,PTO MAINSHAFT S-13788/06-T-394
855,M66437,Stabilizer
856,ROK1229W4131CCC,LOCK RING
857,SCOT75130,SCOTT SHOPTOWELS BLUE ROLL
858,TEE200,TEE
859,S-34170,82744671 RH FOG
860,TARPAR21SAL,"TARP STRAP 21"""
861,TEE150,"1 1/2"" TEE"
862,RF500-FC,FILTER CARTRIDGE
863,USA2249SC,SQUARE LINK CHAIN
864,TR229860,QR1 VALVE
865,RF500-GAS,RF500 GASKET SET
866,VACUPU0523,FLOAT INDICATOR
867,WINDOWKIT,URETHANE INSTALL KIT
868,S5007,"WASHER, ART400"
869,RW200,REFLECTIVE TAPE
870,TRU-FLIPPERKNIFE,BALL BEARING FLIPPER KNIFE
871,TTF-SD15237SP,SERIES 60 BLUE T/U PAINT 12OZ
872,S-13786,GASKET 13T34279
873,VPHPV,PTO/DUMP COMBO VALVE
874,VS-33767-5,HOSE
875,UPT30,24X30 CUSTOM MUDFLAP
876,S-25420,HOOD MIRROR RH
877,S-22685,"EXHAUST CLAMP 5"" ALUMINZED"
878,R1234-YF,"FREON, R1234"
879,R1-T03,SEAL STND TRAILER
880,R134A-SHOPUSE,REFRIGERANT BY THE POUND
881,NEBWLT0027,PAL-360
882,MS-M2751,MACK BULLDOG GREY & PINK CAP
883,PP3051,4STANDARD DOUBLE L WINCH
884,NP50B06000,2 X 6 NIPPLE BLACK
885,NP69-6-6-ALX,"3/8"" x 3/8"""" Male 90° Brass Elb"
886,NP69SW-8-6-ALX,"1/2"" X 3/8"""" Male Swivel Elbow"
887,NT11015S,15' COILED AIR LINE SET
888,PHC16WFTX-WLN-S,FTG
889,PHC2HP-S,FTG
890,N3-3-1561KX,BXD SLIP YOKE4
891,P99150201,CHROME WITH BLUE LED
892,N4101420VS,NEW CYL HEAD
893,OPT-A54GB,GROMMET
894,OPT-BUL10CB,OVAL B/U LAMP
895,PAI842022,CLAMP
896,QT85W140,QT GEAR OIL
897,PAP836020,1543896 SEAL
898,PTTRENEW,PTT RENEW
899,ORO-D-TUL,DEXRON QT ATF
900,1661282C91,LIGHTS
901,125600,Brk Rtr - ADB
902,120-054-002,BEARING COVER 607 OIL PUMP MOU
903,1404-20-20,MP x FPX - NPSM Adaptor - Stee
904,1480X6X2,W/H
905,175-NP68-10-6,NYLON PUSH-ON MALE CONN 5/8 X
906,14076EZ-BA,TARP SYSTEM BULLET
907,X164PMT664,3/8X1/4 BRASS UNION DOT
908,1775008FOOT,1/2 NYLON TUBING
909,XG-18VNBR05SA,WEDGE SLIDER KIT
910,1772003-BGC,1/2 ID AIR BRAKE HOSE
911,1386-020CP,"2"" CLEAR PVC/ 10' STICK"
912,120-018-367,SEAL 60 X 72 X 8 AV VITON SGL
913,120-064-001,O-RING 2-154 VITON
914,110422,BOLT TIE
915,113-109994P,DRYER CARTRIDGE
916,12034,MOTOR MOUNT KIT
917,1472X6,FITTING
918,1869X6X2,3/8-1/8 MALE ELBOW
919,145WHD,BR VALVE 1/4 DRAIN
920,1502-0012,BUMPER ASSEMBLY
921,1471X8,FITTING
922,11554,BRASS PIPE COUPLING
923,10906,Brake Parts Cleaner Aerosol 50
924,175-2301,SWITCH
925,1655,PIN 311KC28A
926,11514357,BOLT
927,10-12,RIVET
928,131370PAI,GASKET
929,131497,FRONT COVER GASKET
930,0517,Berryman Diesel Cetane Booster
931,10004B404,F SWIVEL
932,1156-10,HINGE BUTT
933,10875,Extreme Duty Gun Oil - 1 oz -
934,X4H30W,X4 HEAVY DUTY WORK LIGHT
935,1001-1291,HP/SAND SHOE 1 GUSSET
936,1-967630-1,CONNECTOR
937,XG-04MCR,MOUNT KIT
938,0770177,5 WIRE 16G
939,040112,TURBO STUD 4298220
940,095LG06-06,JIC Female 37° Cone - 90° Swep
941,WT1207,HINGE W/STUD
942,1-0099,U-BOLT KIT
943,1004NS,ANGLE DRAIN HOSE
944,01-14596-008,clamp
945,X10H70W,X10 HEAVY DUTY WORK LIGHT
946,05103CRCCLEANER,CRC CLEANER 05103
947,044404227E,Bosch Denoxtronic DEF (Diesel
948,10000790,"""Drawbar Eye,300,BOLT-ON,3 ID"""""
949,0202,COIL CLEANER
950,0491,BRAKE LIGHT PRESSURE SWITCH
951,1010-0026-DP,"20""PRIM, 6""""NK, 3""""OPN SLOTTED B"
952,10001563,MNMZR FAST FLAP KT
953,1001G06-06,JIC Female 37° Cone - 45° Swep
954,0370G12-08,NPTF Male - Straight - Rigid
955,037GG06-06,NPTF Male - Straight - Swivel
956,05001,3M ITE CLOTH UTILIT
957,0911G08-10,JIC Female 37° Cone - Straight
958,1000-SLK10143,ASA HLDX STYLE
959,23004613,SIM CARD
960,460542NP,King Pin Kit Premium
961,24376036,TOP PLATE
962,M2023-SM,MACK SANTA HAT SHIRT
963,M2023-XL,MACK SANTA HAT SHIRT
964,M9245,Mack N Model Cab With Retro De
965,2191-P583177,"FUEL FILTER, WATER SEPARA"
966,150T7101S1XH,Hub Assy Easy-Roll Loaded WEMC
967,56126600B,T-Bolt Clamp 6.00in to 6.31in
968,24601366,HOSE REEL
969,24652562,WIPER MOTOR
970,994165,HEXAGON SCREW
971,204USA,TOOL
972,1782058BKFT,BLK STARTER CABLE 4/0 GA - FT
973,2-2-479,FLANGE
974,194-6725,PRESSURE SENSOR
975,2008026C1,TORQUE RED MOUNTING BRACKET IN
976,5639133,Convex Mirror w/Bracket 8.5in
977,2030X6,"3/8"" INSERT"
978,348XFAHX-A5XD,PTO ASSY
979,3504-,#4 CLAMP 7/32-5/8
980,21247AIP,HEADLAMP PIGTAIL
981,22104962DEX,HEAT SHIELD
982,29552705SS,SEAL ASSY OUTPUT
983,1705746,UNIVERSAL 2 WIRE PLUG
984,260GB214,CLAMP 2527
985,2247CAM-YAK,"TRUCK CHAIN, ROUND TWIST 7MM"
986,SP559297-KP,Service & Complete Air Spring
987,SP559865-K,"Air Spring, Comp. Type w/ Stee"
988,62012HC-,#12 CLAMP 11/16-1-1/4
989,RTC-11039420750,STEP
990,6545NW,AC FLUSH
991,380025A,"""SEAL,WHEEL"""""
992,MS-M6458LG,LADIES BORDEAUX LIQUID METAL
993,CCC-CLU10893591AM,CLUTCH
994,H609617-712,BOLSTER PAD KIT
995,102-110500P,SPRINGBRAKE VALVE
996,CS6B-A6704-H3KP,PTO
997,TG8S-M6508-A3BX,MUNCIE PTO
998,14503,LEAK DETECTOR
999,52256P,Flasher Conn PS74165JP
1000,808156PAI,GEAR SET
1001,371-114X1PB,PIPE BUSHING
1002,8982424201,PIPE; INJ NO 2
1003,571LC1156SAL,1156 BULB
1004,5611545060,"""CAC Connector Hose Hot Side 4"
1005,WK4702Q-20KSB,SB CERAMIC KIT 20K 15X4QP
1006,BP1184,BRASS PLUG RECESSED 1/4
1007,MS-M8201,MACK GRANITE FIRE RECUE 4PK
1008,HOWE103092,HOWES DIESEL LIFELINE 64OZ
1009,TLEDG4CA-,CLEAR AMBER PAN M1
1010,TOOL106,TOOL
1011,PDC-999K4718QRSD23,K4718
1012,EGR-00VM-01,EGR COOLER MP8 D13
1013,RK-10689-3PDC,HOLLAND REPLACEMENT BRK KIT
1014,RMD02-RM,"SEAL, OIL BATH"
1015,MS-M3721MD,KIDS HOODIE JACKET
1016,604-5113WCH,BLEND DOOR ACTUATOR
1017,G171461,FENDER WELDMENT
1018,550-SB5012,#10 STR SPLICE BEADLOCK
1019,621236PAI,O RING KIT
1020,HD44036F,"36 LED, 4.4"" SQUARE FLOOD LAMP"
1021,HD38009-3S,9 LED MINI ROUND SPOT LAMP
1022,39204UP,14 LED RED/AMBER TURN
1023,F4-C-3535-DM,AIR VALVE
1024,HOR991445,"FAN DRIVE, HT650, ISB"
1025,50-512,#12 CLAMP
1026,50-508,#8 CLAMP
1027,PDC-JSK37USA,5TH 37USA
1028,BARS1420,BAR'S TRANS STOP LEAK 11OZ
1029,52491,5/32 AIR LINE
1030,24369695,INSTALLATION KIT
1031,8194340330,"PUMP KIT, WATER"
1032,78509799,HEADLAMP HSG
1033,78556281,BRACKET
1034,24183537,BRACKET
1035,24670899,CLUTCH KIT
1036,294140L200,CAT CONV DEFEND
1037,500118,"Repair Kit, Axle Rod - 500.118"
1038,500117,"Bolt, Spring - 500.117"
1039,500909-01,"Air Bellow, Without Shock Abso"
1040,501164,"King Pin Kit, Axle Steering Kn"
1041,334-2026,Serivce Kit
1042,334-2025,Service Kit
1043,320-217,Bushing
1044,050745,DPF PRESSURE SENSOR
1045,131668,"GASKET,COVER,ISX"
1046,141313,Oil Pump
1047,11901,HOSE FITTING
1048,1QTTRANSFLDOKC,AUTO TRANS FLUID
1049,NTNSET425,BEARING -OUTER W/RACE (HR32207
1050,19RB-38HD,LOAD BINDER 5/16-3/8 6600LBS
1051,2092107-143,LOCK WASHER
1052,S5909000K001,KIT RADIO(ACX & DC)
1053,2401892LW,PETERBILT RADIATOR
1054,TDAR002297,NUT
1055,TDAR005652R,NUT RH
1056,20488354,COVER
1057,1675387,WASHER
1058,20889042,FITTING
1059,20703088,RETAINER
1060,113117-1,WRENCH MULTITOOL
1061,TL19200Y,LAMP
1062,20504369,PROPELLER SHAFT
1063,TL60250R,LAMP
1064,20734368,BRACKET
1065,20447220,DOOR
1066,TDA1227A937,NUT
1067,20451138,HOSE
1068,20769019,WINDOW
1069,20540394,BRACKET
1070,1093074,WHEEL SET
1071,21052655,NUT
1072,SP127589,NUT
1073,23243022,WIRES
1074,23275460,COOLING HOSE
1075,TDA3131421,FILTER
1076,22432670,HOSE
1077,21937327,COOLANT FILTER
1078,21601833,SHOCK ABSORBER
1079,21607372,WASTE PAPER BASKET
1080,21615395,HANDLE
1081,23962187,WIRES
1082,23968386,MIRROR
1083,TDAR945007,SEAL
1084,22250737,STRAP
1085,23373929,CAP
1086,TL15729,BRACKET
1087,22542588,SWITCH
1088,24062550,PASS-THROUGH
1089,MGM1431901,BRAKE CYLINDER
1090,MID40010001,SLACK ADJ
1091,24162626,BRACKET
1092,20470610,SWITCH
1093,21673931,TEMPERATURE SENSOR
1094,20853802,FUSE
1095,21605468,WIRES
1096,21607073,STORAGE TRAY
1097,22829454,SWITCH
1098,23680063,CONTROL UNIT
1099,21623688,ARMREST
1100,23680065,CONTROL UNIT
1101,STMK145E,QWIK KIT KING PIN KIT
1102,20508040,BRAKE HOSE
1103,23945534,PIPE SET
1104,21613145,PANEL
1105,22721340,BRACKET
1106,20549115,KIT
1107,25115168,PIPE
1108,3080292,"GLASS,WINDSHIELD"
1109,20443842,GASKET
1110,21142676,HEAT SHIELD
1111,20719248,SHAFT KEY
1112,3095833,HUB CAP
1113,WABR90555396,VALVE
1114,3082034,CLIP
1115,21990600,INTERMEDIATE PIPE
1116,25174960,PEDAL 2711
1117,20470620,SWITCH
1118,20791732,PIPE
1119,RCAC15S,COIL
1120,85102622,SWITCH
1121,DAV380134,WRENCH
1122,85108311,KIT
1123,84720543,"COVER, UPPER"
1124,84730270,AIR DEFLECTOR
1125,DNP527484,FILTER
1126,FULK3438,KIT
1127,82756178,REFLECTOR
1128,85111810,FAN HUB
1129,FGFF5319,FUEL FILTER
1130,ACH17590,COVER
1131,GEH5054,HEADLAMP
1132,85151436,VALVE
1133,BWK156083,DRAIN VALVE
1134,82789509,SUPPORT
1135,84715263,HEADLAMP
1136,85106713,BRACKET
1137,CHL35P91,GASKET
1138,FUL4303432,GASKET
1139,84553280,FLOOR MAT
1140,85136010,CONVERSION KIT
1141,84200950,EXTENSION
1142,84544872,FLOOR MAT
1143,899750,BUSHING
1144,84720058,VANE
1145,GUNAS1133,SLACK ADJUSTER
1146,84736370,AIR DEFLECTOR
1147,82721516,BUMPER
1148,BDPF00475,"PARKER PTC, DOT MALE CON,"
1149,BDPW169PTC46,DOT MALE ELBOW 90 - SWIVE
1150,82788762,BRACKET
1151,FUL4303926,COVER
1152,85103551,HOSE
1153,BW286171N,BRAKE VALVE
1154,BW800405,VALVE
1155,82715622,FILTER
1156,84736373,AIR DEFLECTOR
1157,992083,HOSE CLAMP
1158,GRO66900,WIRING HARNESS
1159,82749436,CHASSIS FAIRING
1160,84754539,BRACKET
1161,82763784,BRACKET
1162,85125440,KIT
1163,FGFS1000,F/W SEPARATOR
1164,85101057,PIN
1165,85134383,MIRROR
1166,85104856,FILTER
1167,BWOR102626X,VALVE
1168,82286080,AIR DEFLECTOR
1169,8153756,RUBBER WASHER
1170,8081709,WIRING HARNESS
1171,8072808,COVER
1172,8073375,BRACKET
1173,66001-3201,INSULATOR
1174,8023203,SET SCREW
1175,78516316,WING NUT
1176,3947069,PIN
1177,8080529,KNOB
1178,3947629,SLACK ADJ
1179,8169852,BRACKET
1180,3919071,RETAINER
1181,3187249,MATTRESS
1182,8170959,GASKET
1183,8141964,BALL STUD
1184,8076589,BRACKET
1185,3175616,SWITCH PANEL
1186,8149606,HOSE
1187,3974306,WIRING HARNESS
1188,78619530,HEAT SINK
1189,471856,SEALING RING
1190,8130112,OIL PAN
1191,466922,O-RING
1192,BWK038573,ASSEMBLY- ROTOR. BRAKE
1193,BW810457N,CAMSHAFT
1194,BW811753,SPIDER / PIN ASSEMBLY
1195,BW802643,KIT - ADJUSTOR CAP
1196,MHPMMW6,MONSTER MULE WIPES
1197,JSTSK7708401,LH TILT STOP PLATE
1198,NMERNT370031A,OIL BATH SEAL
1199,PAI16CURD,CUMMINS RED
1200,PEN4620,14 OZ PENRAY NC VOC BRAKE
1201,MVBVISHIFT75W80PAIL,VOLVO I-SHIFT TRANSMISSIO
1202,NTNLM501310,BEARING
1203,NTS50807D4CB08,VOL2287 2195 CMFT DKBWN C
1204,PH61NTA8,1/2 FITTING CAP
1205,RADM4532,BRAKE FLUID DOT 4 32-OZ
1206,PHVS279NTA44,1/4 X 1/4 AIR BRAKE NTA AS ELB
1207,PHVS279NTA88,1/2 X 1/2 AIR BRAKE NTA AS ELB
1208,RCEV01100,EXP. VALVE - BLOCK-FLANGE
1209,RCEV01010,EXP. VALVE - BLOCK-STANDA
1210,SNV451033,"NYL TUBING, J844, 0.625 I"
1211,RCCON5429,CONDENSER - AFT
1212,SNV422252,"CABLE, BATTERY, 1 COND, 2"
1213,SNV6815,"MICHELIN WIPER BLADE, BLI"
1214,SP10892582AM,INSTALLATION 1552 EP2000
1215,6I1418,SPACER
1216,E-008-293,WIPER MOTOR VN
1217,9Y6189,KIT BRG .635
1218,24408076,MUDFLAP
1219,4000-056501031,Spring Seat
1220,12084912,TERMINAL
1221,78746819,WINDSHIELD WIPER
1222,78543179,GRAB HANDLE
1223,413-9412-015,55 SERIES MOTOR
1224,564460108,CASCADIA LED HEAD LIGHT R/S
1225,4915-1800138,4 GA. DUAL WIRE
1226,5293-143,1/4 HEX NPL
1227,46412-143,RED MRKER LAMP
1228,502757,"""Air Cylinder, Fifth Wheel"""""
1229,500109-1-99,BLACK POLO VOLVO
1230,612B-TUL,bumper
1231,24534101,SEAT BELT
1232,78608359,COWL SIDE
1233,HM-SDV40-SK-1,STUD KIT
1234,FNT131114069001,PASSENGER SIDE WINDOW
1235,H1-219-2260-007,PUMP SOLENOID COIL
1236,831128-FMT,VALVE COVER GASKET
1237,CRCC05671,CRC STARTING FLUID
1238,HADA4FB24,PTO TO PUMP ADAPTER
1239,MS-M1646,MACK TRUCKER FLAT BILL HAT
1240,CHL281GGFJP-B5RF,PTO ASSY
1241,M5321,LIFE IS GOOD BF CHILL CAP
1242,M5403LG,BLK/ARMY 2 TONE HOODIE
1243,L90111-4,90 DEGREE REUSABLE FITTING
1244,M8295-MD,CABO BLUE DIP DYE LS TEE
1245,62PMT-5-5-TUL,5/16 AIRLINE UNION
1246,AF17-1065,1/4 SET
1247,CHL489XSAHX-A5XK,PTO ASSY
1248,FGMP10145168245,24.5 X 8.25 ALUM WHEEL
1249,806810109,GEAR
1250,S09-6000PB,SHIFT BOOT
1251,PRIMPG2CYC3,PRIME GUARD 2 CYCLE 3.2 OZ
1252,SNX003,Cummins and Paccar NOx Sensor
1253,SPSPL250-SF3X,U-JOINT KIT
1254,MSL4134008-LOW,COMPRESSION FITTING
1255,PROBH1238F42,"BRK HOS 42"" 1/2""""*3\8 ENDS"
1256,GE9004LL,BULB HALOGEN
1257,LNL210,8-Piece Quick-Connect Accessor
1258,SP2-3-12301KX,SLIP YOKE
1259,ORS6986673-FMT,SWEEPING COMPOUND
1260,SP2-4-783-1,YOKE
1261,PRIME91806FTW,ZERO DEGREE WASHER FLUID
1262,JOSA451L-G3-17,NOGRLEG.MAG.10YR.IN.10X10.17TR
1263,QX539-8,Power Steering Pump
1264,SCOT75130FTW,SCOTT SHOP TOWEL ROLL 55CT
1265,K060529-YAK,SERP BELT
1266,K080485-143,BELT
1267,M4301-MD,LIFE IS GOOD BLUE
1268,SCOT75130F,SCOTT SHOP TOWEL
1269,P11-1580,BRACKET S TRAIN REL
1270,MB040035,CORNER CAP LAMP BRACKET
1271,FSC0322F,BOLT
1272,HDVSW225H-AMA,22.5X8.25 HUB PILOT STEEL WHL
1273,NLKIT-RX-67NTL,REBUILD KIT MJR TP6000-7000
1274,S-22671,INPUT RATIO GEAR
1275,SP250-4-1381-1X,END YOKE
1276,836025PAI,OIL SEAL 21126859
1277,CHL2-P-862,PTO GEAR
1278,CHL210FMMFP-B4XP,PTO ASSY
1279,EM24670-LOW,FUEL TUBE
1280,672258,AB PUSH-ON UNION ELB 1/2
1281,CHL3-P-283X,PTO SHAFT
1282,CHL329071-63X,BEARING KIT
1283,6X3-12X38,HOT ROLLED ANGLE
1284,C5205X5,fitting
1285,FCM3117,QUICK-DRAIN OIL PAN COUPLING
1286,DDEA4710380071,"BOLT, CONN"
1287,6722286,AB PUSH-ON 45 ML ELB 1/2X3/8
1288,DDEN000000001103,SEAL RING
1289,CHL2-P-559,GEAR PTO OUTPUT
1290,784623-999,Inline Fuse Holder
1291,C5229X6-999,fitting
1292,900701-143,3/4 X 66' ELECTRICAL TAPE
1293,621-143,5/16 -18 X 2 ZIP SCREW
1294,CHL329071-48X,KIT-BEARING
1295,86730-143,HOSE CLAMP
1296,65486M,SHOCK
1297,65517-TUL,1-1/4 X 3/4 BUSHING
1298,CN150-TUL,1.5 STEEL CLOSE NIPPLE
1299,MTR3131704-ALX,THRU TEE 5IN
1300,HG0118-143,6 HOLE PARALLEL HUB CAP GASKET
1301,QXG100PCL,Steering Gear / International
1302,818DUT-04X50,DUT HYDRAULIC HOSE 3/16 X 1'
1303,R134ALBWKS,SHOP FREON CHARGE PER POUND
1304,LUC-11032,CETANE BOOSTER
1305,C5129X16-999,fitting cap
1306,C5305X12,fitting
1307,CRM600-630,STEER AXLE WHEEL BALANCERS
1308,84296-143,3/8X3/8 RUN TEE
1309,NEWTC200C,BLK CLOTH/LEATHER SEAT
1310,7051212-999,Hose Clamp #12
1311,G90-6022-004BNPB,SWITCH
1312,SAFRK-10605,HOLLAND BUSHING AND PIN KIT
1313,RD590260-END,"RESISTOR, HEA"
1314,DAY-75258,LEAF SPRING PETE
1315,REL10088,LCS HUB OIL
1316,REL50,SWY GLASS CLNR
1317,PRIM95006,PRIME GUARD RV ANTI-FREEZE
1318,DNP550410OKC,FUEL FILTER SPIN ON
1319,920421-4,"knob, control panel"
1320,61662-143,"1"" HEAT SHRINK"
1321,HBRS60HBK-WKS,BOLT KIT CYL HEAD DETROIT
1322,RM-D07WF,SEAL
1323,MS-M4449XXL,MACK R MODEL ASPHALT TEE
1324,MS-M5748XL,MACK GREY POCKET TEE
1325,TDAR0011497,CAM TUBE
1326,1701082,UNIVERSAL SHELF KIT
1327,17515206ASC,FUEL FILTER PRIMARY
1328,2-28-3277X,CV WELD
1329,1905938-FMT,"3/8"" BALL VALVE"
1330,032058-YAK,DRAIN VALVE
1331,1271X4X4X4,BRASS MALE THREAD TEE
1332,1000-CAM11867,CAMSHAFT-RH
1333,058304-50-YAK,"HT SHRNK RING 16-14 1/4"" (50)"
1334,78714739,FLAP
1335,15001-14,1-1/4 NIPPLE
1336,1540BM,ELECTRICAL PARTS CLEANER 19OZ
1337,TR4324711010,SYSTEM SAVER 1200 PLUS AIR DRY
1338,TRK022105,ADIP/IS PURGE VALVE KIT
1339,050X200NC,1/2 X 2 P&O BOLT CAT 1A-1460
1340,24761684,SEAL
1341,TUL14-13056C,PIPE-EXHAUST
1342,700090E,PAC2184936PEX CYL HEAD
1343,TRMFH312SAL,45 DEGREE 1-1/8 BP
1344,GPNB46100-FMT,BLACK 5MIL NITRILE LRG
1345,GWON49100TUL,ORANGE NITRILE XXL
1346,950658090LS1405-ABQ,DMX 80W90
1347,TULSZ40111001,BOLT
1348,ACC-MFB-STD24-5042,"24"" MUDFLAP WEIGHT"
1349,KP60781WKS,1/4T X 1/4P PREST. A/B ML CONN
1350,NAT370023A,WHEEL SEAL
1351,PW169PTCNS-6-6,3/8TX3/8P PRES. A/B MALE ELBOW
1352,KT13038-143,16GA BLK PRIM WIRE
1353,C1-5-036,"5"" X 36"""" CHROME STACK"
1354,R8TIRE,TIRE INFLATOR
1355,81003-999,Anti Freeze
1356,LUC-10072,75W90 SYN GEAR OIL
1357,CCC-ROK20RLS403A1S,RPL SLIP YOKE
1358,VN1206-CSAL,SKY DPF VERT 2 BOX
1359,6205-GCK,1/8-67-1/2 LUBE FTG
1360,CRC5532,CRC AIRBRAKE ANITFREEZE
1361,62767-GCK,M16X2X90 HEX CAP SCREW
1362,S-3347SS,CLUTCH RELEASE BEARING SHAFT
1363,HAP-158-00,10K GD SINGLE HGR KIT
1364,ABSP3B22R-7996,AIR SPRING
1365,MSRK1904,Pivot Connect Bushing Kit Newa
1366,78525079,HEADLINING
1367,1221434,TEK SCREW 14X3/4
1368,TR90054007,HEIGHT LEVEL CONTROL VALVE
1369,TLED-H112,PETE 389 PROJECTOR HL L/H
1370,TULSZ20908024,GASKET-WASHER SOFT INJECTOR
1371,10C5EWKS,#10 HOSE STRATOFLEX
1372,-11022-3,CON.(M) 45DEG. SAE FLRE 3/8C3/
1373,TRKN28601,FF-2 FULL FUNCION VALVE
1374,UST11226,UNDERBODY STEEL ARM CASTING
1375,WK4720-23KW,BRAKE SHOE
1376,07481MSC,"3M SURF CON DISC, ROLC TPE, 2"""
1377,1077869,15W-40 GUARDOL PHILL66
1378,113538WKS,MOBIL ATF
1379,TLED-OBMR,"6"" OVAL STT RED"
1380,12114-88069,DORMAN 5 PIN RELAY
1381,1000-BD6864VB,16X7 HUB PILOT-BAL 3922X
1382,115GC216,NOZZLE 1239
1383,2191-P646644,CRANKCASE VENT FILTER
1384,327M-VB,DELUXE U BOLT KIT
1385,4N-1156-FMT,GASKET
1386,334381,HENDRICKSON END BUSHING KIT
1387,4394336CUM,AIR TUBE
1388,2869601,FLANGE LOCKNUT-COATED
1389,3507423806CCC,SPICER YOKE NUT
1390,24579CSI,CAB FILTER RAM
1391,2122909PE-116,DEF PUMP FILTER KIT
1392,24160031,BRACKET
1393,MVBV5W30BULK,"VOLVO PREMIUM EO VDS-5, 5"
1394,RCFA42808,AIR FILTER
1395,RCFH57131,HYDRAULIC FILTER
1396,1905CN100,"1"" CLOSED NIPPLE"
1397,10242-GCK,M8X1.5 HEX NUT
1398,3MT237P7,GAUGE TEMP 3821
1399,126-BM8418,"84""x18"""" BLACK MESH TARP"
1400,131288-126,GASKET
1401,56111050-50FT,1/2 SILICONE HEATER HOSE BY FT
1402,1703845-WKS,REVERSE RELAY
1403,25624803,STRIKER-DOOR LOCK 8341
1404,1802061SH,DURABUILT 12V MOTOR
1405,84783-DP,2-WIRE H8/H11 HARNESS
1406,BU112HL,"""Back-Up Alarm, 112dB, 12-36 V"
1407,SW416100,"1"" - 6"""" Bundle Range Spiral Wr"
1408,5681023KIT,5681023 LANDING GEAR KIT
1409,TRU-FMK-0020,TURE MAAR
1410,TBC225PHT,T-BOLT CLAMP
1411,925122-WKS,SHOCK
1412,925279-HAY,SHOCK
1413,CCC-CLU30893732,CLUTCH
1414,G400-PDC,5 GAL BUCKET PUMP
1415,690404,1/4 X 1/4 P-IN X MIP DOT ELBOW
1416,705-1171,3/8 HOSE CLAMP
1417,AF13-1013,CNG RECEPTACLE
1418,MSW-4416PAI,IGNITION SWITCH
1419,ITA4300907,SLIDING CLUTCH
1420,PN14042DIBC,WIRE CUP BRUSH KNOTTED
1421,S-23349-M,PARKA
1422,1114360-WKS,BUNGEE CORD KIT
1423,1118629-GCK,1-58IDX3/16THK O RING
1424,80235-143,M10X1.25X50
1425,NEBO-OMNI2K,OMNI 2K
1426,RAIN22,"22"" RAIN-X LATITUDE REPEL WIPE"
1427,F16-5,MULTI PURPOSE ATF
1428,RSPT04-RM,HARDENED SPCR TP TRLR PRE HUB
1429,126-KP20038,"2"" TRLR KP. 3/8"""" BLSTR WELD ON"
1430,NP50B03000,2X3 BLACK NIPPLE
1431,S-22316,KW BUMPER END LH
1432,S-24909,CABIN BLOW GUN KIT
1433,OTR4329012482P,Air Dryer Cartridge
1434,P49-1001-200S-TUL,HORN-ELECTRIC
1435,SP1542KW,PIN KW
1436,SHTKTARP17X96SAL,17 X 96 MESH TARP BELLY DUMP
1437,1122522-WKS,FLEX KNUCKLE
1438,113784-1-99,VOLVO JKT- Blk w/white stripes
1439,1304745-BUY,SAM 13-Pin Female Vehicle Side
1440,035021-YAK,BULKHEAD
1441,A1440,GLADHAND SERVICE
1442,5299-143,3/8 BRASS CLOSE NIPPLE
1443,MP5-2781,DOUBLE PILOT TO OPEN HYD CHECK
1444,93459-143,3/4 SAE FLRD PLUG
1445,H5B6B14SG25DILB,"2"" GEAR 14.9 GAL 1-1/4"""" ORB"
1446,MEGUA2216,MEGUIARS WAX
1447,CON10082181,ROTOR
1448,FLT2593592C92,INJECTOR
1449,HD189501R,1895 LEF RED
1450,MS-M2600XXXL,BLACK SOFTSHELL JACKET
1451,AH700-175,1-1/4 HOSE CLAMP
1452,AND-DSP40CORE,CORE CHARGE
1453,AUT-HLK1035UB,HOOD LATCH POLY KEN-PETE
1454,DAY-9248040,CLUTCH ACTUATOR
1455,FPDFP8929344-WKS,GASKET
1456,M580,CAM WASHER
1457,84722932A,STEERING SHAFT
1458,636-143,3/8-16 x2 TUFF TORQ BOLT
1459,BU97LD,"""Back-Up Alarm, 97dB, 12-24 VD"
1460,GWGN46100-YAK,GREEN NITRILE LG
1461,75-200END,DEXRON III TRANS FLUID
1462,8116-95974-1FT,"COOLANT HOSE 2.5"""
1463,M3131R,CAMSHAFT
1464,MS-M4654LG,KING OF THE LOAD TSHIRT
1465,MS-M6350XL,MACK VINTAGE TSHIRT
1466,M3971,125TH ANNIVERSARY WHITE MUG
1467,576-GCK,"BRACKET, FNDR STRAIGHT CHROME"
1468,925110-WKS,SHOCK
1469,1102505,Camshaft Repair Kit
1470,1102004,Camshaft Repair Kit
1471,12228123004,Camshaft RH
1472,12228143101,Camshaft LH
1473,1332832,Haldex Type Slack Adj 6in Econ
1474,135H0566,Haldex Type Hardware Bracket K
1475,1381030FC,Gunite Type Slack Adjuster 6in
1476,1516501BA,Brake Drum 16.500in X 5.000in
1477,170107796,AD9 Type Cartridge Kit
1478,1701229,Air Toggle Valve Blade
1479,1705010134,ADIS Type Air Dryer 12V
1480,17119516711OE,Lift Axle Control Module Watso
1481,56496074F,End Bumper Aero RH Fog Volvo
1482,170KN26020,RT4 Type Multifunction Valve
1483,171H101OE,OEM Barksdale Height Control V
1484,170AC420020,Air Compressor Wabco Type
1485,1778258E,Hose Fittings 1/2in Barb X 3/4
1486,17713B698D,Brass PLC Male SWL Elbow 1/2 X
1487,17711686B,PLC Male Connector 3/8 X 1/4in
1488,1775014,Nylon Tubing 3/16in OD X 100FT
1489,1777272,Air Hose Assy 3/8in 3/8in Pipe
1490,1771202KT,Composite w/Brass DOT PLC Fitt
1491,1773018,Slider Bar and Tender Kit
1492,1773025,Pogo Stick Zinc Dichromate 50i
1493,17712C744B,PLC 45 DEG SWL M Elbow DOT 1/4
1494,1775006B,Nylon Tubing 3/8in OD X 100FT
1495,1777828,Air Hose Assy 1/2IDx3/8NPTx28I
1496,1779118A,Countersunk Hex Head Plug 1/8N
1497,562GH24SS,Grab Handle 24in S.Steel
1498,566CT64694,Continental Air Spring Rolling
1499,562U5560SA,Aluminized Stack 60in Length 5
1500,566CT74884,Continental Air Spring Rolling
1501,566CT75973,Continental Air Spring Rolling
1502,56459087,Fog Lamp LH LED KW/Peterbilt
1503,56496032,Fog Lamp LH Volvo
1504,56496035,Headlamp Assembly RH Volvo
1505,566CT68359,Continental Air Spring Rolling
1506,56129425,V- Band Clamp
1507,566CT64752,Continental Air Spring Rolling
1508,561744GB53,Thermostat By Pass T Hose Mack
1509,56446316,Center Bumper Fascia Freightli
1510,562022430B,Black Poly Smooth 24 x 30 x 0.
1511,462ES9001R,Tie Rod End
1512,181370031A,Oil Seal
1513,5629104,Quarter Fender Tube Clamp
1514,56446361F,Bumper End LH Freightliner w F
1515,562B1402C,Front Hub Cap 4 Notch 9/16in L
1516,562F1002C,Rear Axle Cover 2 Pc Kit Chrom
1517,56459019G,Grille MID Point Molding Kenwo
1518,562U3305,Guillotine Clamp 5in Round Ste
1519,2101937,Socket Wrench 2-3/4in 8PT
1520,56109200,Silicone Hose 2in x 36in 4PLY
1521,56111075250FT,3/4 HEATER HOSE PER FT
1522,56346067,Mirror Glass Flat Freightliner
1523,18010657KOE,Hub Cap Kit PRO HP Oil Hendric
1524,562142424YC,Yellow Caution Poly 24 x 24 x
1525,5626120,Bumper Pad Mcneilus
1526,562U64091,Resonator 4in Inlet/Outlet 9in
1527,562F1001C,Rear Axle Cover 3 Pc Kit Chrom
1528,56129365B,V-Band Clamp RG Ray
1529,562142430B,Black Poly Smooth 24 x 30 x 0.
1530,5622015,Rubber Tarp Strap 15in
1531,5639028,Type WC Mirror Heated S.Steel
1532,5626120UB,Dock Bumper Pad Poly
1533,5629106,Quarter Fender Kit Stainless S
1534,56111075,Silicone Heater Hose 0.750 in
1535,562A4003TP,Chrome Plastic Thread On M22x1
1536,56446011,Fog Lamp RH Freightliner
1537,181CR47697,CR Scotseal
1538,1785102HS50,Ring No 10 22-16GA Heat Shrink
1539,460216X,King Pin Kit Pre-Sized No-Ream
1540,2016062L,Wheel Stud
1541,2016108R,Wheel Stud
1542,2016108L,Wheel Stud
1543,2092254,Spindle Nut
1544,179SB3030SLX,Spring Brake Chamber for INTRA
1545,179DT30L,Diaphragm Type 30 Long Stroke
1546,179M3430051X,MGM Spring Brake TR3030
1547,179M9019005P,MGM Weatherseal Plug 2pk
1548,81517421,Continental V-Belt OE Technolo
1549,602065,"HEADER, GEN2 SSI, 10G LANDSCAP"
1550,5722035,Surge Tank Cap Volvo
1551,57236021P,T Handle Dipstick Universal Pr
1552,81359101,Condenser Kenworth
1553,755CS105,Cross Shaft 9.000in Kenworth
1554,57510321,Coolant/Washer Reservoir IHC
1555,571LB904,Miniature Bulb 904 10pk
1556,755CB313X2,Clutch Brake Hinged 2in 2X Ove
1557,571LD19A6,Marker Light LED 1in X 4in Amb
1558,57790531,Intake Pressure Sensor Cummins
1559,571H6054,Headlamp H6054/2B1 Low/High Be
1560,571LB193,Miniature Bulb 193 10pk
1561,571LB67,Miniature Bulb 67 10pk
1562,5722019,Radiator Cap
1563,577A5349,ABS Sensor Kit Straight Head 7
1564,5724001,Engine Oil Cap Volvo
1565,573A227JH,J-Hook Ratchet Strap 2in X 27f
1566,5792020BL,Folding Creeper / Kneeling Pad
1567,573FSW2,Strap Winder
1568,573W1209ASMOE,Whiting Roller End Hinge Assm
1569,573FW4,Weld-On Winch - Combo - Low-Pr
1570,5681016,LANDING GEAR BRACE 28IN-40IN
1571,571CT05095,12in Solid White 5 Strips 5yr
1572,5681018HD,Landing Gear Sand Shoe Axle HD
1573,57746316,COOLANT LEVEL SENSOR
1574,571LB1157,Miniature Bulb 1157 10pk
1575,57790552,Ambient Air Temp Sensor Cummin
1576,571G2009L,Gloves - Nitrile-Coated Palm L
1577,577A7130180,ABS Sensor Extension Wabco Typ
1578,571LD601A18K,Turn Signal Kit 6in Midship LE
1579,571LD962WL6,Work Lamp LED Rectangular Spot
1580,571LD60CR24K,S/T/T Light Kit LED 6in Oval C
1581,571PT104,Pigtail 2 Wire
1582,83052301R10-10-BGC,A/C SEAL
1583,A3711363-001,"FLT LEAF SP, 9.5K, 1 INCH OFS"
1584,A83041,Gabriel Shock Absorber
1585,A83905,Gabriel Cab Shock Absorber
1586,A2080241-001,BELT_10PK POLY RIB X12
1587,81649516,Continental Elite Tensioner As
1588,8154080830X,Conti Extreme Poly-V Serpentin
1589,M1117,Trunnion 4in X 4in Mack
1590,KP149K,Fifth Wheel Bushing Kit Jost
1591,KB321UB,Stabilizer Bushing Poly Kenwor
1592,HLK2394,Universal Latch Handle
1593,HLK2191,Handle LH Volvo
1594,HLK2181K,Battery Box Latch Kit Mack
1595,HLK2590,Door Striker Mack
1596,KP207TC,Fifth Wheel Pin Puller Univers
1597,AB1DK23H9640,Air Spring Rolling Lobe
1598,AB1DK23L8852,Air Spring Rolling Lobe
1599,AB1DK28GA213,Air Spring Rolling Lobe
1600,AUBK8164182,U Bolt Kit RND 7/8in X 4in X 1
1601,AUBK8151134,U Bolt Kit 3/4in X 3in X 13-5/
1602,A85001,Gabriel Shock Absorber
1603,A85045,Gabriel Shock Absorber
1604,BL01CH24DP,Cherry Perfume Block 1.62oz
1605,ABSP3B22R7996,Air Spring Triple Convoluted
1606,AUBK8264104,U Bolt Kit Square 7/8in X 4in
1607,AB1DK23J9644,Air Spring Rolling Lobe
1608,AB1DF23I-P1067,AIR SPRING ROLLING LOBE
1609,A85738,Gabriel Shock Absorber
1610,MHS641761,Shackle Hanger LH Hendrickson
1611,MR828UB,Silent Block with Pin Poly
1612,MHS225,Auxiliary Spring Hendrickson
1613,MHT2033,Bolt Kit Hendrickson/Trailer
1614,MHSK485,Axle Set Hendrickson NXT
1615,M17445,Motor Mount IHC
1616,M5425,Spring Pin Western Star
1617,M2038527,Fuel Tank Isolator 7 Ft IHC
1618,M1246,Hanger-Obsolete Hendrickson
1619,M1500,"TUNDRA 1500W INVERTER, TRUCKIN"
1620,M5177,Flange Bolt Metric 8mm-1.25 X
1621,M75750,Fuel Step 750mm Peterbilt
1622,M5401,Flange Bolt Metric 12mm-1.75 X
1623,M1523,Side Bar Inner Ottawa
1624,TMR553E,Torque Rod FRG 25.560in Poly P
1625,PHI171487,Tender Kit 20in HD Spring U-Bo
1626,PRX01010CTN,Fifth Wheel Lubricant 2 oz 4x6
1627,MVT5,V Rod Offset Volvo Wishbone
1628,PHI17180,QWIK-CLAMP Airpower Assy Clamp
1629,SF06VN12DP,Spray Fresh 4 in 1 Deodorizing
1630,PHI12450623,Swinger Gladhand Service 45 De
1631,PHI232630,Liftgate Cable Dual Pole Y Ada
1632,MR624UB,Silent Block CH-CX-CI Poly
1633,PHI343000288,Trailer Harness ABS - SLIM-7&t
1634,NEP60281,U Joint - 1810 Series - BP Typ
1635,4302398,"HARNESS,ETR CNT MDL WRG"
1636,4101150,"GASKET,CONNECTION"
1637,4076420,"SEAL,O RING"
1638,TRB6205E,Axle Connect D-Pin Bushing Pol
1639,4356366,"SEAL,VALVE STEM"
1640,4309498,"KIT,EXH RCN COOLER"
1641,4938761,"GASKET,EXH GAS RCN VALVE"
1642,4962608,"CAP,FILLER"
1643,4999834,"LEVER,ROCKER"
1644,4941869,"TUBE,CPR WATER OUTLET"
1645,5308313,"VALVE,DOSER FLUID SHUTOFF"
1646,5398279,"GASKET,CONNECTION"
1647,5658098,"SEAL,O RING"
1648,5410516,"KIT,FILTER"
1649,5626390,"EXTENSION,IGNITION COIL"
1650,6317537,"TUBE,CPR WATER OUTLET"
1651,5484037,"CONNECTION,EXHAUST OUTLET"
1652,5491994,"SENSOR,POSITION"
1653,5525525,"TUBE,INJECTOR FUEL SUPPLY"
1654,5529514,"GASKET,CYLINDER HEAD"
1655,5550059,"KIT,SPEED SENSOR"
1656,5579381,"KIT,CON ROD BEARING"
1657,5521188,FLEXPLATE
1658,FGFF63009,<NEW DESCRIPTION>
1659,FS19596,"PAC, FS"
1660,CV50626,"ELEMENT,CV"
1661,CV50634,"ELEMENT,CV"
1662,129859,"ELBOW,MALE UNION"
1663,129768,"SPRING,VALVE"
1664,113110,"SHAFT,THROTTLE"
1665,STOP01-MON,STOP-STANDARD TARP STOP
1666,190397,CLAMP
1667,148-1145,REGULATOR-LPG VAPOR
1668,3004258,"PLUG,EXPANSION"
1669,212-1286-S0,BLOCK ASSY-GEN BRUSH
1670,2865063,"HOSE,FLEXIBLE"
1671,2883309,"SEAL,FRONT COVER"
1672,2872467,"SENSOR,TEMPERATURE"
1673,2864516,"HARNESS,ETR CNT MDL WRG"
1674,3046943,"SEAL,O RING"
1675,3068473,"GASKET,CAM FOL HOUSING"
1676,3056155,"STUD,DOUBLE END PLAIN"
1677,3033247,"SEAL,O RING"
1678,3175658,DUCT
1679,3893690,"GASKET,HEATER HOUSING"
1680,3684342,"WASHER,SEALING"
1681,3820667,"HOSE,PLAIN"
1682,3678756,"SEAL,O RING"
1683,3683814,"SEAL,O RING"
1684,3686839,"CLAMP,T BOLT"
1685,3690535,THERMOSTAT
1686,3937111,"SEAL,OIL"
1687,3935181,SENSOR
1688,3964647,"TUBE,AIR TRANSFER"
1689,3939352,GASKET OIL SUCTION CNXN
1690,3944163,"BEARING,CRANKSHAFT THRUST"
1691,3949708,"SEAL,O RING"
1692,3920780,"SCREW,HEX FLANGE HEAD CAP"
1693,3924027,"TUBE,FUEL DRAIN"
1694,3969822,"CONNECTOR,QCK DISCONNECT"
1695,10230,RAD CAP
1696,238804,RADIATOR
1697,MK580536,"MIRROR STAY,102,LH,F"
1698,PNSEV332,HORIZONTAL MOUNT
1699,PNSTSL4,CB ANTENNA KIT
1700,RCACL2066,"CLUTCH - CCI YORK 6 GR, 1"
1701,PH2214P44,ELBOW NIPPLE
1702,PH209P128,1/2-3/4 BUSHING
1703,RCEVA1217,EVAPORATOR
1704,RCMF2436C,MUDFLAP
1705,RCRAD14605,ALUMINUM INDUSTRIA
1706,SNV451028,"HOSE, AIR HOSE, 3/8, BULK"
1707,RCFLY1810855C93,"FLYWHEEL,NAV.,14 FLAT DT4"
1708,RCRD11110,RECEIVER DRIER - OEM
1709,SNV453218,"HOSE ASSY, 3/8 X 18, 3/8"
1710,SNV453232,"HOSE ASSY, 3/8 X 32, 3/8"
1711,RCMFB30SS,HANGER 30 TAPERED SS
1712,SP10892520AM,INSTALLATION 1552 EP2000
1713,STM4530223,P TRF 25K 4.16 BLK IRON H
1714,STM3303040,HUBCAP SEAL
1715,STMK131R,QWIK KIT KING PIN KIT
1716,SP5165X,UNIVERSAL JOINT
1717,TDA2210V7484,CAMSHAFT (RH)
1718,TDA2210K8825,CAMSHAFT/RH
1719,TDAR803116,SLACK ADJ
1720,TDAR002088A,KIT-BK REP MIN
1721,TDAM807026,PREMIUM ASA
1722,TDAR004967L,STUD-L.H.
1723,TDAR008972L,STUD-L.H.
1724,TL50208,96 RH S/T/T AND SIDE MARK
1725,VEL035037,DUMMY COUPLING NON-VENTED
1726,VEL148048,AIR HOSE ASSEMBLY 1/2 X 3
1727,WCM53000069001,"TIE ROD ASY,"
1728,WEB56864B,BRAKE DRUM
1729,VEL05600550,RING TNG 16-14 VYL/BLU 8-
1730,WEB61528B20,PALLET OF 61528B
1731,TRB3820,TAPER CUP
1732,WUR0893241002,ROST OFF MAX ICE
1733,VEL017901,"RUN TEE, PSH-LK, BRS, 3/8"
1734,WAB4410309102,WHEEL SPEED SENSOR KIT -
1735,VEL05507010,"C&S STP DWN SPLC,16-14,12"
1736,VEL090067100,7 BLACK NYL CABLE TIES 10
1737,VEL600168,4 FEMALE NON-VENTED NON-L
1738,VEL590264,SINGLE POLE CHARGING CABL
1739,CHR43752,SCOTSEALS
1740,CHO226502QUART,"ATF MD-3, 10W"
1741,DNP158678,"AIR FILTER, SAFETY"
1742,DNP165675,"HYDRAULIC FILTER, SPIN-ON"
1743,DNDBA5290,"AIR FILTER, PRIMARY DONAL"
1744,WUR189082194,ULTRA GREY SILICON-3.5 OZ
1745,DNP550726,"LUBE FILTER, SPIN-ON FULL"
1746,DNP606803,"AIR FILTER, PRIMARY RADIA"
1747,FGFS19837,FUEL SEPARATOR SPINON
1748,DNP608665,"AIR FILTER, PRIMARY OBROU"
1749,DNP608676,P/CORE PSD10 250MM AIR FI
1750,FGAF26124,AIR FILTER-OPTIAIR PRIMAR
1751,FGFS20075,FUEL SEPARATO STRATA CART
1752,FGFS53000,FUEL WATER SEPARATOR
1753,DNP551808,FILTER
1754,DNP629543,"AIR FILTER, PRIMARY ROUND"
1755,FGFF203,FUEL FILTER BOX STYLE
1756,DNP174247,"HYDRAULIC FILTER, CARTRID"
1757,FGFF5301,FUEL FILTER SPIN-ON
1758,FGAH8505,DISPOSABLE HOUSING UNIT
1759,DNP822858,"AIR FILTER, SAFETY RADIAL"
1760,DNP550047,"LUBE FILTER, SPIN-ON FULL"
1761,FPDFP5120224,EXHAUST MANIFOLD GASKET
1762,FGUF104,SCR UREA
1763,DNP550518,"LUBE FILTER, SPIN-ON FULL"
1764,DNP550785,F/W SEPARATOR CARTRIDGE
1765,DNP553712,"LUBE FILTER, SPIN-ON FULL"
1766,DNP181007,"AIR FILTER, PRIMARY ROUND"
1767,FGAF56060,AIR FILTER
1768,DNP182054,"AIR FILTER, PRIMARY FINNE"
1769,DNP782109,"AIR FILTER, SAFETY RADIAL"
1770,DNP235797,"CONNECTOR, FLANGE 5 IN (1"
1771,DNP560526,"HYDRAULIC FILTER, CARTRID"
1772,DNP550020,"LUBE FILTER, SPIN-ON FULL"
1773,FGAF4878,AIR FILTER
1774,DNP502069,"LUBE FILTER, SPIN-ON FULL"
1775,DNP550446,"FUEL FILTER, IN-LINE"
1776,DNP550904,"FUEL FILTER, WATER SEPARA"
1777,DNP527680,"AIR FILTER, SAFETY RADIAL"
1778,DNP533559,"AIR FILTER, PANEL VENTILA"
1779,DNP550901,"FUEL FILTER, WATER SEPARA"
1780,DNP612815,"AIR FILTER, PANEL VENTILA"
1781,DNP550938,"LUBE FILTER, CARTRIDGE"
1782,DNP609221,"AIR FILTER, PRIMARY KONEP"
1783,DNP606062,"AIR FILTER, PANEL"
1784,HDRVS25224,"VALVE, 3-WAY, AUTO-RESET"
1785,GRO55162,"STT LAMP, 4, RED, LED, RO"
1786,GRO54233,"STT LAMP, YELLOW, LED, SI"
1787,GRO66931,HARNESS
1788,GRO60411,"AUXILIARY LIGHTING, WHITE"
1789,GRO45413,DURAMOLD
1790,GRO471223,"CLR/MKR LAMP, 2.5, RED, S"
1791,IS40910,FLANGE NUT 3/8 16
1792,1450-3299941X,KIT-SERVICE-SEAL GROUP
1793,3086523,PIN
1794,341305,"PUMP,LUBE"
1795,466987,FUEL FILTER
1796,3431051,COMBINATION
1797,360466,"PLATE,SPACER"
1798,3081168,RESERVOIR
1799,3081539,"SWITCH,DOOR INTERIOR LAMP"
1800,3081733,"SPRING,ACCELERATOR RETURN"
1801,24831490,LABEL
1802,3968162,FUSE
1803,900021HP,"GEAR,MD"
1804,7170-86X,MOUNTING KIT
1805,917-5506,Dipstick
1806,96-1269,Taper Spring
1807,602-5409,Wiper Arm
1808,8069185,GASKET
1809,72314,"SUSPENSION STRUT,STRUT"
1810,888-5501,Headlight
1811,841925,Oil Pump
1812,A1320011-001,SENSOR_COOLANT LEVEL
1813,880878,TENSIONER
1814,04-481442,Camshaft
1815,8397200,FLANGE LOCK NUT
1816,8397695,NUT RETAINER
1817,A1031015-001,"OIL FILL TUBE ASSY,ACX,ISX"
1818,806810,HUB
1819,620600,V-RINGS-NON-STOCK
1820,482TW2BR,CLEARANCE LAMP
1821,631416,"GASKET,V.C."
1822,65174,MAGNUM SHOCK
1823,70544,C5D HIGH-TEMP MULTI-FLUID HOSE
1824,708300,Mirror Head 2010 West Coast RH
1825,A5121012-001,DOOR CHANNEL REAR
1826,EM23820,CAM
1827,A2040183-001,ELBOW SILICONE 2.75IN
1828,A3711290-002,"FR SUSP FR HNGR LWR,RH,ACX"
1829,A3711282-002,HANGER-FR SUSP-UPR-RH-ACX
1830,A6151067-001,BRACKET PIPE MANIFOLD
1831,A2860183-001,PIPE-FR #20 ORFS-TO
1832,A8360067-001,HEADLAMP_ROUND LED
1833,A3811041-001,SWITCH_HORN CONTACT ACX
1834,EE70910,"KIT,BEARING"
1835,A4930086-001,BOOM CONTROL LEVER ACTT
1836,KN34130,VALVE TRACTOR PROTECTION
1837,GSF-0621,FORK
1838,FTK-3422,"TANK,RECOVERY"
1839,A2040166-001,"ELBOW, RAD HOSE"
1840,A6291010-001,FITTING
1841,A2351426-001,PIPE_X12 EXHAUST TURBO OUTLET
1842,TB-78,BUSHING
1843,334-315,Bolt Assy
1844,327-101,Bolt
1845,180122,"PUMP,FUEL"
1846,132058,"KIT,GASKET,UPPER"
1847,15324981,SEAL CABLE 1W M/P
1848,11544,CLAMP HOSE
1849,SLN-105,Lock Nut
1850,DN-125,U-Bolt Nut
1851,14-010026,PUMP
1852,131657,"GASKET,HSNG."
1853,022-00407,"THREE-HOLE HINGE, GREAT DANE"
1854,210144-1X,CENTER SUPPORT BRG
1855,103530,PRE-HEATER - METRIC PACK CONN
1856,2-4-503,END YOKE
1857,1939623TT,SAFETY LATCH HANDLE ASSY TGL34
1858,1904PK,POP RIVET
1859,20551222USTP,USED MP7 OIL FILTER HOUSING
1860,1873906C1-143,FILTER ORING
1861,2401070ARD,RADIATOR
1862,25-210661-1X-HAY,CENTER SUPPORT BEARING
1863,20577308,WIRING HARNESS
1864,20895320,TURN SIGNAL
1865,20915181,WIRING HARNESS
1866,20937141,HOSE
1867,1304930,T-PIPE
1868,20437999,WIRES
1869,20446686,SUPPORT
1870,MID40010211,SLACK ADJ
1871,20778732,BRACKET
1872,20457158,LOCK KIT
1873,TRBSET414,SET
1874,1626599,PUSH ROD
1875,SP211987X,SET
1876,23093472,SHIELD
1877,22369505,TERMINAL
1878,23795057,BUG SCREEN
1879,23836104,COVER
1880,23098051,WIRES
1881,23054122,LOCK KIT
1882,21749559,BUNK RESTRAINT
1883,23214598,BRACKET
1884,23961722,V-RIBBED BELT
1885,23961779,V-RIBBED BELT
1886,RCGHA15SR,LOCK
1887,20589266,COVER
1888,23962303,BELT
1889,23961868,V-RIBBED BELT
1890,22239592,COOLING COIL
1891,22621936,CABLE SEAL
1892,TL10401,GROMMET
1893,20435310,BRACKET
1894,21624547,DOOR PANEL
1895,LOC81850,PX WEATHERSTRP ADH BLACK
1896,24071073,TRIM MOULDING
1897,21627080,HOSE
1898,23488801,LOUDSPEAKER
1899,22772721,DIPSTICK
1900,MON66886,SHOCK ABS.
1901,22047659,WIRES
1902,22782430,BACKREST LOCK CONTROL
1903,23661142,BUMPER
1904,24135997,LEVEL SENSOR
1905,SP5677X,U-JOINT KIT
1906,24283117,OIL FILTER KIT
1907,24401674,SHIELD
1908,STM91792B,BRAKE DRUM
1909,20999364,PIPE
1910,20499003,BRACKET
1911,21488783,TRIM PANEL
1912,20501412,BELT TENSIONER
1913,21530419,SPRING CLIP
1914,23962317,BELT
1915,20915062,WIRING HARNESS
1916,20374399,LOUDSPEAKER
1917,21600349,LAMP
1918,24433465,HUB CAP
1919,276816,CYLINDER HEAD GASKET
1920,LOC24240,PX BLUE THREADLOCKER 242
1921,TL21001R,LAMP
1922,20395369,BRACKET
1923,SP5110X,BOLT KIT
1924,23207346,WIRES
1925,3099006,KIT
1926,23350314,SPLASH SHIELD
1927,22005-5039,FILTER CARTRIDGE
1928,PHT8607702,ENGINE HEATER - 1500W 120
1929,23841445,SEAT CUSHION
1930,85134286,HOSE ASSEMBLY
1931,FUL55508,HOSE AY
1932,FUL84005,CONNECTOR
1933,GUNAS1141,SLACK ADJUSTER
1934,82716516,WASHER FLUID RESERVOIR
1935,FUL84004,CONN
1936,84736398,CROSSBAR
1937,969161,FUSE
1938,84731293,CURTAIN
1939,85145874,COVER
1940,BW107515N,KIT
1941,DNP554005,"LUBE FILTER, SPIN-ON FULL"
1942,84753298,LATCH
1943,85104947,HEATING COIL
1944,85116364,KIT
1945,DR61003775,STARTER MOTOR
1946,85151444,VALVE
1947,825923,GASKET
1948,85149837,WIPER BLADE
1949,FGLF9009,OIL FILTER
1950,84904639,CRASH PAD
1951,85123231,AIR COMPRESSOR
1952,GRO66910,WIRING HARNESS
1953,82749643,LATCH
1954,85106702,HUB CAP
1955,FUL4302435,GEAR
1956,FUL4300854,GASKET
1957,BOS2343083552,T910 HI GRY BC R&L ARM
1958,84542519,GLASS
1959,85106789,VALVE
1960,85120279,TUBE
1961,BDKP81622,LOCTITE 242 THREADLOCKER
1962,FULK3128,KIT
1963,BDLG1017,"3/16X1/8-18 90DG ELBW, P"
1964,85108335,KIT
1965,84722767,BRACKET
1966,82737549,INTERIOR LAMP
1967,DNP550777,FILTER
1968,BW234100N,DIAPHRAGM
1969,85132451,SEALING RING
1970,FGFF5369W,FILTER
1971,FUL14317,RETAINING RING
1972,FUL21342,SPACER
1973,FULA3697,KEY&PIN AY.
1974,85104371,BEARING KIT
1975,85151434,VALVE
1976,78510982,HOSE ASSEMBLY
1977,3944650,CABLE TERMINAL
1978,78548833,CHASSIS FAIRING
1979,3132980,SEALED BEAM
1980,3130892,CLAMP
1981,78551454,SUPPORT
1982,8083386,RING RETAINER
1983,3966795,GOVERNOR
1984,3948545,SEAL
1985,8170515,GASKET
1986,8073054,V-CLAMP
1987,78613749,GRILLE
1988,82486819,CHASSIS FAIRING
1989,3948980,HEATER KIT
1990,52059-5003,AIR BAG
1991,8141219,GROMMET
1992,CHL379652,INDICATOR SWITCH
1993,CHL328273X,BRNG CAP
1994,BW813445N,HARDWARE-CAM HARDWARE KIT
1995,JSTSK7206812,ROUND SPACER (SHIM)
1996,LOP10702,SYNTHETIC SAE 20W-
1997,MBL122047,M-DELVAC 1GO 75/90 PAIL
1998,LNAVI555J,ALTERNATOR. DUAL INT FAN 170AM
1999,PEN4516,11 OZ PENRAY PR3 WRNCH-EZ
2000,PEN5301,11 OZ PENRAY STARTING FLU
2001,3679-98003Y,REFLECTORS SCREW ON-AMBER
2002,3679-PF00273,PKR PRESTOLOK COMP UNION
2003,3912-994167,ROTARY AIR UNION ASSY
2004,3946365,NUT RH
2005,3948712,AIR FILTER
2006,3679-KP60781,1/4TX1/4P PRESTOMATIC A/B
2007,3919173,BULB
2008,3679-PF00054,PKR PTCR DOT EL 90DEG -4
2009,3963413,RING
2010,4000-021867007,3/4-16UNF 6.00 BOLT
2011,3679-C24721,"ELB 45DEG, 37DEG FEM SWVL"
2012,4000-48411006,TORQUE ROD COMPLETE
2013,4000-58343001,"PLATE,SADDLE"
2014,4095-OTC6915,382 FUEL FILTER WRENCH
2015,1000-ACC1281,DENSO 10S15C AFT 8 GR 140
2016,1000-ACT5302,CAP - ASSORTMENT KIT
2017,1000-ACC3415,SANDEN AFT COMP 8 GR 130M
2018,1000-BM64316,BLOWER MOTOR - OEM - FLAN
2019,1000-ACT4308,VALVE CORE - M10 10 PER B
2020,1000-ACC3609,SANDEN SHD COMP 6 GR 125M
2021,1000-ECA7230A,ELECTRIC SOCKET
2022,1000-MFB30SS,HANGER 30 TAPERED SS
2023,1000-CAF0436,AIR FILTER - CABIN
2024,1000-HL89HB,"8 LED HI-POWR HEADLAMP,4X"
2025,1000-SAF4000MK,SINGLE AXLE MNT KIT
2026,1204-RNT370025A,OIL BATH SEAL
2027,1204-380031A,TEFLON SEAL
2028,1118885,SHIM
2029,1000-CLU20839174,"CLUTCH,15.5X2,10SPR 4PDL"
2030,1000-RD11114,RECEIVER DRIER - OEM
2031,1000-EV01030,EXP. VALVE - BLOCK-STANDA
2032,1000-ECA61SG,PLUG
2033,10088,HUB OIL
2034,1000-CLA6205M,PILOT BEARING (RUBBER SEA
2035,1000-CML55R,"M/C LGHT, 2.5 SLD, RED, P"
2036,1000-CON0655,CONDENSER
2037,1000-CON1021,CONDENSER
2038,1000-GH11U,LOCK
2039,1000-CON1421,CONDENSER
2040,1000-CAF1031,AIR FILTER - CABIN
2041,1000-ALT8719,ALT-DR 24SI HP 160A/12V
2042,1000-CML57A,"M/C LGHT,2.5RFLX, AMB, PL"
2043,1000-EC157ABS,COIL
2044,1000-SWI6068,SWITCH - RESISTOR
2045,1000-ACC3413,SANDEN SHD COMP 8 GR 119M
2046,12AX126F,SEAL
2047,12AX129P150,SEAL
2048,1450-329648X,ASSEMBLY-AIR CONTROL VALV
2049,250-8220,SVC MONITOR 7.0 HDTY RSV
2050,3-28-367,TUBE YOKE
2051,381250E,TENSIONER
2052,3800,FHP LOW HORSE-POWER V-BELTS
2053,360512,Fly Wheels
2054,122205,MOBIL 50W SYN TRANS
2055,3940782,BRACKET
2056,M5720-LG,MACK 60's RETRO T-SHIRT
2057,M4847-LG,MACK MAROON BOYS LONG SLEEVE
2058,M5323-MD,MACK LIFE IS GOOD T-SHIRT
2059,1450-524XTASXVXV,PTO
2060,1381-0205310C,HUB CAPS KIT FOR AL WHEEL
2061,M5326-MD,MACK LIFE IS GOOD T-SHIRT
2062,599-5511,Climate Control
2063,72191,"SUSPENSION STRUT,STRUT"
2064,845050,VALVE-SOL
2065,900172,"KIT,PINION"
2066,8397264,LOCK NUT
2067,904-5520,HYDROCARBON DOSING MODULE
2068,55-1207,Spring
2069,A1440058-001,Autocar Instrumentation_Ametek
2070,900024HP,"GEAR,M'SHAFT"
2071,803947,"REGULATOR,R/H"
2072,831128,SPACER GASKET
2073,806832,"GEAR,COMPOUND"
2074,708731,"ASSY, LH SINGLE PANE MIRROR HE"
2075,480220,PUMP-SUPPLY
2076,5505,"SHOCK ABSORBER,AMORTIGUADOR"
2077,559,Timken - Tapered Bearing Con
2078,6-3-2671KX,SLIP YOKE ASSY
2079,5287,Timken - Seal Kit - 5287
2080,6-28-467,TUBE YOKE
2081,FMP380025A,OIL BATH SEAL
2082,A2390137-001,Autocar 5/8In Cntrl Vlv For Sc
2083,A3250040-001,SIGHT GLASS
2084,APL-101249,BLOWER ASM KIT
2085,A3891202-002,CYL_STR LH 2 X 17 1/8 INCH
2086,A6281041-001,WINDSHIELD_WIPER ASM ACX
2087,GCY-6113,YOKE
2088,GE286250BO01,LOCKNUT FLANGE 1/2-13 UNC
2089,KITRPR6000R,5TH REPAIR KIT - RIGHT HAND
2090,ISM102-017,"KIT,ENGINE"
2091,A2080173-001,CLUTCH-DMA2S SE 21-CUM-195.00-
2092,A6151036-008,HOSE_AC SIZE 8 0-90 DEGREE
2093,A6721029-001,PIN
2094,IS71172,SEAL-A-CRIMP BLU 10 SPADE
2095,IS71156,SEAL-A-CRIMP BLU12-1/4 RG
2096,IS73505,HAIRPIN COTR .148WDX2.93
2097,IS74847,RUBBER CUSH CLIP 3/4D
2098,IS70377,UNIV CLEVIS 1/2X2 1/2
2099,IS73811,DEUTSCH LOCK SECONDARY 3
2100,IS70425,CLEVIS PIN 1/2X1-3/4
2101,IS61383,PH PAN SMS 10X3/8
2102,IS73810,DEUTSCH LOCK SECONDARY 2
2103,IS76507,COPPER WASH 3/8IDX5/8OD
2104,IS74242,BLK HEAT SHR K 3/4X6
2105,IS90338,PIPE HX NIP 3325X2
2106,IS69156,TEK SCREW 10X3/4
2107,IS90370,PIPE 45 ST E 3350X2
2108,IS72185,FUSES ATO 15
2109,IS75131,SPLIT LOOM 3/8X100
2110,IS90742,A/B INSERT 5/8 - S/S
2111,IS34444,PH PAN MCH 10-32X1/4
2112,IS17176,HX CP PL SAE 7/16X2 8
2113,IS29106,ELEV SCR PL 1/4X1-1/2
2114,IS37355,STR CONNECTR 3/16X3/16
2115,IS17229,HX CP PL SAE 9/16X3-1/2 8
2116,IS18196,SKT CAP 1/2-13X1
2117,IS12627,FLAT WASHER M20 HARDENED
2118,IS12570,LOCK NUT M6-1.00
2119,IS12574,LOCK NUT M12-1.75
2120,ATRFW9932401,5TH WHEEL BUSHING KIT
2121,ATRCM9661666,CAB MOUNT BUSHING
2122,ATRMM9662002HT,"ENGINE MOUNT, FRONT (SNUB"
2123,BD238292,6-8 STUD-12-10GA GABUTT C
2124,BD23086,TERM-BOWMA-CRIMP .250 TAB
2125,BD241501,NO. 44 WORM GEAR CLAMP PR
2126,BD24151,NO. 48 WORM GEAR CLAMP PR
2127,BD241491,NO. 36 WORM GEAR CLAMP PR
2128,BD110911,"ADAPTER, BRASS PIPE, 3/8"
2129,ATRPL1119,TORQUE ROD BUSHING
2130,BD10742,"NUT, NTA AIR BRAKE, DOT,"
2131,BD2022110,"ALL SEASON WIPER BLADE, 2"
2132,BD23847,TERM- BOWMA SEAL 12-10 GA
2133,23043446,SEAL-O-RING
2134,257000981,DELO 10W30XLE
2135,2501-04-04,MJ x MP 90° - Male Elbow - Ste
2136,2504,SYNCHRONIZER ASSY
2137,20705941,GASKET EXH MNFLD
2138,2400097,OS-RAD MACK CH
2139,23015799D,BEARING
2140,27184,1/2X1/2 PSH CONN M CONN
2141,277-HSF,HALF FENDERS
2142,29535223,SPACER
2143,29536722,SOLENOID ASM
2144,29506484,PRESS SWITCH
2145,2125PPDC,127808N Brake Camshaft Kit
2146,274-364-306-015,RELIEF VALVE PRESS
2147,2836,MACK SNAP RING GRI-2836
2148,2731,SNAP RING GRI-2731 97AX152
2149,29536742,GASKET-RETARDER
2150,29542920,GASKET-HD CHANNEL
2151,BD3M04029,"3M HAND PAD, 7447, AO VER"
2152,BD7506,"TAPE, ELECTRICAL, 3/4 X 6"
2153,BD8692,FUSE HOLDER ATO PLUG-IN 1
2154,41807A,4 OD STACK 18
2155,370-53272,"STT LAMP 4, RED"
2156,3400X2,1/8 STREET ELBOW
2157,3407NA,3M FRICTION TAPE
2158,3644,FUEL FILTER
2159,3922X-018WKS,BRAKE DRUM
2160,568622,SHAFT GUARD
2161,514-9978,50 AMP REVERSING CONTACTOR
2162,6500-16-16,MJ x FJX 90° - Swivel Nut Elbo
2163,503579C1-END,BUSHING BONDED
2164,6500-20-20,MJ x FJX 90° - Swivel Nut Elbo
2165,5983,WASHER GWA-5983 223KD316A
2166,62010,GAS INJECTION VALVE
2167,5TP99,OILDRI (bucket)
2168,50-2740,HOSE CLAMP
2169,61841,M14 X 2.0 NUT CLASS 10 ZINC
2170,5100670,POLY RIB BELT GOLD LABEL
2171,1586913GCK,3/4-10 FLANGE LOCK NUT
2172,75130-135,SCOTT SHOP TOWELS BLUE
2173,6837102,FLAT WASHER
2174,74R3357,DRIER
2175,727622,HEAT SHRINK
2176,6V6353,SEAL O RING
2177,70R8068,FITTING
2178,6594,BEARING GBG-6594 46AX516
2179,57455BGC,IN-LINE FUSE HOLDER
2180,5051220,CLAMP
2181,663012002181,MYSTIK JT-8 PRM SYN BLND 5W30
2182,17091-14,1-1/4 BALL VALVE
2183,5991,WASHER GWA-5991 233KD25
2184,690825050FN0810,PEAK FINAL CHG NOAT 5050 DR
2185,6-00715,CLUTCH ARM
2186,ME230761,COOLANT TEMP SENDING UNIT
2187,MH002330,"STUD, TURBO PIPE"
2188,MC810635,WHEEL OUTER NUT
2189,BF5813,Pri. FWS Spin-on with Drain
2190,RS4642,Radial Seal Outer Air Element
2191,QC000524,"GASKET,EXH MANIFOLD,"
2192,QC000719,"*TENSIONER,FAN BELT,"
2193,PF46081,Fuel Element
2194,4303603,WASHER EF10540
2195,4300384,WASHER EF10570-259
2196,4324711000,DRYER W/PRG TNK
2197,4777137350,WIRE - PAD WEAR INDICATOR
2198,47820,Timken - Tapered Bearing Cup
2199,53403E0010,BRACKET - HOOD HINGE - RH
2200,45822,2 IN. CLEARANCE MARKER LIGHTS
2201,5568545,O-RING-5568545
2202,80369,ANTI-SMOG/PCV HOSE 11/32 Len
2203,69005E0570,CYLINDER & KEY SET (RH) 2KEYS
2204,88362E0010,PLATE - SEAL
2205,88474EV010,DESICCANT PK -DRYER COOLER A/C
2206,81560E0491,LAMP ASSY- RR COMBINATION LH
2207,8980493140,MIRROR ASM;O/S
2208,8981223720,CLIP; AIR DUCT
2209,90-70-28X,BEARING STRAP KIT
2210,89458E0050,SENSOR - FUEL PRESSURE
2211,8976049160,"GASKET;SLEEVE,N"
2212,8984849200,WEATHERSTRIP;FR
2213,9046710162,CLIP
2214,8970668390,"LENS; T/SIGNAL,"
2215,8971073482,ROD END; TIE RO
2216,8973297800,"SEAL; OIL,CR/SH"
2217,8941625750,SHIM
2218,8943946710,GASKET; OIL PIP
2219,BPD-S-HINO,PREPAID OIL ANALYSIS KIT
2220,KIT4007,KIT IAD GEAR
2221,SH56241045,BOLT-FLANGE
2222,0286808250,BOLT; RELAY BRK
2223,16572E0380,"""HOSE,RAD LOWER"""""
2224,103153DAV,FILTER -SENSOR WTR IN FUEL 243
2225,1076656,SEAL
2226,0903014060,"NIPPLE,GREASE,S"
2227,12180E0010,CAP SUB-ASSY OIL FILLER
2228,12207EV140,CASE SUB-ASSY - OIL SEPARATOR
2229,14197,"""BOLT,RR CALIPER"""""
2230,1227D940,NUT
2231,SZ92018008,FLANGE
2232,SZ30131014,O-RING
2233,SZ43008013,GASKET
2234,320,48In Bubblestick
2235,8941566080,GSKT;CNTR PLATE
2236,8971489643,PIPE INJECTOR
2237,8944275024,"PIN;WHEEL,REAR"
2238,8971255311,SENSOR; LEVEL
2239,170-70-18X,UNIVERSAL JOINT STRAP KIT
2240,1780178100,"""FILTER,AIR"""""
2241,17N32651XMXL,SLIP YOKE-MXL
2242,ATRPB5026632,PIVOT BUSHING KIT
2243,BD11090,"COUPLING, BRASS PIPE, 1/8"
2244,BD110902,"COUPLING, BRASS PIPE, 3/8"
2245,ACR28615SP,ALUM-28615SP 225X825 STA
2246,ATRCB38011,CENTER BUSHING KIT
2247,ATRHS11000,JOUNCE STOP
2248,BD24145,NO. 8 WORM GEAR CLAMP PRO
2249,BD23433FT,PRIMARY WIRE X-LINK 16GA
2250,BD10860FT,"AIR BRAKE TUBING, NYLON,"
2251,ATRLP5024179,BOLSTER SPRING KIT
2252,ATRTS5022210,TORQUE ROD BUSHING
2253,BDKP61667,"HOSE FITTINGS -6, 5/16 ID"
2254,2110588,BEARING - MA
2255,2133096PE,ELEMENT FUEL
2256,2272926PE,"""FILTER,FUEL"""""
2257,BDKP60781,1/4TX1/4P PRESTOMATIC A/B
2258,212-100-3NPT-4,"""OCM 10"""""""" DIA X 25.1875"""""""" NPT"
2259,2501-12-12,MJ x MP 90° - Male Elbow - Ste
2260,29543334,"""HARNESS,TRANS"""""
2261,274-364-306-2,PRESS RELIEF VALVE
2262,29512875,O-RING
2263,29545308,HARNESS 4TH GEN 2500 ALLISON
2264,27191,5/8 X 1/2-14 PTC SWIVEL 90
2265,27207,1/2X3/8 PSH CON 90 DEG
2266,2798,"""CLUTCH,FAN"""""
2267,29543432,"""SENSOR,SPEED TR"""""
2268,25-711,FRONT HANGER UNDER MOUNT
2269,2812WKS,PWR STEERING FLUID 12OZ
2270,264331,"1/2"" LOOM"
2271,29536334,MD C1 FRICTION DISC
2272,29108,CONN
2273,2250947,BOLT-HIGH TE
2274,274-320-083-002,OIL CAP
2275,27187,1/4 X 3/8 PTC MALE 90
2276,274-320-408-016,FITTING STR 3MJ-1/8MNPT
2277,28510P,Rg-2 Style Relay Valve 1/2 Por
2278,BD7373,5 AMP MINI FUSE
2279,BD79567,"WD-40 11 OZ LUB, VOC COMP"
2280,414-800-SPUD,"""FLOAT BALL 8"""""""" SS 5/8 SPUD"""""
2281,400600-250,"4""X6"""" 2 1/2 DEGREE SHIM"
2282,3266R1370,"EES COVER,ALUM."
2283,29545963,O RING COOLER
2284,371-3X8,NIPPLE
2285,420045,SYN 50W TRANSMISSION FLUID
2286,446GC235A,MAIN SEAL ESE-7965
2287,338-876,Pad
2288,36001,4 QT PLASTIC TANK
2289,372-G102-1-20R-4D-A,PUMP
2290,371-2PP,2PIPE PLUG
2291,373909,WASHER
2292,319-804-0007,BH PACKING
2293,29557354,"VALVE ASSEMBLY-SOLENOID, RETAR"
2294,320021X,BEARING
2295,3410N8,HEX NUT
2296,53103PDC,"TURN LAMP,4, YELLOW, TORSIO"
2297,6040078,BUSHING KIT NARROW
2298,51-P-22,PTO LEVER
2299,4N1151CT,GASKET
2300,60X7,CO SLEEVE
2301,5104701,DET 12.7 INJECTOR ORING THICK
2302,4Y9652,GASKET
2303,501845PREV,#8JWX#8JM
2304,62032,#32 CLAMP
2305,550044797F,5GAL PALE EATON 40W
2306,640162,"SIDE DOOR,COMPLETE 2004 VNL630"
2307,640015019PAI,"KIT, BOLT, CYLD HD"
2308,6834129,SPRING RING
2309,501-1216,"144"" ALUMINUM UPPER BENT ARM"
2310,5405-12-16,MP x FP - Increase-Extension C
2311,70742,CURVED RADIATOR HOSE
2312,70R8306,FITTING
2313,70R8706,FITTING
2314,71863,CURVED RADIATOR HOSE
2315,7590TR,SLIDING WINCH DOUBLE L
2316,59-580,Taper Spring
2317,674-6029,Exhaust Bellow
2318,510991,BELT TENSIONER
2319,6801-04-04,MJ x MB 90° - Straight Thread
2320,6V5683,BOLT
2321,730043ATV,RADIATOR
2322,7221,COVER BCR-7221 57KH231A
2323,6294000FTW,BLU DEF
2324,62QS323B,MACK LOCK
2325,665005002032,MYSTIK RED HI-TEMP #2 14OZ
2326,440X4,SAE CAP
2327,48X10X6,FITTING
2328,348410,NUT
2329,3991059C1,"TUBE, 7.5MM ID COOLANT LINE"
2330,48X4,#4X1/8NPT
2331,422-400-1X,GEARBOX
2332,29551556SS,SHIFT SELECTOR
2333,424-050-E5,COUPLER FLEX ELEMENT E5
2334,424-200-E20,COUPLER FLEX ELEMENT E20
2335,331349PAI,GASKET VALVE COVER
2336,372-TS120025120,HOUSING
2337,4671,"2"" MALE PLUG"
2338,3J-1907,SEAL
2339,42AX647,KEY
2340,44X4,UNION TEE
2341,449GC237,GASKET
2342,373810,5/8 WASHER
2343,373906,WASHER
2344,30952,2/0 X 3/8 EYE
2345,3329X2,NIPPLE
2346,405-048011,6X9 SCOTCH PAD
2347,430030P,9# CHOCK
2348,334-1104,Bolt Assy
2349,3400243,CONDENSER
2350,ABPN122WSK4000,WATER SENSOR KIT W/O LITE
2351,85W140HL,GEAR OIL
2352,9008,BULB/H13
2353,90314,3/8 PIPE PLUG
2354,A0101535428,SENSOR
2355,1623424PE,CONNECTOR - TERMINAL
2356,16TDL,B'LASTER 9.3 DRY SILICONE
2357,842052,18665 SEAL
2358,8425,WICH SIDE MTG WELD-ON
2359,A57GK,GROMMET KIT: A-57GB & PLUG
2360,ABPN827620,20 WIPER BLADE
2361,C0314-SA,DPF
2362,BUF1008-1306,W STYLE LANDING GEAR BRACE LU
2363,BWPM38,STUD
2364,ATC20,FUSE
2365,C50000RV-TUL,4/0 red bvattery cable
2366,CRC03196,COIL CLEANER
2367,ATOCCV,AT-ATO-F CCV SQUARE PLUG
2368,C10108,BRACE
2369,CT200L,CLAMP
2370,DD1501001PAI,INFRAME
2371,DDEN000000006663,BOLT
2372,AD6MS-8MP45,MSXMP 45`
2373,AZ5514J10030,RELIEF VALVE
2374,BTE003184,MAINTAINER GAS SPRING
2375,BUF1002-1294,SANDSHOE AXLE MOUNT
2376,BUF121318-ALX,TWIST LOCK HANDLE KEEPER
2377,CT400L,CONSTANT TORQUE CLAMP
2378,AAW-AWT07M2LED1020T,CAMERA SYSTEM
2379,DB11190,"BACK GLASS,PETE"
2380,84254,3/8 AR BRK UNION
2381,84272,1/2 X 1/2 AR BRK CONNECTOR
2382,897,1/2 USS ELAS LOCK NUT
2383,96887,5/8 X 3/8 MALE CONNECTOR
2384,91255,A/B ML BRNCH TEE 1/4x1/8
2385,800-0144DR,BUSHING KIT
2386,78640,CRD92 GEAR SET 24KH1902
2387,9113MAG,MAG ONE BRAKE CLEAN
2388,800052PTV,NEW RADIATOR
2389,9-MFBK,1BOLT 1NUT 3WASHER 4
2390,90557,PIPE ADAPTER 3200X8X6
2391,86730TUL,28 ST/STEEL HOSE CLAMP
2392,84268,3/8X1/4 AR BRK MALE CONNECTOR
2393,811038100B,3/8 AIR LINE
2394,853727-ALX,BOOST PRESSURE SENSOR
2395,880832PAI,FUEL STEERING PUMP
2396,9037791,VOLVO D13/MACK MP8 22877306
2397,801360FIP,MV3 VALVE
2398,924-5823,Air Tank
2399,8439,OIL PAN GASKET
2400,9007LLPDC,HALOGEN LAMP
2401,JH15M4R30,"4""X30' RATCHET W/ J HOOK"
2402,JDC505A,CAT/PERKINS DIAGNOSTICS CABLE
2403,KF2-700-250-RH,A-FRAME RH 100SET
2404,K1880X4X4,FITTING
2405,FA68115,3/4-10X2 HEX CAP SCREW GRADE 8
2406,HV05252,WALVOIL ARM VALVE
2407,GA4C5E-HAY,"3/16"" Double Braid Hose"
2408,GA6C5E-6RFSX90,5/16 REUSABLE COUPLER 90 DEG
2409,GA10C5-10RFJSX,#10 REUSABLE
2410,GWON42100,GLOVEWORKS ORANGE GLOVES SM
2411,FP1822379,"MAIN BEARING, THRUST STD"
2412,H10106,HOSE
2413,FL0523,FLD TURN LENS LH
2414,FUB-4763,U-BOLT KIT 7QK3148P3
2415,LC12CC,CHROME BOX END COMBO WINCH BAR
2416,KIT-RX-67NTLPDC,FONTAINE MAJOR REBUILD KIT
2417,M680302,P/CONN MALE CONN
2418,FLD000594300004,"KIT, TRANSMISSION"
2419,HDV-STD30UC,"STD BRAKE CHAMBER 3030 2.5"""
2420,LED0700ADF-BLT-ALX,AMBER LED 3/4-3WIRE
2421,LUCA10002,LUCAS HD OIL STABILIZER 4/1GAL
2422,M8208,MACK GRANITE DELIVERY TRK
2423,GWON49100HAY,8Mil Orange Nitrle Gloves XXL
2424,22058-999,Permatex Dielectric
2425,M8222,MACK GRANITE TOY
2426,H1-014-1714,WELD ON BUMPER PAD
2427,KRYL5546,FLAT BLACK 12 OZ PAINT
2428,M4759-MD,LADIES BLACK SPARKLE T-SHIRT
2429,MAJCD505GF,EATON 50W FLUID
2430,FF5515-150,HOSE
2431,HC200,CLAMP
2432,L46-6142,BUG SCREEN
2433,M2962-LG,LADIES LOGO POWDER BLUE LG
2434,M6623XXXL,MACK DEAD OF NIGHT GREY
2435,M2910,GREEN WOODEN RIDE ON TOY TRUCK
2436,KIM7513SAL,PAPER TOWEL ROLL
2437,FSU-0556,"SENSOR,LEVEL"
2438,KIT650,SPILL KIT
2439,HU3A,BOTTOM PLATE
2440,HU8B,HANGER REAR
2441,HUT8018-2,PULL HANDLE RETURN SPRING
2442,G60499-1008SAL,<NEW DESCRIPTION>
2443,HMUDFLAP,HOUSTON MUDFLAP
2444,MAS600293,OIL LINE
2445,MCL91AB,AMBER MARKER
2446,GA6C5-6RFJX,COUPLING
2447,J37-1007,REPLACEMENT FILTER
2448,FA68406BGC,5/8-11 HEX NUT
2449,FB1,BRACKET
2450,H1-060-0402,OIL CAP ASSY W/ STRAINER
2451,FUR4302258,WASHER
2452,H6469,FIRST AID KIT
2453,M6672-XL,BLACK SOFTSHELL FULL ZIP VEST
2454,FW300C,18 RED FLAG WIRE LOOP
2455,MK1213600,MAINTENANCE KIT
2456,EM47550,TRUNNION
2457,E11446,BRACKET RH
2458,DIECAST-AMA,MACK DIECAST
2459,326-1643109,FUEL FILTER
2460,328170-201X-ARD,STUD KIT
2461,331212-VB,CAT 1S4295 GASKET
2462,ESK3406B,EXHAUST MANIFOIL STUD KIT
2463,DIAPERTARP,6X8 TARP
2464,EF30150PAI,O-RING
2465,EZ201,"VALVE,DRAIN NPT 3/4-14"
2466,DP-325123,MCK 10QK UTHN
2467,EAR127386,SIDE GEAR WASHER
2468,DGTR1707A1,R DODGE 1500 HEADLIGHT
2469,E7-21-11126,EZ PACK PROX SENSOR
2470,29555898SS,M8 12 TORQUE CONVERTER BOLT
2471,STL42AB,"""LED,AMBER"""""
2472,STL76RB,THIN LINE LED
2473,S-28604,INLINE RELIEF VALVE
2474,SP558091-KPAMA,8091 AIR SPRING
2475,QDWC16,COUPLER FITTING
2476,STL34RB,LED TAIL LIGHT LAST ONE nla
2477,SE10M,FILTER
2478,SP-559656-KP,AIR SPRING
2479,RD5121503PTUL,HARNESS TRINARY
2480,NEB-SPT-1005,SPOTLIGHT MS WORKLIGHT
2481,OTR81052K,LH8 20 KIT
2482,SK42,TAPER BUSHING SK 42MM
2483,SS316,STAINLESS STEEL ZIP TIE
2484,RF500-32A,ELBOW FITTING
2485,S-23767WKS,NOX SENSOR 22303391
2486,S-16987-LOW,TYPE 30 BRAKE CHAMBER
2487,PHC16826-10-10,FTG
2488,S-18445,GASKET & SEAL KIT
2489,S-19259,30GAL STEEL TANK
2490,TBB159144BGC,SYNTEC BACK PAD FOAM ASM 39IN
2491,TR9580,AIR SPRING
2492,TG-GSK-A1FP,Muncie PTO Gasket Set
2493,U-SEAL,WASHER U-SEAL FOR BULKHEAD
2494,RF500-GR,GUARD RING
2495,S40085-501,ELSTON 12V SOLENOID
2496,RF370-KIT,RCF 370 REBUILD KIT
2497,TR3030C,3030 CHAMBER
2498,TRA-2740,Trailer Spring
2499,VPHVC-8,HOUIST VLVW/8 IN TOWER
2500,VN1209-C,DPF Volvo/Mack MP7
2501,USA3231S,PEWAG CHAINS
2502,USA4247S,PEWAG 22.5 DUALS
2503,TU-9224,"""30 Economy Mudflap Hanger wit"
2504,VAC-HOSE-FMT,3IN VAC HOSE
2505,S-21358,CAC HOSE
2506,S-23767,SENSOR
2507,WHI1264,WHITING ROLLER HINGE SLIDE
2508,RSC85927C1,LOW WATER SENSOR
2509,TK60705,LAMP COVER
2510,TLEDU112-MON,LED WORKLIGHT/STROBE
2511,PNL1-10,DURAPLATE SIDE PANEL
2512,PRIM111001,0 DEGREE POWER BLASTER
2513,PC604,AIR BRAKE TUBING 1/4
2514,OTG140,ORANGE GRIP GLOVE XXL
2515,PP5080,5/16-3/8 BINDER
2516,PPLF22500,FLARED ADAPTER 5IN 22DEG OD-OD
2517,NP68-6-6,PUSH ON 3/8 FITTING
2518,P2-HR4750,STRONG ARM BASE ARM
2519,PENR5632,32OZ AIR BRAKE AFZ
2520,NP62-6-ALX,"NYLON PUSH-ON UNION 3/8"""
2521,P500-HMBOS,HYDRAULIC MOTOR
2522,PRX51813CTNSAL,ANEROBIC
2523,PHM11935,EYELET YELLOW
2524,PHC10643-16-16,FTG
2525,PHC16S6X-S,FTG
2526,PH20821-10-10,FITTING
2527,NT10004,TUBING
2528,PHC13743-12-12,FTG
2529,PAI-EOS-3305,THERMOSTAT SEAL
2530,OMFUSE,FUSE
2531,OMR134A,FREON
2532,OPT-LPL31CB,LED LICENSE PLATE LIGHT
2533,OP00212335P,LAMP
2534,PB10-BGC,PUMP SUPPORT BRAKCET KIT
2535,PCTRSY7590-DRUM,SYN 75/90W GEAR OIL - PINT
2536,PAI-680231,"DDC23505249 COUPLING ,PUMP"
2537,1866X4,FITTING
2538,1868X6X8,"""CONNECTOR,MALE"""""
2539,1719689PE,FILTERKIT
2540,1462X3,UNION
2541,1469X10X6,5/8 TUBE 3/8 PIPE 90 DEG
2542,15323SAL,5/8-11 5
2543,174828N,Mack S400
2544,131672,"GASKET,EXHAUST"
2545,1612559,V-8 VALVE
2546,1480X8X8,FITTING
2547,1801974,Bullet™ System 30° Bend
2548,120-400-001,HYDRAULIC ADAPTER 607/866 SAE
2549,17702-1,GEAR BOX
2550,121314,ORING
2551,13984M,MASPORT OIL
2552,107701-ALX,1/2 DOT UNION
2553,1100004,SEAL
2554,120-064-016,O-RING 2-342 VITON
2555,1469X6,"""FITTING,ELBOW"""""
2556,1469X10,5/8X1/2 MPT 90 DEGREE
2557,1224W,7/8 ROLLOFF CABLE CLAMP
2558,1885-04008,PTC MALE CONN NYLN 3/8T X 1/2M
2559,1501-04-04,MP x FPX 90° - NPSM Elbow - St
2560,10W3055SR,10W30 OIL
2561,1255H11-N,BOXED CAPSULE
2562,1775003FOOT,5/32 NYLON TUBING
2563,1310473,HANDLE
2564,131406CS,OIL PAN GASKET
2565,131453,OIL COOLER CORE GASKET
2566,131853,"GASKET,T'COVER"
2567,103092,DIESEL LIFELINE-1/2 GAL
2568,11266102,"STARTER, 24V"
2569,500112-VB,THE ALL NEW VNL MUG
2570,112799-VB,EAT SLEEP DIG T-SHIRT
2571,1002P,DRAINER STRAIGHT
2572,113224-FMT,WM472E Treadle Valve
2573,10910P,S-CAM RH
2574,1011310,SHORT LANDING GEAR FEET
2575,10788-6,DOT 4 Synthetic Brake Fluid/6x
2576,10800042,ELBOW FUEL LINE
2577,BDMSC99836884,+LOCTITE 577 THEREAD SEAL
2578,10909P,S-CAM LH
2579,XG22VNL,04-23 VNL MOUNTING KIT
2580,10005-30,"""Red """"""""N"""""""" Tacky Grease/30x1/1"
2581,0461-GG3-030,SENSOR-VALOR
2582,053-1406,3 50 GRIT
2583,1-0089,JOINT U-BOLT KIT
2584,021415013,HYVA ADAPTER
2585,10001569,QUARTER FENDER SET - BRUCKNER
2586,ZMGPL06,1-1/4 PLUG
2587,1011-BGC,3/32X1-1/4 HMRLOCK COTTER PIN
2588,10001336,B100 STNLS BRKT-K
2589,037GG12-12,NPTF Male - Straight - Swivel
2590,08929169,WASHER
2591,1000-CR3200,ROAD CHOICE COOLANT RESER
2592,1000-CR3800,ROAD CHOICE COOLANT RESER
2593,1000-SLK10155,ASA HLDX STYLE
2594,FUL10005053,"SENSOR, AIR PRESSURE"
2595,PHI25292769,M2 Charge Kit 2ga. Cable w/Cab
2596,24427860,VALVE COVER
2597,23842288,FUEL NIPPLE
2598,24018631,DOOR HANDLE
2599,57796560OE,Obsolete When Inventory is Dep
2600,7843-4804723XR,AUTOTORQ - TP
2601,M2452-XL,CHARCOAL 1/4 ZIP WITH COPPER
2602,177600690,Hose Separator 3/8in 90pc Jar
2603,56133600B,Hose Clamp Hi-Torque 5.25-6.12
2604,24194608,BUMP STOP
2605,571LD823REA4,Warning Light Mini Strobe LED
2606,M0052,MACK KEY LIGHT
2607,M5840-MD,BUILT LIKE A MACK TRUCK HOODIE
2608,1901322,"""Sidekick - 33'10"""""""" x 144"""""""" -"
2609,20-30-22,2.5X.083 TUBING
2610,1910502,DRILLING & TAPPIING FLUID
2611,2-83-913X,CV FLANGE
2612,562MF612CP,Dash Fan Metal 6in Dia w/Plug
2613,1969-2X,LOCK ROD CAM
2614,56111075FT,"1"" HEATER HOSE / FT"
2615,3684336CUM-BGC,T-STAT GASKET
2616,3684336WKS,"GASKET, THERMOSTAT HOUSING"
2617,390-12,EXH ELBOW
2618,3530186,GEAR GP-CAM
2619,371-1BV,BALL VALVE
2620,3311,Oil Filter
2621,4243,Gold Top Bearings High Temp
2622,29558331,"KIT-FILTER ASM, SUCTION"
2623,29561637,"""GASKET,PLATE"""""
2624,3566166C1,"""GASKET,SHFT AXL"""""
2625,3750X2,PIPE TEE
2626,3116CHU,BUMPER/NO LIGHT
2627,3156BULB,BULB
2628,3129X4,"""FITTING,CAP1/4"""""""""""""
2629,4147,LOCK ROD CAM
2630,172045E,STANDARD ROD BEARING KIT
2631,9S8751,NUT
2632,813050BP,50 AMP CIRCUIT BREAKER
2633,A37404-1,GEAR SET
2634,A6150189-001ITP,TRINARY SWITCH
2635,90688,A/B MALE CON NT 1/2 X 1/2
2636,98-362-3,MAIN SHAFT
2637,91249,A/B ML ELBOW SWVL 3/8x1/8
2638,A-5234702,Seal - O-Ring - Upper - S60
2639,AA00650,"BUMPER, RUBBER, ARM"
2640,BUSATM15,FUSE-MINI BLADE.15A.BLUE
2641,CLU308937-32,CLUTCH
2642,C0307-SA,DPF
2643,B8AHSB,TERMINAL
2644,B92260306,CLAMP
2645,B92260375,CLAMP
2646,C1120A-REX,"EXTREME CAM BUSHING KIT 20"""
2647,453-7036L,Air Spring
2648,AM05454,"CARTRIDGE, PTO SOLENOID COIL"
2649,CCCJSK37HSL,HOLLAND FIFTH WHEEL
2650,CON0062,VOLVO VN CONDENSOR
2651,AHS9907PAI,HUB CAP
2652,ATC5,5 AMP FUSE
2653,BK4702QPAR2,BRK KIT 4702QP
2654,APG20-SK-1,STUD KIT
2655,B92260275,CLAMP
2656,C11,"CABLE, 7' STRESS FLEX W/PLUG"
2657,BBCOVER,FR 3 BATTERY COVER
2658,BER-0117,CARB.CLEANER
2659,DC14,SEAFOAM DEEP CREEP 12 Oz
2660,BHT-D3521-4,FRT CENT/COL CHARGE AIR COOLER
2661,2508220SUL109,CAMERA WORK LIGHT W/ MONITOR
2662,996-1006,Hard To Find En
2663,AD6FP-6FP,ADAPTER
2664,ATC15,15 AMP FUSE
2665,DAY-361116K,UBKT 1-1/4X4X17-7/8
2666,84269,3/8 X 3/8 AR BRK MALE CONNECTO
2667,1771112FT,1 1/2 SPLIT LOOM BY FT
2668,91301,A/B ML EL 45 1/4 X 1/8
2669,8260,OUTSIDE LATCH
2670,800052PTWFV,RADIATOR
2671,9428135,BEARING
2672,800820,CENTRAMATIC STEER BALANCER
2673,806961PAI,BEARING
2674,80632,HOSE CONNECTOR
2675,9438,MALE CONNECTOR
2676,94612BGC,15.5 NYLON CABLE TIES
2677,91221,A/B ML CONN 1/4 X 1/4
2678,7652661,LEAK DETECT DYE-OIL
2679,7C-3095,CAT REGULATOR 7C-3095
2680,77275GL,"STRAIGHT RADIATOR HOSE, HD GL"
2681,9482,VISION FLOOR MAT
2682,81530,BULB 1157
2683,7A062130,FILLER BLOCK .062
2684,KF2-TP-PF-R00000,"TARP - F2 REAR 107""PANEL BLACK"
2685,JL50ST,PREFORMED SS CLAMP
2686,FA68096,5/8-11X1-1/2 HEX CAP SCREW GRA
2687,FA68298,5/8-18X2 HEX CAP SCREW GRADE 8
2688,FF63041NN,FUEL FILTER
2689,G1-2139,BLACK POLY CENTER FENDER
2690,GAT28602,3/8 HOSE BARB UNION
2691,ITA4302041,"AUX. SPLITTER GEAR 16718,18718"
2692,FA68018,5/16-18 X 1 1/4 HHCS
2693,FP1029796,PISTON PIN
2694,H06910SAL,1/2 HOSE
2695,HE10AI,BOLT KIT
2696,H1-026-2919-056,SNAP RING
2697,H1-053-2357,LATCH
2698,H1-134-8678,CYLINDER BOSS
2699,HEL5528-8,THREAD KIT 1/2 - 20
2700,HH-025,"1/4"" SILICONE HOSE"
2701,G218,18 GREASE HOSE
2702,LC14,STRAP WINDER
2703,LCW440FH,"40' X 4"" WINCH STRAP W/FLAT HK"
2704,M7080M,RETRO STRIPING GREEN TSHIRT
2705,LUC-10130,SYN HD OIL STABILIZER/12X1/QT
2706,M4845,Ladies Mack Pink T $15.73
2707,M-3172-L,CAM
2708,LP21CB,LIC. LIGHT ARMORED CHROME
2709,M1P436,GASKET
2710,M0245-AMA,RETRO LOGO KEYCHAIN
2711,227045982,50/50 PURPLE
2712,M2890,MACK BULLDOG KEYCHAIN
2713,MAXIFUSE-FMT,MAXI FUSE
2714,KF2-110-101-0500,PUSH UP 125MM
2715,HD6M,Brk Drum - Air
2716,JHN6544,A/C FLUSH
2717,M3119,MENS WHITE MACK SOCKS
2718,GS205,44LB BARREL REFILL
2719,G5C0370350Z,3/8 3-1/2 CARRIAGE BOLT
2720,MAJAW325G,HYDRAULIC FLUID
2721,HOLRK17ALH,REBUILD KIT
2722,LIN5191,1/4-28 STR ZERK
2723,FA535A,3/4 ALLOY STEEL SPLIT LOCK
2724,GAT28441,5/8 HEATER HOSE
2725,MBA609982810205,RACE..
2726,FBV300,3IN BALL VALVE
2727,FC55608,BULKHEAD FITTING 3/8 NPFEM- 1/
2728,MBT-DT16-30D1,HUCK BOLT 16MM
2729,KRC062430,MUD FLAP
2730,M5764,MACK RETRO STRIPE CAP
2731,FS300CR,18RED JERSEY W/STAFF
2732,M7315,RED TUMBLER
2733,K1935,O RING KIT
2734,FL1040,FR CAS SD FR FAIR BOT LH 07 UP
2735,DTR2592,SEAL
2736,3081680-WKS,SPACER
2737,32381UP,4X6 HEADLAMP BEZEL
2738,DOT,ANNUAL INSPECTION FORMS
2739,ECK9009,CAMSHAFT KIT
2740,F4-380123-12WF,SOLENOID
2741,EDL-209800-ALX,1/2 NPT HEX HEAD PLUG
2742,RA-510,CHEMICAL CURE PATCH
2743,S-C678,DUMP PUMP
2744,SW406-100,SPIRAL WRAP
2745,PQ712A22ABS,AXLE
2746,S114-00-16-90,7/8 P-LINK CABLE 90FT
2747,NOX-VXX-001,NOX SENSOR
2748,MSM2429XXL,MACK CHAMPION SWEATSHIRT XXL
2749,226-200-ALUL,LID 20 IN WITH GASKET
2750,S-22077,EATON PTO
2751,SKF99350,SPEEDY SLEEVE - WEAR SLEEVE
2752,PHC10143-6-6,FTG
2753,RF271507554,SPRING EYE BUSHING
2754,TFM-11-07,SHAFT ADJUSTMENT BRACKET
2755,S1687,ELSTON
2756,TRCL46SP,"4"" SPRINGLOADED CLAMP"
2757,RF250-3,END PLATE
2758,RHO-T03,HUB CAP TRAILER
2759,TR065145,RELAY VALVE
2760,UN3102,GREASE COUPLER
2761,RS4SP86VMP1CX,COUNTERSHAFT PTO
2762,TX3AF,PTO CONNECTOR
2763,TUL82438001,RN50P-HRXOA2 WINCH
2764,RF500-51LU,COMPLETE OIL LINE SET
2765,RF800-25A,SIGHT HOSE
2766,SP559974-KA,Service & Complete Air Spring
2767,SP-559501-KP,AIR SPRING
2768,S-16444,DUMP PUMP
2769,WGC12,HOSE CLAMP
2770,RN236,6OPEN EYE NEEDLE
2771,SD-003RL,LUBRICATING 5TH WHEEL PLATE
2772,RP3,TIRE CHAIN TOOL
2773,WAB24500006-ALX,MID TURN BRACKET
2774,W30050498,2 ROLOC
2775,S-B904,CYL
2776,S-E107,"DUMP PUMP, G SERIES REMOTE MNT"
2777,WABIS00679,INNER SEAM STRIP
2778,NC33HT,HIGH TEMP ORANGE 33MM
2779,ND24-30-42,"3"" 083 DOM"
2780,MSU-0594,"SENSOR,MAG."
2781,R5234945,DETROIT INJ.
2782,PERM51813,PERMATEX ANAERBC GSK MKR 6/50M
2783,MS-M2005,RAISED GIANT BULLDOG CAP
2784,PP2630,OVERLOAD/OVERSIZED SIGN
2785,P22197,#67 BULB
2786,TRA-2754,Trailer Spring
2787,P3100C431HMZA17-87,PUMP
2788,PH2716300,3/8 AIR BRAKE HOSE
2789,PHC12-10TRTXN-S,FTG
2790,PHC8C6X-S,FTG
2791,04-160932,Camshaft
2792,PHC201-12-RL,HOSE
2793,PHM11983,F/BULLET BLUE
2794,PTM9320H,7X16OEM TYPE W/COAST MIRROE
2795,PI4050-6P,1INCH COUPLER
2796,N5355001,BOTTLE - WASHER ASSY
2797,PTM9209H,"8.5"" CONVEX MIRROR WITH L BRAC"
2798,OPT-STL43RMB,RED LED
2799,PAC15304732L,TERM MALE
2800,QDWC20DP,"""1-1/4"""""""" Steel Wing Style Dust"
2801,1511-0081,"""MIRROR ASM,L/H"""""
2802,102-10047,LUCAS 75W90 SYN QUART
2803,102-140140,12' RUBBER AIRLINE HOSE
2804,145WHD-YAK,BR VALVE 1/4 DRAIN
2805,1609874,GASKET KT SC
2806,131676,"GASKET,THERMOSTAT"
2807,170-82-71X,170 YOKE SHAFT
2808,120-005-367,ROTOR 607
2809,1801568,Hardware Bag Head Assy
2810,113214-1-00-00,VOLVO Multitool Carabr $20.45
2811,1802000,Side Plate w/o Bearing Univers
2812,105246,55 GALLON 80W90
2813,1414M,GLOVE
2814,1775004FOOT,1/4 NYLON TUBING
2815,12061187,FREE AEROSOL
2816,XG-D175G2,DEEP STYLE MACK ANTHEM GRILLE
2817,15511040,LINED HOSE CLAMP
2818,108063-59CCC,"CLUTCH 1.75 14"""
2819,1809148,SWAT® Tarp Tube Cap Weldment
2820,1440084-01,KANN HYD FILTER
2821,129583,ROD ASSAY.
2822,13732-FMT,BULLETPROOF 60:1 TARP MOTOR
2823,15-775,"""BOX,JUNCTION"""""
2824,181975,WATER PUMP KIT
2825,13967,Oxygen Sensor
2826,1801026,"""Roll-Off Tarp Knit Mesh 100"""""""""
2827,15-769,Socketbreaker - Nosebox and Ga
2828,117-887PMUF-FD,887 PRO RH CW MUF PKG
2829,24623845,FUEL FILTER HOUSING
2830,122144PROMO,CUMMINS CABLE KIT
2831,1224,WIRE ROPE 7/8 CLAMP
2832,12930,ST/STEEL HOSE CLAMP
2833,08810,10LB COLORED KNIT
2834,121661,OBD-II TYPE-B
2835,05023WKS,CLEANER
2836,05103,ELECTRONIC CLEANER / 11OZ
2837,106838HOD,MOBIL ATF
2838,116-STC1520,1-1/2 NPT X 1-1/4 HOSE JUMP
2839,1133863SAL,5/8 NYLOC NUT
2840,136-7227,SEAL
2841,102-10088,LUCAS HUB OIL QUART
2842,10219,WHEEL STUDS
2843,XG-125G2,GEN2 GRILLE GUARD
2844,1-0170,1000 U-JOINT
2845,1001-2097,BRAKE DRUM
2846,XQ0710-C,"""DPF Cummins X15, X12"""""
2847,WWFGALLONBLUE,BLUE WASHER FLUID GALLON
2848,WLCH-RED,WHEEL CHECK - RED
2849,053-84815,COVER
2850,101-999-21,(ESO )SLIDE CROSS
2851,0370G16-16,NPTF Male - Straight - Rigid
2852,10002569,MINIMIZER BRUCKNER FLOOR MATS
2853,10016,Complete Engine Treatment/12X1
2854,1000-FTF4455MK,FULL TANDEM MNT KIT
2855,1000-CR2802,ROAD CHOICE COOLANT RESER
2856,ANA24M,Wiper Blade ANCO Profile Beam
2857,22490211,SWITCH
2858,182BK3310,"""5,200 lb Bearing Kit"""""
2859,23144423,WHEEL TRIM
2860,23716176,HUB
2861,M5404-XL,BLUE/GREY HOODIDE
2862,78643002,BUMPER MEMBER
2863,PHI11962-25,16-14 GA HS BUTT CONN
2864,24018630,DOOR HANDLE
2865,24437969,CABLE
2866,24616771,BREATHER
2867,57775648OE,EGR Pressure Differential Sens
2868,AN3120,Wiper Blade ANCO 31 Series 20i
2869,AN9724,Wiper Blade ANCO 97 Series 24i
2870,57799124R,Oil Pressure Sensor Connector
2871,KP149FTK,Bracket and Pin Replacement Ki
2872,840OS624585MA,Oil Pan Gasket Kit Mack E7
2873,2030X12,3/4 INSERT
2874,1783061SINGLE,3/8 IN 4/0 GA COPPER LUG
2875,177601080,Hose Separator 1/2in 80pc Jar
2876,1R-1808,FILTER AS LUBE
2877,2030X8,FITTING
2878,1919-DD4-001AM,SUSPENSION AIR BAG
2879,20435801-MIC,VOLVO CABIN AIR FILTER
2880,562AS36BLDP20,Adjust A Strap Blue 20 PC Disp
2881,1U5398,DRILL
2882,57755575,Injection Control Pressure Sen
2883,361167,U-BOLT KIT
2884,22-54800-000,TEMP SENSOR
2885,35343BGC,MUFFLER CLAMP
2886,350CB03MKPDC,Center Support Bearing 350CB03
2887,168RHAT,Mack/Volvo Hat
2888,AF25139MWKS,AIR FILTER
2889,502473,"Air Bellow, Without Shock Abso"
2890,M5401-SM,DUCK/BLK JERSEY LINED HOODIE
2891,XG-18DMA-LOW,MACK ANTHEM 18-DEEP XGBASE KIT
2892,93228TUL,"ABV.HAND PAD 6x9"""
2893,DAY-8885516,TURN SIGNAL
2894,806863PAI,POWER DIVIDER KIT
2895,564590109,Fog Lamp LED LH Kenworth T680
2896,566ER7996,Econoride Air Spring Triple Co
2897,170V24205,Push Pull Valve 4 Way
2898,57759523,Low Pressure Switch AC Kenwort
2899,565185522,Hood Shock Volvo
2900,571LD40W10-1,BACKUP LIGHT 4IN
2901,125-281102-02,CAMSHAFT R/H
2902,109-1101,CHAR LYNN HYDRAULIC MOTOR
2903,G1-212321,"4""x3ft 15K HD Tie Down Strap w"
2904,MS-M6669XL,MENS ADVANTAGE LS POLO ELM GRY
2905,NAT370025A,WHEEL SEAL
2906,1105-0005WF,COOLANT HOSE
2907,TRU-TOL-0005,NAILCLIP KIT 6-in-1
2908,PDC-XA351A80LP,5TH WHEEL PLATE
2909,PGLPS386PL,FLUID-TRANS
2910,PRESAF3300,PRESTONE GREEN AF 50/50
2911,N10G-36000006END,CABIN AIR FILTER (OBI)
2912,R9-2221HK,HOOK
2913,CG-JAILHOUSE,JH BARS FOR CHAIN HANGER RACK
2914,GWGN49100ABQ,GREEN 8MIL WORKGLOVE XXL
2915,GT-2045,"7-5/8""X5.5""""X3-5/8"""" 4-HOLE TRAI"
2916,5515200-YAK,"2"" SILICONE HOSE"
2917,CLUK-4145CL,CLUTCH INSTALL KIT
2918,ACT-CON0062,22314813
2919,ALP1370-KZ3,BRAKE PADS 23K
2920,RV012727,Shutter Door Def/Face Metal
2921,502144F,DRAG LINK
2922,DAY-TS4123250,AXLE NUT 4494973
2923,294561P8A0ARD,"OIL FILTER, TRANS"
2924,5878178652,GASKET SET: ENG
2925,24334932,V-STAY
2926,24640208,PIPE
2927,4972-FEDEXRTNSNGLPX,FEDEX PREPAID RETURN MAIL
2928,M0336-VB,GREY&GOLD LICENSE PLATE
2929,M3386-VB,TRUE TIMBER CAP
2930,M4851-LG,BLOOD SWEAT GEARS
2931,23619323,ADAPTER
2932,8413-60061R,LED 60 SERIES HIGH MOUNTE
2933,78746824,WIPER MOTOR
2934,65-4-4571X,END YOKE ASSY
2935,PH12208BBLK500,1/2 NYLON TUBING - BLACK (0200
2936,MTR31314-21-ALX,STATOR & FILTER
2937,P54608M01,15 AMP AUTO FUSE
2938,P61536,#3157 BULB
2939,PHC10643-20-20,FTG
2940,PHM82122,"COPPER LUG 4 GA, 5/16 STUD"
2941,N170-70-18X,BXD BRG CLAMP
2942,PHC12-20FTX-S,REDUCER
2943,PHC13743-16-16,FTG
2944,O2-DLA,LOWER ARM
2945,PLCH4656C1,HALOGEN SEALED BEAM
2946,PM1352B,MIN FENDER
2947,PL1368-6B-ALX,DOT FITTING
2948,102-119540,"CROSSBAR ALUM. 104-1/2"""
2949,1801002,Hand Tarp Knit Mesh 12' X 26'
2950,10238BGC,M12 X 1.75 60 GRD 10.9 ZNK
2951,112763,VOLVO TRUCKS HAPPY FMX MIXER
2952,131643,"GASKET,COVER"
2953,1480X4,1/4 TUBE 1/8 PIPE 45 DEG ELBOW
2954,1750880-999,CRC White Lithium Spray Grease
2955,1802286,"""Arm/Pull Tarp HD Black Mesh 8"
2956,1558-0004,"""PANEL,CAB EXT"""""
2957,12928,ST/STEEL HOSE CLAMP
2958,12931,#24 HOSE CLAMP
2959,11139-LOW,3/4 AXLE BEARING
2960,1809824,PIVOT SPRING ASSY W/BASE_ADJ_4
2961,1660387,RIDEWELL SERVICE KIT
2962,1265466,GASKET
2963,1884-085008,BRASS ADAPTER 3/8 FPT TO
2964,1464X4,"""FITTING,UNION T"""""
2965,1468X8,FITTING
2966,10214BGC,M8 X 1.25 X 25 HEX CAP SCREW
2967,10251RPDC,LED MODEL 10 CLEARANCE MARKER
2968,1775010FT,5/8 AIR LINE
2969,11270090,CAP ALTERNATOR
2970,180885PAI,"TENSIONER, BELT"
2971,0135457626,CONTACT
2972,082430,"30""X24""""X 1/2 MUDFLAP"
2973,10001324,B100 PDL BRKT-K
2974,1389057,VALVE
2975,14-17927-000,"""FILTER,P/S"""""
2976,11564,BRASS PIPE SQ HD PLUG
2977,116-4604-20-20,FITTING
2978,1042,COTTER PIN 5/32 X 1 3/4
2979,1202400625LW,OS-RAD 07-19 VOLVO VNL 08-19 M
2980,136115,"KIT,SEAL,FT."
2981,10240,M6 X 1.0 HEX NUT
2982,05089,BRAKLEEN
2983,0385G04-06,SAE Male O-Ring Boss - Flat Se
2984,093795,"Repair Kit, Fifth Wheel - 093."
2985,XGD150G2,BRUSH GUARD
2986,XG-22VNL,'22 VNL MOUNT KIT
2987,1005-2388P,"69"" TURNING SHAFT"
2988,0966,HVAC CONTROL PANEL 7787-880011
2989,0D8011,LAB OIL SAMPLE W/RETURN POSTAG
2990,1000-VOGN,Volvo Green Engine Paint
2991,0370G04-04,NPTF Male - Straight - Rigid
2992,10006B408,FITTING
2993,24-464CK,2 Speed Remanufactured Fan Clu
2994,ANA20M,Wiper Blade ANCO Profile Beam
2995,6327-CC4305VR,4 X 30 WINCH STRAP W/ V-R
2996,1782058RDFT,RED STARTER CABLE 4/0 GA - FT
2997,5628002SS,Mud Flap Bolt Kit - 5/16in SS
2998,24433898,O-RING KIT
2999,23553645,AIR SPRING
3000,24135163,SEAL FLANGE
3001,M5404-SM,BLUE/GREY HOODIE
3002,V84730205P3029,PAINTED DEFLECTOR L /H
3003,M7098,MACK LESS BULL MORE DOG PINT G
3004,21075237,WIRING HARNESS
3005,17713B686,Brass PLC Retrofit Connector 3
3006,24018676,PLATE
3007,57799127R,AC Compressor Connector
3008,565ER3013,Econoride Shock Absorber
3009,M3061-LG-VB,DOG IS MY COPILOT
3010,2-85812,9006 H/L PIGTAIL
3011,18081195TS,Amsted Aluminum Hub Cap
3012,1R1807,LUBE FILTER
3013,201-486-3,INSERT
3014,20-18283R,WINDOW REGULATOR
3015,5030-2550B,24 X 30 X 1/4 ANTI-SPRAY
3016,199K8020000,MOUNTING KIT
3017,1J9671,SEAL O RING
3018,29544106-TUL,FLEX PLATE
3019,29546538ARD,"GASKET-CHANNEL PLATE, MD6"
3020,23-09691-700,BOLT CARRAGE
3021,334050,5/32 X 50FT TUBE
3022,18N-28-117,WELD YOKE
3023,319-5624050,"4"" RND FLSH MNT GROM"
3024,35P74END,ALLISION 10 BOLT PTO GASKET
3025,1864X8,"""UNION,TEE"""""
3026,82672964,SWITCH PANEL
3027,24634368,SENSOR
3028,24574587,SENSOR KIT
3029,82794475,BRACKET
3030,SP559697-KP,Service & Complete Air Spring
3031,ALSDT16,BRAKE CHAMBER
3032,NP71SW-6-6-ALX,"3/8""x3/8"""" Swivel Male Run Tee"
3033,WKI-N11-1257R-TUL,BRACKET-SUPPORT BUMPER RH
3034,WEN6G8FFORX9S,HYD FITTINGS
3035,TR504EF,OE#03-42776-010 FRTLNR AIR FIL
3036,60750FIP,"6"" OVAL GROMMET"
3037,121272,RECTANGULAR SEALING RING
3038,06-96622-001,"SENSOR - COOLANT LEVEL, POTTED"
3039,562U7350-24SSSAL,"FLEX YUBE 5""X24"""""
3040,562192430SAL,24X30 MUDFLAP
3041,UN9915,KENWORTH T680 HOOD
3042,112245X,BREAKAWAY KIT
3043,34575QP,Toggle Switch
3044,1777820SAL,20 INCH HOSE
3045,179300312SAL,COILED RED/BLUE SET
3046,WH-VMXX-ESH-02,ENGINE WIREHARNESS
3047,BP110-8-6-ALX,BRASS REDUCER 1/2 X 3/8
3048,SNX602,Volvo and Mack NOx Sensor - OE
3049,SP559644KP,Service & Complete Air Spring
3050,CHL35-P-102,GASKET
3051,T4634,7' X 18' MULTIMESH TARP WITH
3052,HENR-B-14487CCC,AIR SPRING
3053,85542-999,Threaded Insert
3054,RETURN020-MON,RETURN ASSEMBLY COMPLETE
3055,ANCO3118,ANCO KWIK WIPER BLADE 18
3056,MS-M3721XS,KIDS HOODIE JACKET
3057,MS-M5403XL,BLACK/GREEN 2-TONE JERSEY LINE
3058,EGA-2924,O-ring
3059,CK-858-5807,BELT BUCKLE
3060,ABDEF,ARMORBLUE DEF 2.5 GALLON
3061,HBRN4101420IVSSATE,CYL HEAD NEW W/ INCONEL INTAKE
3062,HEET28201,HEET GAS LINE AF AND WATER REM
3063,ALP9007A-KZ6,BRAKE PADS 26K
3064,HM589XQAHX-A5XK,PTO
3065,M5510PDC,5X5X10 MUFFLER
3066,S19133PETE,CLUTCH SHAFT PETE
3067,SBA002,HEAVY DUTY PIN TYPE ADAPTER
3068,3MPRO7480FTW,"2"" ROLOC DISC BROWN"
3069,MMM913-32-2,TAPE 7X11 RW
3070,BP121-4-ALX,"1/4"" Brass Hex-Head Plug"
3071,2104-30892582MO,REMAN INSTALLATION 1552 2
3072,24379944,GASKET
3073,5876170190,"FV ROTOR; 19.5"""
3074,23983587,DUST COVER
3075,8970669810ARD,LENS; TAIL & STP
3076,M8302-LG,MULTI COLOR TIE DYE TEE
3077,65-28-117,TUBE YOKE
3078,A8360073-001,HDLMP_LED 5X7 37450C TRUCKLITE
3079,29542516,SOLENOID & CONNECTION ASSY
3080,FGCC2830,ES COMPLEAT PG CONC-PKG
3081,21282255,GASKET
3082,500023-10-10-00,53' Trailer 1:50 Scale
3083,KMI8901N,"REAR AIR FAN CLUTCH, KYSO"
3084,24122691,COVER
3085,24112498,ALTERNATOR
3086,5288NPT,1/8 COUPLER
3087,572P,"E-522 2-5/8""-16 Spindle Nut"
3088,591113-YAK,SINGLE POLE SOCKET
3089,61657-143,1/4 HEAT SHRINK
3090,23616840,FOOTSTEP
3091,094550,"Repair Kit, Fifth Wheel - 094."
3092,FPDFP-23532333MD,HEAD GASKET KIT
3093,6722284,AB PUSH-ON 45 ML ELB 1.2X1/4
3094,6722868,AB PUSH-ON 90 ML ELB 3/8X1/2
3095,MS-M8302SM,MULTI COLOR TIE DYE TEE
3096,FR10854AT,108'RIBBED AI TANDEM FENDER
3097,HA-20100299,BRACKET ALUM
3098,HBRN5348546VS,CYLINDER HEAD NEW CUMMINS
3099,JOHN6752FTW,JOHNSEN STARTING FLUID 10.7OZ
3100,730-1089,Switch
3101,AA6280,HYDRAULIC FILTER
3102,ABH67247002FTW,AIR BAG (UNIVERSAL)
3103,BER1420,BRAKE CLEANER CHLORINATED
3104,HU6G-END,RH FRONT FLANGE MOUNT HANGER
3105,M2327-MD,BALLISTIC DUCK INSULATED JKT
3106,MS-M1103,LARGE GLASS MUG
3107,K080716-YAK,serp belt
3108,90224-143,7/8 ADELL CLAMP (P-CLAMP)
3109,CHL28-P-397,SEAL-MOUNTING-210
3110,BP303-WFL,LUG
3111,DDE23536199,RING
3112,BRSK10120,SPRINGKIT- DROP AXLE SHOES
3113,9629721SAL,CONTACT PIN
3114,BTSTRAP1-46H,RIDGE STRAP ONLY W/HOOK
3115,NPA3599,LUBRIPLATE NO. 105
3116,PO10-143,5/8 P/S STEERING SUCTION LINE
3117,S18-1018R-WKS,HANDLE TRIM
3118,GA12G-16MP,"1"" MALE PIPE X 3/4"""" HOSE"
3119,PRX24005TUL,MEDIUM STRENGTH BLUE THREADLOC
3120,LNL65107,Locking Dual Wheel Adapter - 1
3121,SP109701-25AM,CLUTCH ASSY
3122,K050335-YAK,SERP BELT
3123,SP6-3-4-1391-1X,END YOKE
3124,M4455-LG,GRANITE T-SHIRT
3125,QX583,Power Steering Pump
3126,SPSPL250-3X,U-JOINT KIT
3127,K1010FASBUYERS,NEUTRAL LOCKOUT AIR CONTROL
3128,QXG65218,Steering Gear / Kenworth
3129,SP2-2-479,FLANGE YOKE
3130,P50656-143,1156NA BULB
3131,PHC12X38PTR-S,FTG
3132,SP63-3-21KX,SLIP YOKE
3133,NP69-25-1-ALX,"5/32"" x 1/16"""" 90° Elbow"
3134,PTBELA26S20,PTO PUMP
3135,S-8687,LEVELING VALVE - NO DUMP
3136,F-796103X,A/C DRIER
3137,CS1728DGRPDC,2210B6866 S CAM RIGHT
3138,6723266,AB PUSH-ON ML RUN T SW 3/8X3/8
3139,C5405X12,fitting
3140,950390003001401,DMX D/M ATF 12/Q CS
3141,9808616-109,HANDLE
3142,A4729970545-143,SEAL
3143,735650,TRAILER WIRE/CABLE
3144,84715409A,HEADLAMP
3145,6722844,AB PUSH-ON 90 ML ELB 1/4X1/4
3146,ABPN25-601093,CROSS SHAFT (PETERBILT 387) (9
3147,ELE0000447,LIGHT HARNESS LH
3148,6723184,AB PUSH-ON ML ELB SWV 1/2X1/4
3149,CHL3-P-873X,SHAFT
3150,85728WIRE,16 GAUGE WIRE
3151,92003,SUPER LUBE
3152,872176V,COBALT #2 GREASE
3153,CPLG100,"1"" COUPLING"
3154,CRCC05089,CRC BRAKLEEN CLEANER NON-FLAMA
3155,EB01-127END,BRAKE KIT 12X2
3156,ACT-800022PTWF,RADIATOR WITH FRAME
3157,RORA1-3297S1605,INPUT SHAFT RD/RP23160 W/PUMP
3158,99000TUL,M14x1.5 HEX NUT
3159,BTBOLT-ST,BOLT 3/8 SELF TAPPING
3160,MS-M2004,RAISED MACK WORDMARK CAP
3161,Q21-1051-001,MODULE
3162,BV8418,"BLACK VINYL TARP, 84"" x 18'"
3163,EM47310-LOW,END CAP
3164,SP558709KP-ARD,"AIR SPRING, COMP TYPE W/ PLAST"
3165,SP559362KP,Service & Complete Air Spring
3166,672022108,AB PUSH-ON 45 M ELB SW 5/8X1/2
3167,6723066,AB PUSH-ON ML BR TEE 3/8X3/8
3168,STC300247,20 16GA TERMINAL
3169,A4720180780-143,"GASKET, CCB"
3170,B833299Z6786FP,LH CAM BRACKET
3171,F1HZ4N272-A,BOLTS
3172,D9032514,DRY DIESEL ALL API DEF 2.5GAL
3173,SCOT75130-109,SHOP TOWEL
3174,CHL2-P-802,OUTPUT GEAR
3175,DAY-6035403,FLUID RESERVOIR
3176,DDEA0071535928D,SENSOR
3177,GR60681,TAG LIGHT
3178,KIT1154-01VA,ENGINE MAINT KIT
3179,9853-MGOJPLUSBULK,PINTS MACK SYN GEAR OIL 75W 90
3180,M2435XL,WHITE & GREY CAMO POLO
3181,MS-M2621,MACK BLACK/STONE TRUCKER HAT
3182,MS-M8131,MACK RED 125TH ANIVERSARY TRUC
3183,18288-143,18GA GRN PRIM WIRE
3184,24707234,SUPPORT
3185,FULA6910,KNOB
3186,BW800519,VALVE
3187,85106183,CAP
3188,852670,GAITER
3189,894202,BUSHING
3190,899290,SPRING
3191,84723753,EXTENSION
3192,84731259,CURTAIN
3193,84733671,PANEL
3194,ACH14493,BOTTOM PLATE
3195,82767733,FRAME
3196,FGFS1011,FUEL SEPARATOR
3197,FUL14335,GASKET
3198,BW229859N,VALVE QR - 1
3199,8142784,PLASTIC NUT
3200,82361058,MIRROR
3201,8148244,VALVE
3202,82303552,COVER
3203,3944084,SWITCH
3204,3946697,SCREW
3205,78549143,CHASSIS FAIRING
3206,8029487,O-RING
3207,8082795,KNOB
3208,82361062,AIRFLOW DEFLECTOR
3209,3106179,GASKET
3210,3948123,WIRE
3211,8073153,FILTER
3212,8084711,SPLASH SHIELD
3213,8078624,SUN VISOR
3214,3175630,COVER PANEL
3215,8143030,SWITCH
3216,3183990,FILLER HOSE
3217,8075055,RETAINER
3218,78550515,SUPPORT
3219,82602597,MOUNTING PLATE
3220,8079756,FILTER
3221,MGM8003003,TRUNNION BRAKE
3222,LOC81844,PX 11067-2 RVM ADHESIVE .
3223,LOP10302,STABILIZER
3224,NTN598A,BEARING
3225,PNSPP401332,"ANTENNA, 4 (CBL 7FT RG62"
3226,R134A30,30# CYLINDER R134A
3227,RCALT8078,ALT-DR 22SI 145A/12V 14.1
3228,PH60NTA6,SLEEVE. COMPRESSION
3229,RCFLX400X10SS,4 10FT FLEX TUBING
3230,RCSEA370048,WHEEL SEAL
3231,RCPAI16CURD,CUMMINS RED
3232,RCRAD37435P,"CTR, VOLVO"
3233,RCCLU20992582H,"CLUTCH,15.5X2 SA,7SPR 6PD"
3234,RCFLX500X10SS,5 X .019 X 10 FT FLEX TUB
3235,RCWSDW01081C,WINDSHIELD LH MACK CH600
3236,SIL05103,ELEC CLEANER
3237,RCSTT70R,"TLLT 6 OVAL, RED, POLY, R"
3238,SNV422248,"CABLE, BATTERY, 1 COND, 4"
3239,RCCML53R,"M/C LGHT, 2 SLD, RED, POL"
3240,RCPAI16CUBG,CUMMINS BEIGE
3241,RCCML91R,"MARK LIGHT,SEALED MINI RE"
3242,STM3727091,TRAILER WHEEL SET
3243,TDA2330528,BEARING CONE
3244,TDAR955289714N,NEW QK REL VLV
3245,TDAR607081,CAMSHFT 1.50-10
3246,TDAR006036,STUD
3247,TDAKIT11300,BUSH AND BOLT KIT. REPAIR
3248,TDAKIT8022,KIT BUSH & SEAL
3249,TDAR004969L,STUD LH
3250,TDAR0010225R,STUD
3251,TDAR304830,BOLT
3252,TL21204C,SUPER 21 LICENSE LAMP
3253,TL94718,PIGTAIL FOR LED W/ 1
3254,WAB4006110580,AIR DRYER KIT-SS1200P/COA
3255,TL60094Y,LED 60 SERIES F/P/T GROMM
3256,VEL591161,SINGLE POLE T-GRIP PLUG W
3257,TRBRDTC1,SET RIGHT KIT
3258,VEL017286,NYLON AIR BRAKE TEE BRANC
3259,TL15040,LAMP-LED.GRAY BRACKET.12V.SERI
3260,VEL020066,NYLON TUBING 3/16OD X 100
3261,TL44322R,LED SUPER 44 S/T/T 6 DIOD
3262,VEL017023,45 DEG. STREET ELBOW 1/8
3263,WUR058510890,6X9 HAND PAD - MAROON MED
3264,NTNLM29749,BEARING
3265,NTS58950700RA,U-CUSH VOL WIDE WHEAT MOR
3266,NTN45220,CUP
3267,PRU45411,"MIRROR,HTD"
3268,RCACC1275,DENSO 10S15C AFT 8 GR 163
3269,PH2202P88,1/2 PIPE 90 DEG
3270,RCCML90RL,"LED M/C, SNAPLCK, RED, RO"
3271,RCWSDW00663C,WINDSHIELD LH MACK CA49 C
3272,RCEV02004,EXP. VALVE - INT. EQUALIZ
3273,RCSEA0273,WHEEL SEAL
3274,RCFB3541,BELLOWS-EXHAUST 4 X 12.6
3275,RCPL212255,"M3 LED,BULLET CONN"
3276,RCRD11222,RECEIVER DRIER - OEM
3277,RCXL500SR,5.0 OD OD ALUMINIZED 90 G
3278,SNV453226,"HOSE ASSY, 3/8 X 26, 3/8"
3279,SIL05532,CRC AIR BRAKE ANTI FREEZE
3280,SNV422222,"CABLE, TRAILER, 6 COND, 1"
3281,SNV2618,"MICHELIN WINTER BLADE, BL"
3282,SNV451031,"NYL TUBING, J844, 0.375 I"
3283,SNV422227,"CABLE, TRAILER, 7 COND, 6"
3284,RCPAI16DDGN,DETROIT DIESEL ALPINE GRE
3285,SET179883PS,12 VOLT AIR COMPRESSOR PA
3286,RCCML65A,"M/C LGHT, 2 BLB, AMB, POL"
3287,RCCON1023,CONDENSER
3288,RCCON1225,CONDENSER
3289,SNV451032R,"NYL TUBING, J844, 0.5 IN,"
3290,SNV451036B,"COILED AIR, BLUE, 15, 12"
3291,STM1R12095,AIR SPRING
3292,TDA09001853,BOLT-SERR M20 X
3293,TDA2210J7680,CAMSHAFT/LH
3294,TDA2210H7522,CAMSHAFT (RH)
3295,TDAR806025A,ASA
3296,TDARBE13250,SWITCH
3297,TDAR000540,INNER NUT
3298,TDAR002418,WASHER BRG LOCK
3299,TDAR824007,MANUAL SLACK ADJ.
3300,TET734A1,ARTIC. CABLE 3/14-100FT
3301,TDAR0010221,STUD
3302,TDAR004877,LOCK WASHER
3303,VEL0201107,NYLON SPLIT LOOM 5/8ID X
3304,VEL034135,LINKAGE HARDWARE
3305,VEL591113,SINGLE POLE SOCKET
3306,VEL030084,1/8 EXHAUST PORT FILTER
3307,VEL032222,PRESSURE PROTECTION VALVE
3308,VEL017910,"UNION, PSH-LK, BRS, 1/4 T"
3309,WEB77809BW20,PALLET OF 77809BW
3310,WPOAO20024510500,BAJA 24.5X8.25 DIAMOND CU
3311,WUR0893271010,DOS THREADLOCKER RED .35O
3312,WUR155972314,1/4 RING KRIMPA SEAL10-12
3313,VEL016842,NYLON AIR BRAKE MALE CONN
3314,TL5071,TAILIGHT
3315,VEL034074,PILOT VALVE FOR NEWAY SUS
3316,TL60082Y,LED 60 SERIES AUXILIARY /
3317,VEL058235,BATTERY CABLE 4 GA X 25 B
3318,WCM10208,SOLENOID 12V 3 PORT
3319,VEL708520,5 CENTER MOUNT CONVEX S.S
3320,DNDBL7690,"LUBE FILTER, CARTRIDGE DO"
3321,DNP550832,"LUBE FILTER, SPIN-ON FULL"
3322,DNP551110,"FUEL FILTER, WATER SEPARA"
3323,DNP551352,"LUBE FILTER, SPIN-ON FULL"
3324,DNP551833,"FUEL FILTER, WATER SEPARA"
3325,DNP628326,"AIR FILTER, PRIMARY RADIA"
3326,FGFF254,FUEL FILTER SPIN-ON
3327,FGFF42000,FUEL FILTER
3328,DNP953446,"AIR FILTER, PRIMARY ROUND"
3329,FGLF16108,OIL FILTER CELLULOSE SPIN
3330,FGWF2051,ELEMENT
3331,DNP502024,"LUBE FILTER, SPIN-ON FULL"
3332,FGLF3654,OIL BYPASS FILTER
3333,DNP532920,"CLAMP, LINED HOSE TYPE"
3334,FGFF5776,FUEL FILTER
3335,DR10511409,PKG SOLENOID 39MT 24V
3336,FUL5566507BOX,"BEARING, BALL"
3337,FGFS19905G,FUEL WATER SEPERATOR FILTER
3338,DNP552072,"COOLANT FILTER, SPIN-ON S"
3339,DNP550815,FUEL FILTER KIT
3340,DNP637454,PRIMARY POWERCORE PANEL
3341,DNP532509,"AIR FILTER, PRIMARY RADIA"
3342,DNP181031,"AIR FILTER, PRIMARY ROUND"
3343,DNP777869,"AIR FILTER, SAFETY RADIAL"
3344,ECCE92004,"WORK LAMP, 6 LED, ROUND,"
3345,DNP181000,"AIR FILTER, PRIMARY FINNE"
3346,DNP550445,"HYDRAULIC FILTER, SPIN-ON"
3347,DNP550519,"LUBE FILTER, SPIN-ON FULL"
3348,DNP550735,"FUEL FILTER, WATER SEPARA"
3349,DNX007830,"SEAL CLAMP, 3 IN (76 MM)"
3350,DNP550937,FUEL SPNON 04.66X12.25 B
3351,DNP608667,"AIR FILTER, PRIMARY OBROU"
3352,DNP582506,OIL FILTER
3353,HOR993601,"SWITCH THERMAL NC,160 F."
3354,S481502800,SPRING ASY FRNT 3LEAF 10-12K
3355,SN73210493,O-RING
3356,0286508350,BOLT/SCREW;A/C
3357,0440110250,STUD; INL PIPE
3358,SZ31957001,SEAL - OIL - REAR AXLE SHAFT
3359,SZ34118014,PLUG - OIL PAN DRAIN
3360,15E2E0,TRANSYND 668 5 GAL
3361,1227J946,NUT
3362,SZ91045377,BELT - V
3363,SZ17820007,NUT- FLANGE
3364,SZ20118016,WASHER PLAIN - U-BOLT
3365,3101D1070,KING PIN
3366,8258477370,"CYLINDER,CLU MA"
3367,23304EV023,"""FILTER,FUEL"""""
3368,2208Y363,"""GASKET,HUB CAP"""""
3369,18677,GASKET
3370,20618,MOLDED COOLANT HOSE
3371,8980924381,"PIPE; WATER,TUR"
3372,0280512250,BOLT/SCREW;ENG
3373,8983118132,COOLER ASM; EGR
3374,8983665530,"GUARD; MUD,FRT"
3375,0723805160,SCREW; TRAY
3376,8978677221,HANDLE; OUTSIDE
3377,8976843800,SENSOR; PM
3378,8974968131,HOSE; FUEL FILL
3379,8978521158,"REGTR;WINDOW,FR"
3380,8972414162,"""PULLEY,VAC.PUMP"""""
3381,1547967,SHIM
3382,1547981,SHIM
3383,1547982,SHIM
3384,1576011,BRAKE VALVE
3385,1800951,OX ROLLER BAR
3386,1653900,ROLLER
3387,1677356,SHIM
3388,1688-605930,BUSHING
3389,1808887,PVT GR
3390,1770-JSK37HSL,HOLLAND REPLACEMENT TOP P
3391,1546531,LOCK BRACE
3392,8192106910,"BELT KIT,A/C CM"
3393,5878321320,"SHOE KIT; BRK,"
3394,8126947680,PIPE ASM-ENG CO
3395,290KT20220,SEN; SPD KIT RE
3396,8126088140,"SENSOR,ENG COOL"
3397,5876102610,BELT; COOLING F
3398,2104-5279X,KIT
3399,4103-5003066057,SNAP RING
3400,4103-5010056011,FITTING
3401,4215-CRO18,CREEPOLA RUST EATING PEN
3402,2104-30970191,CLUTCH
3403,2104-65440111X,YOKE
3404,2104-63321KX,YOKE
3405,2104-6543561X,END YOKE ASSY
3406,20985896,PULLEY 2158
3407,20509561,VALVE BRIDGE
3408,20706163,PUSH ROD 2148
3409,20705224,FUEL NIPPLE
3410,20705316,WASHER
3411,20567739,HOUSING
3412,20706350,FLYWHEEL
3413,20550901,BEARING
3414,20555832,HUB CAP
3415,21036304,AIR SPRING
3416,20705877,WASHER
3417,20705899,HOSE CLAMP
3418,20576436,NUT RETAINER 2549
3419,20584639,SEALING STRIP
3420,20586428,"NIPPLE, SPARE PART KIT"
3421,20700775,SEAL
3422,20706203,FITTING
3423,20706272,RETAINER
3424,20706346,HOSE CLAMP
3425,20706393,GEAR
3426,20832525,LAMP
3427,20705138,FITTING
3428,20705762,WASHER
3429,20388338,HOSE
3430,20784282,BEZEL
3431,20787900,WIPER-WASHER SWITCH
3432,20960964,PIPE
3433,20786906,CAB BRACKET
3434,20788933,SPACER
3435,20815953,SAFETY VALVE
3436,20929633,CAP
3437,20718277,BRACKET
3438,20498800,U-BOLT ANCHORAGE
3439,20877452,BRACKET
3440,20886399,PIN
3441,20706308,FLANGE SCREW
3442,20706315,SENSOR
3443,20446538,VALVE
3444,20457684,LAMP
3445,20524936,PRESSURE SENSOR
3446,20537842,BUG SCREEN
3447,20825835,ANTENNA
3448,20709280,CABLE SEAL
3449,2096-1360215,ISOLATOR
3450,20714247,SEALING STRIP
3451,21021871,TUBE
3452,21024247,HUB
3453,20833046,BUSHING
3454,20963800,HOSE ASSEMBLY
3455,20866993,INSULATING MATERIAL
3456,20755702,HOSE
3457,20844736,COVER
3458,20527307,SLACK ADJUSTER
3459,20760515,ENGAGING RING
3460,20872497,PULLEY
3461,20999337,CHARGE AIR PIPE
3462,20558862,TERMINAL
3463,20742253,KIT
3464,20771625,GRATING 2563
3465,20469515,ELBOW NIPPLE
3466,21024032,SEALING RING
3467,20757800,HOSE CLAMP
3468,20976531,DECAL
3469,20998401,SHOCK ABSORBER
3470,21000800,TURN CATCH
3471,20700036,PIPE
3472,20704755,WASHER
3473,5435-66829,GAS - MAGNUM 60
3474,4710-05432,CRC DIESEL FUEL THERAPY I
3475,5398-18350,ABSNUTCVR- 33MM TALL-BOY
3476,546-USK552,RH SOCKET ASSY
3477,5828-23122561,CVR CSH20 MACK UPGR SPSTP
3478,5839-AF4222,AIR FILTER- METAL PANEL
3479,5435-66886,GAS - MAGNUM 60
3480,5554-8292001P,YOKE
3481,5462-93027420Z,ARM ASSY 18 NO STRAP SL
3482,5554-1428001,REGULATOR
3483,5166-59214,SEALANT
3484,5396-40010650,SLACK ADJUSTOR
3485,4482-WMUSA62637MM,REPLACEMENT 7MM CROSS LINK
3486,4549-PMXBJ,JAR TYPE OIL TEST KIT
3487,4559-30764,SPRING
3488,4379-RD552150,"VALVE,WATER"
3489,4379-RD552150P,VALVE - WATER
3490,5165-HGM73,MICROPHONE
3491,5396-BE13241,SWITCH LOW AIR
3492,4379-RD42220,"CLIP,CONDUIT"
3493,4732-4AS00033,SERVICE KIT - LOAD SPRING
3494,4559-13158,"SPRING,FLAT"
3495,4379-RD391582P,FOAM FILTER
3496,5396-107216K,REPAIR KIT FOR VALVE HAND
3497,5396-40010071,SLACK ADJ
3498,469543,PIPE FLANGE
3499,5396-40010145,SLACK KIT
3500,4379-RD568681P,EXPANSION VALVE
3501,6635-21312BX,5/8J1402AI TRUCK HOSE(BO
3502,6635-16CTXS,TRIPLE-LOK - PIPE 90 DEG
3503,6635-1203P4,PIPE UNION TEE
3504,6635-2016RL250,5/16REELED 100R5/J1402AI
3505,6635-2082066,REUSABLE FITTING
3506,6450-453124,"HOSE ASSY, 3/8 X 24, 1/4"
3507,66-188975PS,BELLOWS WRAP AROUND
3508,6450-36012,URETHANE SEAL RED
3509,6450-453130,"HOSE ASSY, 3/8 X 30, 1/4"
3510,6450-401146,"VALVE, IN LINE QUICK RELE"
3511,6450-421136,"RECEPTACLE, ZINC, 6-WAY S"
3512,66-189800FA633,SEAT-HERITAGE SILVER HB 2
3513,5839-FF5319,FUEL FILTER SPIN-ON
3514,60112822,SPRING NUT
3515,5839-FS20208,FUEL SEPARATOR
3516,5839-FF5089,FUEL FILTER SPIN-ON
3517,60111181,HEX. SOCKET SCREW
3518,60110293,CLAMP
3519,5839-FS19905G,PLUS SIZE ELEMAX
3520,5839-FS20313,"FILTER, FUEL"
3521,5839-AF55015,AIR FILTER-DIRECT FLOW PR
3522,5839-FS1029W,NON-ELEMAX
3523,5839-FS19551,FUEL SEPARATOR SPINON
3524,5839-LF16465,LUBE FILTER
3525,5839-CC2610,CLEANER
3526,6300-4324102227,SK-STANDARD CARTRIDGE
3527,5839-AF56060,AIR FILTER
3528,5839-HF6343,HYDRAULIC CARTRIDGE SYNTH
3529,7413-10005301,STUD WHEEL METRIC M22
3530,745-K049776,VALVE
3531,7376-47063,L.E.D. CAB MARKER
3532,745-800630,VALVE E-8P
3533,745-K039964,BRACKET ASSEMBLY
3534,745-K039955,BRACKET ASSEMBLY
3535,7376-54562,"STT LAMP,4,RED,SUPERNOVA"
3536,745-K070227,BRACKET ASSEMBLY
3537,745-109995,MAINTENANCE KIT
3538,7413-10084787,ASSY PRESET ROTR FF FRNT
3539,745-289714N,QR VALVE
3540,7413-102190,STUD WHEEL METRIC M22
3541,7413-102279,"BOLT,WHEEL"
3542,7005-R90P,ELEMENT REP 30 MIC 490R
3543,745-5002741,MAINT. KIT
3544,7376-67013,"PIGTAIL, 11LONG, 2-WIRE P"
3545,7139-60572021,TRIM-DOOR WND ANTHEM LOGO
3546,7376-61208007,MOUNTING PAD
3547,7376-401923,"REFLECTOR, 3, RED, STEEL,"
3548,6635-VS269NTA84,AIR BRAKE-NTA MALE ELBOW
3549,7376-66865,"PIGTAIL, 10, ADAPTER HARN"
3550,745-288383N,BRK VALVE BASIC
3551,7376-46412,"CLR/MKR LAMP, RED, SEALED"
3552,70301387,FUSE
3553,6635-VS279NTA42,AIR BRAKE-NTA 45 ELBOW
3554,6635-VS269NTA64,VIBRA-SEALED
3555,7843-3727098,TRAILER WHEEL SET
3556,GBG-6133HP,BEARING
3557,24299766A,HEADLAMP
3558,22599AIP,WIRE ROLL 100 FEET
3559,24225154,FUEL FILTER
3560,23970795,BRACKET
3561,SP559761,Convoluted Air Spring - SP 559
3562,V2B-DS-1-ALX,VALVE STEM CAP-FLOW THROUGH
3563,113144,DURABLE BAG
3564,880-49WF,SIGNAL WIRE
3565,SPRA31,SPRAYWAY CLEAN ALL PURPOSE
3566,11039,RAZOR BLADES
3567,562243012GK,James King Guard King Mud Flap
3568,TR3434009,OIL CAP
3569,371-114CPLGHW,COLLAR
3570,TR9375END,"AIR SPRING, MACK"
3571,13M35151PDC,GASKET PTO .010 8 BOLT
3572,170107515SAL,UNLOADER KIT COMPRESSOR
3573,81765028FT,"HEATER HOSE 3/8"" PER FOOT"
3574,17065624KSAL,ADIP CARTRIDGE
3575,34305P,Rocker Switch
3576,210OT1961M,Socket Wrench 120MM 8PT OTC
3577,1037-0100,"BRASS BALL VALVE-1"" FEMALE"
3578,179094330900120,HD ADJ Control Cable 10FT ORSC
3579,S-A048,BEARING CONE
3580,S17204,L/S 3030 BRAKE CHAMBER
3581,MTB-040333,LAMP-LED
3582,NEB-TU198,ClipStick
3583,836071-PAI,Rebuild Trunnion Kit
3584,509-08-MON,05860 1/2 DRILL BIT
3585,ACE11PIN,PIN CLIP
3586,MS-M5726LG,SOFTTOUCH NAVY RETRO HOODIE NA
3587,R20384EZ,FLANGED SPINDLE
3588,LM406100,"3/8"" POLYETHYLENE SPLIT LOOM"
3589,P293299Q6257FIP,AY-BRKT-CHAMBER
3590,DDEA0229978945,O-RING
3591,MC0005,PIN KIT
3592,PDC-56864B,DRUM
3593,DDFLEET15W40DRUM,DRYDENE FLEET 15W40 55GAL
3594,PSTAS65222-CORE,STEERING GEAR - CORE
3595,PSVC3026-HW,PS DIESEL KLEEN 26 OZ
3596,599-5511DAY,CLIMATE CONTROL MODULE
3597,BP101-8-ALX,"1/2"" Brass Union Tee"
3598,K1868X4,1/4 X 1/8 MALE CONNECTOR
3599,23803888,SENSOR
3600,24447483,COVER
3601,78744666,AIR DUCT
3602,24633965,FILTER KIT
3603,63SX57,PANEL ASSY-LOWER
3604,60117391,HEX. SOCKET SCREW
3605,M3603F-XL,MACK LOGO CREWNECK SWEATSHIRT
3606,23627100,VALVE
3607,82788983,HINGE
3608,500621,"King Pin Kit, Axle Steering Kn"
3609,400-319-0-ARD,FLOAT LEVEL REPAIR KIT
3610,78614132,BUNK FRAME
3611,4009LD,HUB CAP
3612,23566313,FILTER
3613,A4712007815,DETROIT THERMOSTAT
3614,501675-01,"""Air Bellow, Without Shock Abs"
3615,52202PDC,GROTE 12V RECT STOP/TURN/TAIL
3616,4499-324,"KIT,MTG CR CLAMP W/17"" U-BOLT"
3617,50851353FNT,FONTAINE NECK HARNESS
3618,78707569,WIPER ARM
3619,487-394A,BEARING
3620,24333752,OIL SEPARATOR
3621,996537,HOUSING
3622,4X5HOTROLL,HOT ROLLED CHANNEL
3623,57119688571SAL,CONNECTOR PIN
3624,612BRYM,PRO TOTAL LUBE 120Z AERO
3625,DNP584026,"LUBE FILTER, CARTRIDGE"
3626,611003525WKS,LH OUTER WHEEL NUT
3627,29506022,FLEXPLATE
3628,PJI10001483,"BRACKET,5071,PE,CNTR,ANGL"
3629,56475079LAUI,MARKER SIDE IND LIGHT LH
3630,GWON49100WF,8MM NITRILE XXL GLOVES
3631,HM2K8XEN011RA,8 BOLT PTO 489XQAHX-V3XK
3632,MS-M5763,MACK 1940's ARCHIVE CAP NAVY/I
3633,MS-M7897,MACK BUSINESS CARD HOLDER
3634,MS-M8301MD,PURPLE/WHITE TIE DYE TE
3635,KP150029MSC,"PSH-T-CNT- TB FTGS 1/4"" PLUG"
3636,FSC0339,SCREW 130AX271
3637,KWK37-1009,FUEL FILTER
3638,MMM620800C,1/2 UNION
3639,CCC-SK7322150Z,MINOR REBUILD KIT
3640,CGP3089110266,PUMP
3641,HS1600,16' PLATINUM SCRUB BLADE
3642,MS-M0960,BLACK CARHARTT 25L BACKPACK
3643,DAY-461302,SPRING A16-14463-000
3644,DEK05347-999,BAT EYE
3645,F50-2188-140,LINE AC SUCTION
3646,K221-4737-FMT,SPACER
3647,95040SATFMV1401-ABQ,DMX GLOBAL SYN ATF
3648,AFAA3104230,"GASKET,EGR VALVE"
3649,GOJO947,GOJO NAT ORANGE 14OZ
3650,NPA33050R3,RED PENNY LIGHT
3651,R899401060,TIGERFLEX ERGO PLUS-SIZE 10
3652,GC81042,LockNLube® XL Grease Couplers
3653,PAI-136158-TUL,REAR CRANKSHAFT SEAL
3654,LM0011-02KD,BUMPER
3655,SP6-28-347,TUBE YOKE
3656,SP6-3-2651KX,SLIP YOKE
3657,SP250-55-31X,SPLINED SLEEVE AY
3658,M8301-LG,PURPLE/WHITE TIE DYE TEE
3659,FPPF00100,FPPF FUEL POWER 8OZ
3660,NAT370003A,WHEEL SEAL
3661,SP2-53-471,MIDSHIP TUBE SHAFT
3662,S-22844,"COOLANT HOSE 2.5"" X 3'"
3663,S-21187,NEEDLE BEARING
3664,S-25410,NEGATIVE 4 POST BATTERY
3665,S-28230,AIR DRYER
3666,MS19-29055,TYPE 2 SPIGOT CAP
3667,8064-YAK,POWER SERVICE 911 64OZ
3668,84841-143,"1/2""X1/0 BATT CABLE LUG"
3669,BTSTRAPR1-FP,RATCHET ONLY W/FLAT PLATE
3670,950014P,PURGE VALVE REPAIR KIT
3671,C5205X10,FItting
3672,96795-143,3/8X3 PIPE NPL
3673,DW01308-ARD,VOLVO VN WINDSHIELDS
3674,CS25-2-,STRAIGHT CONSPICUITY PLATE
3675,ANCOC24UB,"ANCO Contour Beam Blade - 24"""
3676,ANCOC28UB,"ANCO Contour Beam Blade - 28"""
3677,BTUC01,U-CLAMP/NYLON
3678,C-2016,A/C COMPRESSOR
3679,67202262,45 ELB SW 3/8X1/8
3680,6723342,AB PUSH-ON ML BR T SWV 1/4X1/8
3681,ER00460-999,Washer
3682,CM10083900-TUL,abs
3683,A82-1213-100,STEP SERVICE LH LO
3684,MS-M2440XL,MACK LEGACY RETRO CAP- DARK T
3685,EIK194AF,BULB
3686,672234,AB PUSH-ON UNION 1/4
3687,78CLAMP,7/8 CABLE CLAMP
3688,737300109,3/8 LOOM
3689,88890313CABLE,PTTS CABLE
3690,PM17-148ARD,HD T/BAR SPRING
3691,M9110,BROWN MILITARY
3692,CHL21-P-546,BEARING CAP
3693,FA68142,7/8-9 X 6 HHCS
3694,K37-1017-134,PACCAR FUEL ELEMENT-DEPTH
3695,CHL328170-200X,STUD KIT
3696,7884225-YAK,"2.25"" 90 6"""" LEGS"
3697,OD-7508-TUL,OIL ABSORBENT
3698,OPA70GB,OVAL GROMMET
3699,910-1204R51SATE,SWITCH-CYCLING
3700,GWGN48100-LUB,GLOVEWORKS GREEN GLOVES XL
3701,88890407,VOLTAGE STABILIZER
3702,M7794,GREEN STANLEY BOTTLE 48OZ.
3703,13-380DP,SPRING
3704,21039444MVP,COOLANT PIPE
3705,1787297PE-143,PIPE CLIP
3706,2842D-LOW,DV BULLET UPPER CASTING
3707,24500677,BEARING COVER
3708,23046376X,SEAL
3709,2020760C2TUL,DIPSTICK
3710,15304718L-TUL,TERMINAL
3711,1586573-GCK,1/2-13X2 GR 8 FLANGE BOLT
3712,24037188,LEVEL VALVE
3713,38X38TEFLONPACKING,3/8X3/8 TEFLON PACKING
3714,0261-P06,CITRUS SMOOTH 1/2 PINT
3715,129594-SP,ACTUATOR FORK SNAP RING
3716,14969880000-113,TURBO 3406/C15 600 HP
3717,14969880000-END,NEW TURBO 3406/C15 600-650HP
3718,TDAC95-3299A6787,BRACKET-CAMSHAFT & CHAMBER
3719,053-A668,SPIRAX ATF
3720,UST11225,UB SPRING ASSEMBLY DVR SIDE
3721,WPX-886-41A,AQUAHOT FUEL NOZZLE -35/60DEG
3722,TFEN-SKITP2,FENDER BRACKET
3723,TR47697,WHEEL SEAL/3930173
3724,025NCN,1/4 NUT CAT 9S-8750
3725,TTAC0287,PILOT TIP
3726,23800524,ALTERNATOR
3727,DJ0813C,DPF DETROIT DIESEL W/GASKETS
3728,GPNB48100-FMT,BLACK 5MIL NITRILE XL
3729,MS-M4535LG,CAMO BULLDOG HOODIE
3730,MS-M6343XXL,MACK RETRO GREY HOODIE
3731,MSC48704035-FMT,SAE SIZE 008 HOSE CLAMP
3732,84330-143,COMPRESSION FITTING NUT
3733,JWL1010-GCK,<NEW DESCRIPTION>
3734,TRA026-YAK,SPRING
3735,FP-1334995,"GASKET HEAD, CAT"
3736,JWL1008-GCK,JEWEL HERO WM B/W
3737,TDM2897320-CORE,CORE-INJECTOR MIS
3738,JOHN4602HW-143,10OZ PENETRATING OIL
3739,TP-010-HAY,PULLEY ASSY 42MM X 76MM
3740,KT13041-143,18GA RED PRIM WIRE
3741,TUL1939435PE,FUEL PUMP
3742,MS-M6331XL,MACK 125TH NAVY HOODIE
3743,MWY0003083,LAT HDL
3744,S-23871-HAY,CONTROL VALVE K035691
3745,651520HPAI,CAM BEARING
3746,12210114,TEK SCREW 10X1-1/4
3747,TOT10AUTO4014-OR,FIRST AID KIT
3748,1089-0000,"BALL SEAT 3"""
3749,056008-50-YAK,RING 12-10 VINYL 8-10 STUD (50
3750,10035279,BRUCKNER MUD FLAP RUBBER 24X30
3751,10C5E-10RFJSXWKS,#10 STRAIGHT FITTING REUSABLE
3752,1231058,TEK SCREW 10X5/8
3753,TNUT-F2T,CHROME PLASTIC THREADED NUT CO
3754,TRACLF2001,LEAKFINDER OIL DYE
3755,TR586-TWC,REAR COVER SPIKE 33MM
3756,TRU-FMK-0016,BERM KEYCHAIN KNIFE
3757,TRU-ACC-0009-ABQ,PRIMAL FORGE CANVAS ROLL
3758,03125X450NC,5/16 X 4 1/2 P&O BOLT CAT 3H-
3759,1020-143,7/64 X .75 COTTER PIN
3760,TUL370180,MAIN BEARINGS
3761,105-YAK,LUBRIPLATE NO.105
3762,091401-5-YAK,MAXI FUSE 30 AMP 5PK
3763,TLED-U103,UNI WHITE ROUND WORK LIGHT
3764,571CT0511718100,18in Red/White 100 Strips 7yr
3765,24RU2631P2,MOULDING 8452
3766,25499467,LEVER
3767,379504CCC,CHELSEA PTO PIGTAIL
3768,3711397C3,BUCKLE LATCH
3769,500921-01,"""Boot, Air Spring"""""
3770,334989-YAK,WEAR PAD (S-11613)
3771,3296Y1169WEL,SHIFT FORK
3772,500123-1-99-00,Black VOLVO logo lower corner
3773,3940040,HOSE
3774,333B,FLANGED NUT
3775,341312EPIA,OIL PUMP
3776,35-5950NL-SPK,CHAIN HANGER FRAME MT NO LID
3777,25082656-DEX,FAN
3778,M2655-XXL,MACK NIKE DRI-FIT POLO
3779,RCFC24428,COOLANT FILTER
3780,1905-6400-16,#16MB-#16MJ
3781,57799147R,Harness Weather Pack Connector
3782,1905-6401-16-16,16MB X 16MP
3783,1905-STELL300,"3"" STREET ELBOW"
3784,0MIN003VP,Fuse Mini Blade 32V 3A 5 PC Ca
3785,MR785,Silent Block Freightliner-WWS
3786,60YH24,EPDM ORING
3787,1000-CON1025,CONDENSER
3788,1000-HP12827,HEATER CORE
3789,1000-DF41004,DASH FAN ASSY 12V ROUND B
3790,1000-SWI3211,SWITCH - BINARY
3791,1000-SWI3226,SWITCH - BINARY
3792,1000-HTF532566P,POLY HALF TANDEM FENDER
3793,1000-ACC1275,DENSO 10S15C AFT 8 GR 163
3794,1000-MF2430CD,GUARD
3795,1000-ACC3020,SANDEN STD COMP 8 GR 135M
3796,1000-OR11286,PILOT TIP - 10 PER BAG -
3797,1000-BUMGY021116S,BUMPER MACK CXU 613 2008-
3798,27281,AIR BRAKE HOSE ASSEMBLIES
3799,3082225,PIPE
3800,331411,"KIT,GASKET,HEAD"
3801,27220,HEAVY-DUTY GREEN STRIPE AIR BR
3802,4735-44003-14,FAN HD11
3803,417316,Timken - Seal - 417316
3804,381809,WATER PUMP
3805,1450-28P207,PTO OIL SEAL
3806,M4446-XL,MACK SUPERLINER T-SHIRT
3807,M6663-LG,LADIES MAINSAIL HOODED JACKET
3808,3973535,SEMS SCREW
3809,3975562,SENSOR
3810,34013088L,KIT-BUSHI
3811,86606,C5C HYDRAULIC HOSE - SAE 100R5
3812,72200C,Timken - Tapered Bearing Con
3813,72308,"SUSPENSION STRUT,STRUT"
3814,96-1317,AIR SUSPENSION Z SPRING
3815,603-5510,Fluid Reservoir
3816,8200977,MOTOR 38MT+ 12V
3817,745375,"KIT, SWITCH HARNESS"
3818,99-9430862,HEX BOLT
3819,04-932421,Camshaft
3820,6771322,GASKET
3821,631282,"GASKET,VLV,CV"
3822,631250,"SET,HEAD"
3823,EE96210,"GEAR,DRIVE"
3824,A5020061-001,PLATE STRIKER PIN
3825,A2080168-001,BELT 12K 2010 11.9
3826,GEN2-0330,ABS Valve
3827,G35200-0606,FEMALE SAE 45 FLARE SWIVEL - S
3828,FE410150AW16,SCREW_HEX FLNG 0.5000-13X1.500
3829,GATB87,CLASSICAL SECTION WRAPPED V-BE
3830,A7430039-001,VALVE SOLENOID MODULATOR
3831,K080760,AUTOMOTIVE V-RIBBED BELTS (STA
3832,GSH-6134,SHAFT
3833,HV218965,Actuator
3834,GSD85933,SHOCK ABSORBER
3835,KN18530,GOVERNOR AY
3836,MJB2424ET756,COMBINATION-AIR DISC
3837,EOP-3336,Oil Pump
3838,242-6015,Splash Guard
3839,02-7078078,RESERVOIR
3840,050696,"SENSOR, POSITION"
3841,0416001045,HUB AND STUD/LESS WHL STUDS
3842,09-00238,ACTUATOR ELECTRONIC
3843,131906,KIT-GASKET UP
3844,10900965001,FAN CLUTCH
3845,17-161,Clip - Snap-On
3846,131705,"GASKET,HSNG."
3847,181914,Water Pump
3848,02-7023270,HOSE
3849,18290,MOLDED HEATER HOSE
3850,1ZRE5-VB,THERMOSTATIC EXPANSION VALVE
3851,2104017PEEND,CLAMP
3852,2105005SAL,WRENCH
3853,TDAR801700,PAWL
3854,20414547,BRACKET
3855,RCECA12,ELECTRIC SOCKET
3856,STM3303077,GASKET
3857,20913495,WIRES
3858,TL19200C,LAMP
3859,20727393,COVER
3860,RCVB17525,BELT
3861,20433475,SOUND INSULATION
3862,20513588,HOSE ASSEMBLY
3863,STM4004836,FF36-ZIP-TORQ
3864,STMK961L,QWIK KIT KING PIN KIT
3865,20358792,REINFORCEMENT
3866,20448331,HOSE
3867,TDA2203L9242,SHIM
3868,TDA2297S5349,RING
3869,MIDCF2,CLEVIS
3870,20543346,AIR DEFLECTOR
3871,SP128700,RETAINER
3872,1625705,ATTACHING CLAMP
3873,TDAKIT9304,H/WARE KIT
3874,23760347,LAMP
3875,23112520,BELT TENSIONER
3876,23340100,BRACKET
3877,22392426,SWITCH
3878,22996406,HANGER
3879,23002757,WIRES
3880,21592733,BUG DEFLECTOR
3881,23054123,LOCK KIT
3882,20559519,DECK PLATE
3883,21267415,FUSE
3884,22542178,BRACKET
3885,23343328,SEAT BELT
3886,23933333,BRACKET
3887,22024051,TENSIONING NUT
3888,22498678,DISPLAY
3889,20584489,MUDFLAP
3890,24001414,CURTAIN
3891,TL22202R,LAMP
3892,22596947,TRIM MOULDING
3893,21311263,GEAR LEVER
3894,21575956,HOSE
3895,22875536,SHELF
3896,21427371,LOCK ATTACHMENT
3897,22935838,DOOR
3898,PAC12191819L,TERMINAL
3899,STM3929131,SET
3900,20941721,AIR DEFLECTOR
3901,22335606,INLET PIPE
3902,TDAR824001,SLACK ADJUSTER
3903,24061732,PASS-THROUGH
3904,3090884,KIT
3905,24185874,WIPER BLADE
3906,1117458,NOZZLE ASSY
3907,22996399,HANGER
3908,23004051,MEMBER
3909,MON65494,SHOCK ABSORBER
3910,20446926,BRACKET
3911,23244006,SEAT BELT
3912,PAC12048074,TERMINAL
3913,22074666,PIPE
3914,PTTVOLVO,"TOOL,PREM TECH"
3915,22328112,SUN VISOR
3916,22329205,COVER
3917,23710266,ELECTRONIC UNIT
3918,84701531,SUPPORT
3919,82795884,EMBLEM
3920,FULA6909,KNOB
3921,82728472,BRACKET
3922,82735780,BRACKET
3923,85104154,KIT
3924,FULK3492,KIT
3925,82749509,AIRFLOW DEFLECTOR
3926,82756017,PANEL
3927,DNP553000,FILTER
3928,85116214,WIPER BLADE
3929,FULS1967,TOWER KIT
3930,ECC510,ALARM
3931,BWK065544,BRAKE CHAMBER
3932,84046828,PIPE
3933,85152785,STRAP
3934,84200941,EXTENSION
3935,BWNT3030ELSKIT,SPRING BRAKE
3936,FUL4303124,SPACER
3937,84205181,REINFORCEMENT
3938,85102329,LAMP
3939,CHR42672,OIL SEAL
3940,85107409,SPRING
3941,893983,BUSHING
3942,82719135,MIRROR
3943,FUL14347,GASKET
3944,85130407,SNAP RING
3945,FUL4305230,COVER
3946,85104648,KIT
3947,BW234101N,DIAPHRAM
3948,83601-3206,LAMP
3949,85108724,COVER
3950,85108735,KIT
3951,85110316,SERVICE KIT
3952,82736573,BRACKET
3953,82741337,BUMPER
3954,9998499,CONNECTION PIECE
3955,82756267,TRIM MOULDING
3956,BDPF00520,PK LF3000 SER FCON -3 TUB
3957,82787434,BRACKET
3958,FUL4300382,WASHER
3959,FUL4302506,GEAR
3960,FUL4302670,GEAR
3961,FUL4306894,RETAINER
3962,8081948,END YOKE
3963,82334903,MIRROR
3964,8061489,HUBODOMETER
3965,3968164,FUSE
3966,8079729,BRACKET
3967,3154251,RUBBER CUSHION
3968,3918955,HUB CAP
3969,8083871,AIR SPRING
3970,8085988,EXHAUST PIPE
3971,8141410,DOOR STOP
3972,8141836,ELBOW NIPPLE
3973,8061486,HUBODOMETER
3974,78564998,BRACKET
3975,82654958,CLOSURE
3976,8079727,BRACKET
3977,BWK033223,SPRING BRAKE VALVE
3978,BWK117629N,CAMSHAFT
3979,CHL329202X,INDICATOR SWITCH
3980,BWE11107860,PAD SET
3981,MID109994K,CARTRIDGE FOR AIR DRYER R
3982,MID107794RX,AIR DRYER CARTRIDGE
3983,MID11304,FITTING BULKHEAD
3984,LOP10030,GREASE
3985,MVBV10W30DRUM,VOLVO ENGINE OIL VDS-4.5
3986,TR38000,AIR SPRING
3987,BWK125329NFIP,SPIDER PIN ASSEMBLY
3988,LNL65011,locking air chuck
3989,5GA,NEW Super-LED® 5G Warning Lig
3990,T1765,7' x 28' ASPHALT TARP
3991,CLE11241,"Wiper Blade 24"" Sentinel"
3992,CP18X134-LEW,1/8 X 1 3/4 COTTER PIN
3993,NVEVB,PRESSURE RELIEF VALVE
3994,DAY-M65486,SHOCK 85088
3995,DHB4131PAI,COMP HUB GEAR
3996,HOWE103060-NW,DIESEL FUEL TREATMENT 64OZ
3997,MS-M8203,MACK TOY CITY 4 PACK
3998,PHP15-770,SOCKETBREAKER
3999,10748-FMT,"SLEEVE, NTA AIR BRAKE 5/8"""
4000,S-18626,POGO STICK FOR AIR/ELEC LINES.
4001,NB12390DIBC,M8-1.25 MET THD REPAIR
4002,NP50B04000,2X4 BLACK NIPPLE
4003,TDBF9927,High Efficiency Fuel Spin-on
4004,RE-645107,"6"" SMALL DIA TIRE PLUG REFILL"
4005,TR3434009-SPK,ALUMINUM HUB CAP
4006,1107077SH,1 1/4 CONNECTOR
4007,WF1002GR,RED SAFETY FLAG W/GROMM
4008,SEA320100,CH. VALVE
4009,029306FF,PILOT BEARING
4010,065680-143,POLAR SWING BOLT PIN
4011,PCCSC-38-30B,SHOCK CORD
4012,101-B85874,WATER TRUCK PUMP
4013,126-13175,"5TH WHEEL POLY DISK GLL32""-MS"
4014,131529PAI,OIL COOLER COVER GASKET
4015,15000-JMS,HARDENED MOUNTING STUD
4016,5315-GCK,1/8 ST ELBOW BRASS
4017,GWON49100-TYE,ORANGE GLOVES XXL
4018,M2816-AMA,MACK ROYAL RETRO BP CAP
4019,CRK4041G,PROVOKE ZAP KINEMATIC
4020,CUM2669,COVER GASKET
4021,DAY-M65494,SHOCK
4022,M3750,CAM WASHER
4023,ABR12136,"36"" BRAKE HOSE 1/2""""X3/8'"
4024,HD194001A,194 LED AMBER
4025,JAK243038GK,3/8 MUD FLAP 24X30
4026,M748,CAM WASHER
4027,ET85835,IPG BLACK ELEC TAPE
4028,HEROWBCWMLP-GCK,WATERMELON LED CL/BLUE MARKER
4029,LPL26SKB,LICENSE PLATE LIGHT LED
4030,BPRHC125,"T-BOLT CLAMP , 1-3/4"""
4031,708-143,5/8-11 X 5 TUFF TORQ BOLT
4032,MS-M2813,MACK RETRO ALLENTOWN BLACK HAT
4033,MS-M4654MD,KING OF THE LOAD TSHIRT
4034,C1311-O-R,"R S-CAM 11-1/32 OS 2.16"" BORE"
4035,925022-WKS,SHOCK
4036,925029-HAY,SHOCK
4037,925118-WKS,SHOCK
4038,925124-HAY,SHOCK
4039,925344-HAY,SHOCK ABSORBER
4040,1102005H,Camshaft Repair Half Kit
4041,1141213,Washer
4042,12010082002,Camshaft RH
4043,12228112202,Camshaft RH
4044,12224100002,Camshaft RH
4045,1342831,Manual Slack Adjuster 5.5in-6.
4046,170QR1401A,Quick Release Valve 1/4in NPT
4047,170800517,MV3 Type Dash Control Module
4048,170131081,ST4 Type Safety Valve 250 PSI
4049,170323913AP,Console 13in for AV195/295 Ser
4050,1746918,Transmission Selector Valve
4051,17711574C,PLC Standpipe Adapter 1/4 X 3/
4052,1731105GT,Air Solenoid Valve GT Developm
4053,1771001,Poly Split Loom 1in ID - 100FT
4054,1777915,Air Shift Hose Assy 15in
4055,17713B6210,Brass PLC Union 5/8in
4056,17716928D,Hose Coupling 1/2IN x 1/2NPT
4057,1773034,Tender Kit 20in Single Spring
4058,1777218,Air Hose Assy 3/8in 3/8in Pipe
4059,1777822,Air Hose Assy 1/2IDx3/8NPTx22I
4060,17712C626,PLC Union Connector DOT 3/8in
4061,1772208,Push-On Hose 1/2in ID X 50FT
4062,1775012,Nylon Tubing 3/4in OD X 50FT B
4063,17784210,SAE Union Coupling 5/8in
4064,1779124C,Street Elbow 45 DEG 3/8NPT
4065,177T17032,Thru Tee Assy Dual Wheels PSI
4066,17786912,Push-On Fitting 3/4in Hose Spl
4067,1779110ED,Bushing 3/4NPT x 1/2NPT
4068,465LUK05,Power Steering Pump
4069,566CT64648,Continental Air Spring Triple
4070,562U3106SST,Band Clamp Preformed Torca 6in
4071,566CT66521,Continental Air Spring Rolling
4072,562U64509,Muffler 4in Inlet 5in Outlet 9
4073,562U6509,Muffler 5in Inlet/Outlet 9in B
4074,56414012C,Grille Chrome Freightliner
4075,562317,Bar Hanger Kit - Angled w/5.5i
4076,562434,Spring-Loaded Hanger Straight
4077,562438,Spring-Loaded Hanger Angled Bl
4078,566CT64394,Continental Air Spring Rolling
4079,562A4032BBX10,Chrome Plastic Thread On M22x1
4080,56496088,Fog Lamp LH-RH LED Volvo VNL-V
4081,562CEB31A,Cab Entry Box 15x30x30.5 Alumi
4082,56273071141,Emergency Warning Triangle 3 P
4083,56446366C,Front Bumper Trim Chrome Freig
4084,5629144,FENDER - HALF TANDEM MTG HDW K
4085,562B1501C,Front Hub Cap 5 Notch 7/16in L
4086,562U3405C,Flat U-Bolt Saddle Clamp 5in C
4087,562U4545E12A,Exhaust Elbow 45 Deg 5in ID-OD
4088,562U724010G,Flex Tubing 4in X 10ft Galvani
4089,1782051BK,Wire Starter Cable 2 GA 100FT
4090,56120010B,Hose Clamp 0.56in to 1.06in Br
4091,56129415,V-Band Clamp
4092,179SC22DB,Service Chamber Type 22 Disc B
4093,179YK5012,Clevis Kit Meritor Type 1/2in-
4094,56446043C,Headlamp Bezel LH Freightliner
4095,18010610,Drive Flange Gasket
4096,562442,Conspicuity Reflector Plate Se
4097,562U6281459,Exhaust Bracket Mack
4098,462ES9177L,Tie Rod End
4099,5627594,SHIFT LEVER BOOT LOWER
4100,5629134,Fender Mount Kit Triangle LH O
4101,56120012,When Inv. is Depleted Use 561.
4102,562BZ40VC,Light Bezel w/Visor 4in Chrome
4103,56362001,Mirror Assy LH Mack
4104,465TRW26,Power Steering Pump EV-Type
4105,562488,Spring-Loaded Hanger Angled Ch
4106,462ESK305,Radiator Rod End Kenworth
4107,562804,Anti-Sail Bracket Stainless St
4108,56120006B,Hose Clamp 0.44in to 0.78in Br
4109,562F1004C,Unitized Rear Axle Cover Kit
4110,465TRW16,Power Steering Pump PS-Type
4111,17855503,Relay Micro ISO - 5 Pin 12V 35
4112,1791059,Socket 7 Way ISO
4113,182SKF428,SKF Bearing Set
4114,460260CP,King Pin Kit Premium
4115,460542N4,Upper Seal for 460.542N
4116,2016359,Wheel Stud
4117,181A46300,Oil Seal Automann CR Type
4118,1782024BK,Battery Bar Negative Black
4119,2017541,Drive Flange Stud
4120,1791024,Socket 4 Pin
4121,179DT16,Diaphragm Type 16
4122,18010649,Hub Cap
4123,18010642,Hub Cap Window Kit
4124,178304810,Lug Copper 4 GA 3/8in Stud - 1
4125,182409,Wheel Bearing Kit 45220/45280
4126,7554305294,Shift Tower Gasket Eaton Fulle
4127,62-155,Spring
4128,566ER9373,Econoride Air Spring Rolling L
4129,755GH108,Grease Hose for Clutch 8in
4130,571LD26A13,Marker Light LED 2in X 4in Bul
4131,57796522,Temp Sensor Coolant Mack-Volvo
4132,57796533,Level Control Sensor Volvo
4133,571H5006,Headlamp H5006/2C1 Low Beam 12
4134,5721032,Fuel Tank Vent
4135,577ABF10,Blade Fuse 10 Amp - 5pk
4136,571PT103,Pigtail 3 Wire
4137,57244209,Oil Filler Cap 1.375in
4138,571LD31A9K,Marker Light Beehive Kit LED 2
4139,5791258,Oil Drain Pan 58 Quart
4140,5731010172,Hinge Wabash
4141,573DC110G2,Door Cable 1/4in Galvanized 11
4142,5791205,Funnel Plastic 48oz
4143,5751029,Power Steering Reservoir Peter
4144,5751083,Coolant Reservoir Volvo
4145,571H9007,Halogen Capsule 9007/HB5 12V
4146,5681018,Landing Gear Sand Shoe Axle
4147,571LD194A5P2,LED Bulb 194 Amber 2pcs Premiu
4148,571LD25CAR38R,Pedestal Light Square Double F
4149,571LD322A17,Cab Marker Light LED Amber
4150,57775004,Turn Signal Peterbilt
4151,571LD60A40K,F/P/T Light Kit LED 6in Oval A
4152,5773038,Wiper Control Switch IHC
4153,571LD30A10MV,Marker Light LED 2in Amber 10-
4154,571LD8CAL6,Warning Light Mini Strobe LED
4155,5681004,Landing Gear Handle 10.00in
4156,57759964,Wiper Motor Kenworth-Peterbilt
4157,57759507,BRAKE PSI SENSOR
4158,83031038,Air Conditioning Compressor 7H
4159,8154120476F,Continental V Serpentine Belt
4160,DLS780300,Delrin Sleeve Watson & Chalin
4161,HLK7046K,Washer Fluid Pump Kit
4162,HLK2810,Isolator Mount Air Cleaner Fre
4163,M134730SKR,Hood Pivot Lower Assembly RH P
4164,DN8,Deep Nut 1-1/4in-12 GR8
4165,EQ012K,Equalizer Kit Freightliner
4166,M1214,Side Bar Kenworth
4167,HLK1047KUB,Hood Latch & Bumper RH Poly Fr
4168,M1318,Hanger Front Hendrickson
4169,KPPKT2,Pocket Insert Kit Holland
4170,HLK2214,Hood Cable Peterbilt
4171,HLK7007,Wiper Arm Volvo
4172,C1181012GR8,Bolt 1-1/8-7in X 10-1/2in Wats
4173,AUBK8161124,U Bolt Kit 7/8in X 3in X 12-1/
4174,AB1DK23P9974,Air Spring Rolling Lobe
4175,AB1DK23N9321A,Air Spring Rolling Lobe- Alumi
4176,AB1DK23NP817,Air Spring Rolling Lobe
4177,AUBK8351233,U Bolt Kit Semi RND 3/4 X 3 X
4178,AUBK8161144,U Bolt Kit 7/8in X 3in X 14-1/
4179,A85065,Gabriel Shock Absorber
4180,A89409,Gabriel Shock Absorber
4181,AB1DK23F8964,Air Spring Rolling Lobe
4182,MHT893,Frame Hanger RH Hendrickson/Tu
4183,MFB340212C,Flange Bolt 3/4in X 2-1/2in GR
4184,MMB4,Bronze Bush 1-1/2 X 1-1/4 X 3-
4185,MHS46430,Saddle Assembly Hendrickson HN
4186,MMS6206UB,Shackle Kit Mack
4187,MHS6257,Spring Seat RH Hendrickson
4188,MR822,Silent Block
4189,MCB630,Center Bolt 1/2in X 4in
4190,M5332,Spring Bolt; Can Try M4922 Vol
4191,M6112,Hanger Front Wide Fruehauf
4192,M1316,Hanger Ford
4193,M5451,Spring Pin Volvo
4194,M1739,MACK PHONE STAND
4195,M17402PLKUB,Guide Assembly Poly Kenworth
4196,M17411K2H,Motor Mount Kit Kenworth
4197,M4984,Spring Pin Mack
4198,TMR520E,Torque Rod 17.340in Poly Peter
4199,PHI1296888,Union Tee PLC QWIK-FIT 1/2in T
4200,MR830UB,Silent Block Poly
4201,MSRK3760,LINKAGE KIT ADJUSTABLE UNIVERS
4202,MSRK53,Service Repair Kit Watson & Ch
4203,PHI16713,Plug - 7 Way Blade RV Type
4204,NEP50280,U Joint - 1710 Series - BP Typ
4205,PRX51813,Anaerobic Gasket Maker 50ml
4206,PRX81630,Hi Temp Red RTV Sil Gasket Mak
4207,PRX82194,High-Torque RTV Sil Gasket Mkr
4208,MPM434UB,Hinge Bushing Poly Premier
4209,MSB684UBK,Trunnion Bushing Kit Mack
4210,PRX27200CTN,High Temp Threadlocker RED 10m
4211,MVV46,Bronze Bushing Volvo/Chevrolet
4212,4305452,"DIAGRAM,WIRING"
4213,TRI221,Wiper Blade TRICO Exact Fit&re
4214,4357142,"CLAMP,HOSE"
4215,4325416,"GASKET,EXH OUT CONNECTION"
4216,5259499,"SEAL,OIL"
4217,5308314,"VALVE,DOSER FLUID SHUTOFF"
4218,5293749,"HARNESS,WIRING"
4219,5301158,"MODULE,OUTLET"
4220,5417959,"HARNESS,WIRING"
4221,5477432,"CORE,COOLER"
4222,6379407,"KIT,PISTON RING"
4223,6410399,"KIT,WATER PUMP"
4224,5566375,"SENSOR,PRESSURE"
4225,5550398,TURBOCHARGER ACTUATOR KIT
4226,5579176,"KIT,FILTER"
4227,5473239,"KIT,WATER PUMP"
4228,SP72263-JX,BOWL
4229,T6060T6SQ-MON,SQUARE TUBING
4230,UF106,"PAC, UREA"
4231,3027924,"GASKET,CONNECTION"
4232,3019174,"BEARING,MAIN"
4233,2871541,"ELBOW,TUBE CONNECTOR"
4234,2882087,"KIT,CON ROD BEARING"
4235,3082315,"GASKET,EXHAUST MANIFOLD"
4236,3070486,"SLEEVE,INJECTOR"
4237,3033727,"HOUSING,FUEL PUMP GEAR"
4238,3201585,"SEAL,O RING"
4239,3164067,SEALANT
4240,3679102,"SCREW,TWELVE POINT CAP"
4241,3412921,"SCREW,HEX FLANGE HEAD CAP"
4242,3871707,SOLENOID ASSEMBLY
4243,3903652,"CLAMP,V BAND"
4244,3689355,"PIPE,EXHAUST OUTLET"
4245,3691280,"TENSIONER,BELT"
4246,3691512,"TUBE,FUEL SUPPLY"
4247,3823718,"COMPOUND,RETAINING"
4248,3684360,"SEAL,GROMMET"
4249,3686018,"SHAFT,IDLER"
4250,3689567,"GASKET,CYLINDER HEAD"
4251,3824040,"COMPOUND,THREAD LOCKING"
4252,3688791,"NOZZLE,PISTON COOLING"
4253,3689620,"GEAR,IDLER"
4254,3691476,"ELEMENT,BREATHER"
4255,3958414,"SEAL,O RING"
4256,3936876,"SEAL,RECTANGULAR RING"
4257,3942143,"SCREW,BANJO CONNECTOR"
4258,3946188,"SEAL,O RING"
4259,3955045,"TUBE,FUEL SUPPLY"
4260,3925343,"KIT,SEAL"
4261,3969988,"GASKET,CONNECTION"
4262,16980,Oxygen Sensor
4263,18025,Transmission Filter
4264,4604,WHITE LITHIUM GREASE
4265,ME220642,"SENDOR,FUEL FILTER,E"
4266,ME227678,"GASKET,EGR PIPE"
4267,ME558158,"HOSE,EXH CONTROL,EG,"
4268,MK613630,"SPRING,FR,LH,FEC72/9"
4269,MF430006,"*NUT,ENG OIL 10"
4270,MF430123,"NUT,TIE ROD 12"
4271,ME222804,THERMOSTAT
4272,MF660063,"**COPPER GASKET,D=10"
4273,ME302143,INJECTOR
4274,MB390572,"VENT,FUEL TANK"
4275,MT420341,*NUT WHEEL 19
4276,4303362,SNAP RING
4277,4304614,SHORT KEY
4278,4720137330,"""CYLINDER,MASTER"""""
4279,53530E0010,HOOD LATCH ASSEMBLY MY10-16
4280,567,Timken - Tapered Bearing Con
4281,4351237121,DISC - FR
4282,80340,1/2-13X2 PERMA PLATED
4283,75311E0010,EMBLEM HINO H CHRM GRILL FRONT
4284,85212E0010,BLADE - WIPER - RH (22INCH)
4285,8202,FORD OIL CAP
4286,82121E0701,WIRE ENGINE
4287,80970,AIR LINE ANTIFREEZE
4288,8981227830,GASKET; ELEMENT
4289,9095714140,GASKET; DRAIN P
4290,8973007903,THERMOSTAT
4291,8981095701,COMPRESSOR ASM;
4292,8981667410,STAY; OUTSIDE 1
4293,9005,HEADLIGHT BULB
4294,89429E0030,SENSOR-EXH TEMP/FLAME THERMO
4295,8980318440,GASKET; INJ PUM
4296,8981101300,"HOSE; WATER,RAD"
4297,8942919270,RETAINER;RAD GR
4298,8975579232,LAMP ASSY PASSENGER
4299,8975812340,"NUT; BRKT,AIR D"
4300,8941743520,SHIM
4301,8982995410,SENSOR; TEMPERA
4302,8942488833,BEARING; ROLLER
4303,94706,"HARN-ADPT,PL3 TO SURE SEAL"
4304,91552F1240,BOLT- FLANGE
4305,KIT2467,AXLE HARDWARE - BOLT ASSEMBLY
4306,HM813843,BEARING CONE
4307,K022105,VALVE ASSY-PUMP
4308,VEL017223,"CAP FEMALE PIPE FITTING,"
4309,VEL017993,"45DEG SWIV ELB,PUSH-LK 3/"
4310,TL4060C,LED SIGNAL STAT B/U
4311,WAB4324139292,Purge Kit
4312,VEL035087,FRAME COUPLING 3/8 FPT
4313,TL60280Y,NDK 60 LED SEQUEN A
4314,THUB-4N,Wheel Accessories - Hubcap - C
4315,VEL05614625,BUTT CONNECTOR 12-10 CSS
4316,TL33250R,LED 33 SERIES MARKER/CLEA
4317,VEL708502,8-1/2 OFFSET MOUNT CONVEX
4318,CHO223079PAIL,"DELO SYN-TRANS XE, 75W-90"
4319,DCO5060665,V-RIBBED BELT
4320,CM10018436,WHEEL STUD
4321,DNDBL7405,"LUBE FILTER, SPIN-ON FULL"
4322,DNP164378,HYDLC SPNON 03.82X09.44 I
4323,DNDBL7670,"LUBE FILTER, SPIN-ON FULL"
4324,WUR8890925,GLASS CLEANER 19OZ
4325,WUR1731115,MINI FUSE BLUE 15AMP
4326,FGAF25248,AIR FILTER
4327,FGHF6056,HYDRAULIC FILTER
4328,FGLF777,LUBE FILTER
4329,DNP550847,"FUEL FILTER, WATER SEPARA"
4330,DNP550964,"LUBE FILTER, SPIN-ON FULL"
4331,FGAF26212,AIR FILTER-SECONDARY
4332,FGFF236,FUEL FILTER
4333,DNP554403,"LUBE FILTER, SPIN-ON FULL"
4334,DR8600313,ALTERNATOR 28SI 12V 200A
4335,FGLF796,OIL FILTER CELLULOSE SPIN
4336,FGLF17531,OIL FILTER CELLULOSE SPIN
4337,FGLF17810,LUBE FILTER
4338,FGHF6723,HYDRAULIC SPIN-ON WIRE ME
4339,FGAF55308,AIR FILTER
4340,FGFS19593,SEPARATOR - PAC / REPLACES R50
4341,FGFS19902,FUEL SEPARATOR SPINON
4342,FGFS20089,FUEL SEPARATOR SPINON
4343,FGUF106,SCR UREA
4344,DNP530643,"AIR FILTER, PRIMARY ROUND"
4345,FGFS20207,FUEL SEPARATOR
4346,FGFF5871,FUEL FILTER CARTRIDGE PLA
4347,DNP534096,"AIR FILTER, PRIMARY RADIA"
4348,FULK4134CL,LCIB BRAKE ASSY
4349,FGAF888M,AIR FILTER-PRIMARY
4350,FGFF5333,FUEL FILTER SPIN-ON
4351,FUL4302413,"GEAR, M-SHAFT, AUX RDCN"
4352,FGFS20087,FUEL WATER SEPARATOR INTERNATI
4353,DNP550550,"FUEL FILTER, WATER SEPARA"
4354,DNP614544,"AIR FILTER, PANEL VENTILA"
4355,DNP628327,"AIR FILTER, PRIMARY RADIA"
4356,DNP181050,"AIR FILTER, PRIMARY FINNE"
4357,DNP502489,"FUEL FILTER, WATER SEPARA"
4358,DNP552040,"FUEL FILTER, WATER SEPARA"
4359,DNP552206,"LUBE FILTER, CARTRIDGE"
4360,DNP557440,FILTER
4361,DNP551838,"FUEL FILTER, WATER SEPARA"
4362,DNP553009,"FUEL FILTER, SPIN-ON"
4363,DNP535396,"AIR FILTER, SAFETY RADIAL"
4364,DNP553995,"FUEL FILTER, SPIN-ON SECO"
4365,DNP569383,HYDLC SPNON 03.66X08.06 I
4366,DNP206614,"FLARED ADAPTER, 4 IN (102"
4367,DNP181163,"AIR FILTER, PRIMARY ROUND"
4368,DNP562255,"HYDRAULIC FILTER, STRAINE"
4369,DNP536527,"AIR FILTER, PRIMARY RADIA"
4370,FG89714K,"4 FLEX, PR FOOT"
4371,DNP566272,"HYDRAULIC FILTER, CARTRID"
4372,DNX004816,"INDICATOR, SAFETY SIGNAL"
4373,DNP550516,FILTER
4374,DNP550596,"LUBE FILTER, SPIN-ON FULL"
4375,DNP608675,"AIR FILTER, PRIMARY OBROU"
4376,DNP550008,FILTER
4377,GRO91963,"REPLACEMENT LENS, YELLOW,"
4378,GRO54362,SUPERNOVA 4IN NEXGEN LED LAMP
4379,IS76223,STAR WASHER 10 EXTERNAL
4380,IS76377,DOM LOCKWSHR 3/4 ALLOY
4381,IS6707,EXPNSN PLUG 29/32 CUP
4382,IS70740,COTTER PIN 3/16X2
4383,IS74133,16-14 FEMALE BULLET .180
4384,IS69137,HX.HD.TYPE F 3/8-16X1-1/2
4385,IS61384,PH PAN SMS 10X1/2
4386,IS71161,SEAL-A-CRIMP YEL5/16-3/8R
4387,IS71280,TERM NON INS ML QK 16-14
4388,IS72364,HOSE CLAMP CONST TORQUE
4389,IS74850,RUBBER CUSH CLIP 3/8
4390,IS80866,FUSE HOLDER SEALED
4391,IS77613,EXTRA THICK 3/8 G8 FLAT
4392,IS71714,TANK VALVE 1/4 NPTM
4393,IS90733,A/B 45 MALE ELB 5/8X1/2
4394,IS9103,THREADLOCKER RED 6 ML
4395,IS90330,PIPE COUPLG 3300X2
4396,IS90373,PIPE 45 ST E 3350X8
4397,IS90378,PIPE ELBOW 3500X2
4398,IS90721,A/B MALEBRCH TEE 3/8X3/8
4399,IS61396,PH PAN SMS 12X1/2
4400,IS87614,THICK WSHR 7/16 GR8 FLT
4401,IS16177,HX CP PL USS 7/16X2-1/4 8
4402,IS17154,HX CP PL SAE 3/8X2-1/2 8
4403,IS15603,FLNG BOLT MM M6-1.0PX20
4404,IS15245,HEX CAP 10.9 M16-2.0X50MM
4405,IS15690,FLANGE NUT M14-2.00 BL
4406,IS24605,CRIMP SLEEVE FOR1/16CABLE
4407,IS16127,HX CP PL USS 5/16X1-1/2 8
4408,IS16196,HX CP PL USS 1/2X1 8
4409,IS17225,HX CP PL SAE 9/16X2-1/2 8
4410,IS16135,HX CP PL USS 5/16X3-1/2 8
4411,IS15602,FLNG BOLT MM M6-1.0PX16
4412,IS16146,HX CP PL USS 3/8X3/4 8
4413,IS18146,SKT CAP 3/8-16X3/4
4414,IS17261,HX CP PL SAE 3/4X1-1/2 8
4415,IS11155,HEX CAP MM M8X1PX30MM
4416,IS11193,HEX CAP MM M12X1.25X25M
4417,IS11405,HEX NUT MM M10-1.00
4418,IS91253,A/B ML RUN TEE 3/8X3/8
4419,IS91212,A/B UN TEE 1/2 PUSH IN
4420,IS96257,STEEL FIT 37 C5129X4
4421,BD10820,"UNION, BRASS, 45DEG SAE F"
4422,ATRMA10000,TRUNNION BUSHING
4423,ACH16932,HUB CAP
4424,BD11148B,"TEE, MALE BRANCH, BRASS P"
4425,BD23271,BUTT CONN 2/0 NON-INSULAT
4426,BD2019110,"ALL SEASON WIPER BLADE, 1"
4427,BD23832,TERM- BOWMA SEAL 3/8 STUD
4428,ATRCB38010,CENTER BUSHING KIT
4429,26-124,STARTER RELAY
4430,23520820,SCREW ASSY
4431,2354WW,REAR ROLLER
4432,240-PTCN075,3/4 KC NIPPLE
4433,2400-BP83,INDSTRL V-BELT
4434,249-119705,PIVOTING ARM
4435,277-M2770,HUB CAP
4436,29544105,FLEXPLATE ASSY
4437,277A-0008,SHOCK ABSORBER
4438,277-HU1F,EQAULIZER
4439,2396807,CLAMP AS-V-B
4440,278-2060-0000,6 FEMALE (BLACK)
4441,2799,"""CLUTCH, FAN"""""
4442,BDB102061,"LOCTITE 242 THREADLOCKER,"
4443,2330-61000935,"Wheel Stud M22x5.09""L"
4444,2253989PE,OIL FILTER ELEMENT
4445,27282,"3 WIRE, FEMALE WEATHERPACK PIG"
4446,29541896,no des
4447,29541895,"SOLENOID-IN BORE, NORM HIGH, O"
4448,BD7515BFT,100FT BLACK SPIRAL WRAP 1
4449,BD7790FT,WIRE LOOM 5/8 SPLIT PLAST
4450,BD39562,GR. 8 HEX NUT 5/16-18
4451,32811932,EXPANSION TANK
4452,381032,CAP SCREW
4453,415035,SEAL
4454,416-600-1WC,"""CLAMP WORM 6"""""""" BALL SEATS"""""
4455,35-P-152,PTO GASKET .020
4456,336015,"KIT,SEAL,CRANK"
4457,371-16MB-16MP,16-1F5OFS ADAPTER
4458,35088,HELICOIL
4459,33806-A,BRASS SLEEVE
4460,3400322FTW,CONDENSOR (22386057)
4461,360440E,"ASSY,HD,CYL."
4462,3400X4X2,FITTING
4463,3211-FMT,"""4 SPRING LOWER BULLET ARM 70"""""
4464,373816,"1"" WASHER"
4465,3900-027,O-RING 56AX456
4466,356-4119,HUB CAP
4467,3566167C1,IHC AXLE GASKET
4468,57KY101X,BOLT KIT RA474
4469,5411BGC,3/8 OD T/HOSE
4470,6268,MAGNA LUG 3/0 GA HEAVY
4471,631281,"GASKET,VLV.CV"
4472,5405-08-12,MP x FP - Increase-Extension C
4473,5051212,CLAMP
4474,542012P,.003 SHIM
4475,49478,"""FILTER,AIR"""""
4476,60X12,CO SLEEVE
4477,5704,DOOR LATCH KIT
4478,5F3106,SEAL
4479,61352-ALX,BOTTOM FIXTURE-TODCO STYLE
4480,5575840,"""FILTER,OIL"""""
4481,5526050,1/2 SILICONE HTR HOSE
4482,5972,THRUST WASHER GWA-5972 223KD26
4483,6182,SEAL 88AX370P3
4484,6400-04-04,MJ x MB - Straight Thread Conn
4485,550981,BEARING
4486,621-2508220SUL,SVC HD 7IN MON W/SQR UT LPM CA
4487,640015,"BOLT,S60 HEAD"
4488,6F7031,BOLT
4489,657018XWKS,STRAP KIT
4490,7101,CLAMP KIT BWK-7101
4491,75400,CRD93 GEAR SET 24KH1915B
4492,6V4248,BOLT
4493,57796538,Blower Regulator Volvo
4494,652578BSM,SWITCH
4495,6839819,BEARING
4496,72197,ATM MINI FUSE 20 AMP
4497,599027,"1 1/2"" X 1 1/4"""" STEP DWN CONNE"
4498,612F-U-NL,BUMPER
4499,703-1699,thermostat
4500,72R0210,SWITCH
4501,6-3-28-17,1760 4X134 WELD
4502,71546,CURVED RADIATOR HOSE
4503,6251,CROSSLK
4504,70-175,1.75 SILICONE HOSE(PER INCH)
4505,62PTC-6-ALX,"3/8"" BRASS UNION"
4506,691830,"TUBE,DRAIN"
4507,481107C91,IDLER GEAR
4508,447GC216A,THERMOSTAT SEAL
4509,3922X-018-134,BRAKE DRUM
4510,2U1493,SEAL L
4511,33806BY36,FITTING
4512,4530VRBL,4X30 WINCH STRAP BLUE
4513,300100225051,T-BOLT CLAMP 2-1/4-2-9/16
4514,AD8MP-BPLUG,"1/2"" BRASS PLUG"
4515,9X6620,LOCK-NUT
4516,900501624,14-1/2 OZ. ALLIED MEGA RED GRE
4517,9005XS,HEADLAMP
4518,99083A50B000702,ABSORB-N-DRY 50# BG
4519,801119TUL,FAN/CLUTCH
4520,90556,PIPE ADAPTER 3200X6X4
4521,90699,A/B 90 MALE ELB 3/8X3/8
4522,840136OEM,FLANGED HEX NUT
4523,9Y2588,GASKET
4524,842017END,"MAK11ME416M CLAMP, V-BAND"
4525,A18-35402-001,RH CENTURY SLEEPER GLASS ASSY
4526,9L8439,CAP
4527,CAT1095308,PAN GASKET
4528,B7515,ROLOC DISC BLUE
4529,BWMK184PREMBGC,HYDRAULIC DISC/BRAKE PADS
4530,C1220A-L,EXTREME CAM
4531,AD6MS-4MP90HC,ADAPTER
4532,C5129X8,HYD-ADP. JIC CAP
4533,BWSET422,BEARING KIT
4534,BLK120,NITREX GLOVE L
4535,CLUK-4125CL,CLUTCH KIT
4536,B92220338B,T BOLT CLAMP
4537,B92220525,T-CLAMP 5-1/4 - 5-9/16
4538,B92240325,CLAMP
4539,B4578BTSA,BRKT SST MINIMIZER SS BOLT ON
4540,CH-35P-15-2,THICK 8BOLT PTO GASKET
4541,CAC40-350X6,"HOSE, CHARGE AIR BELLOWS"
4542,D1164X4,QUICK CONN 1/4X1/4X1/4 TEE
4543,BG1030,PM SENSOR BUNG
4544,2872663CUM,"GASKET, FUEL PUMP"
4545,CS1128RPDC,"CAMSHAFT-RH 1 1/2""X11 1/32"""""
4546,26419SAL,BATTERY CABLE
4547,D1180X6X2S,CONVERSION
4548,25101931A,SHAFT
4549,A33GB,GROMMET RECTANG;OPEP BACK
4550,D37-1061,AIR FILTER
4551,A1-1205X2728,OIL SEAL ASSY
4552,AD12MP-12FP90,ADAPTER
4553,DANSR1VA-103-1,DOCK LOCK AIRBAG
4554,25810000,HYDRO OIL
4555,CBT66,T660 BATTERY BOX
4556,DDEA4711800209,OIL FILTER
4557,7M-8485,SEAL
4558,801542P,"PP SPEED SENSOR STRT 78"" F/BND"
4559,90681,A/B MALE CON NT 1/4 X 1/4
4560,90315,1/2 PIPE PLUG
4561,881-AS8829,CIBTUTECG AUR SORUBG 74884/1R1
4562,81264-BX,GRAY TOGG SWITCH BOOT BOXED
4563,803900PAI,VALVE COVER GSKT
4564,80339,1/2-13X1-3/4PERMA PLATED
4565,95214,TIMING BELT
4566,K1864X8,DOT FITTING
4567,K1969,SLEEVE KIT
4568,FA68034,3/8-16 X 1 1/2 HHCS
4569,HU2A,AXLE SEAT
4570,FA68108,5/8-11 X 5 HHCS
4571,FA88436,5/16 SAEFW
4572,HBRN4298234IVS,SINGLE CAM X15 HEAD
4573,K0176M,SOLENOID MODULE
4574,HWC05768,WASHER ROUND 7/16X1-1/16
4575,GA12M3K,HOSE 220FT
4576,59-400HD,Taper Spring
4577,FA532ABGC,1/2 LW
4578,FMK5179PAI,"KIT,MOUNT,ENGINE"
4579,J-428852,"DISC, BRISTLE YELLOW"
4580,HOW8026,DIESEL 911 TREATMENT
4581,GS200,GREEN STUFF 1LB. BOTTLE
4582,H1-063-0123,PROX SWITCH
4583,LCW430FH,4X30 WINCH STRAP W/FLAT HOOK
4584,K0424P,"MT 1-1/2 X 8' 6"" CROSSOVER ARM"
4585,LUC-10088,HUB OIL/12X1/QT
4586,M7313,Mack Airtight Watertight Hard
4587,LG0011-15,BUMPER
4588,GWBN46100,GLOVEWORKS BLACK GLOVES LG
4589,GWGN49100HAY,8Mil Green Nitrle Gloves XXL
4590,M2005,BULLDOG BLACK CAP
4591,M-6I4421,Plate - Spacer
4592,M-K126,CAM KIT
4593,H43002-ALX,HORIZONTAL E-TRACK
4594,KRY5582,GRAY PRIM
4595,KT335,T-BONE 20C7
4596,HOL04454115860,DISC BRAKE CHAMBER
4597,ITA4302662,GEAR MAIN DRIVE
4598,K981R,KING PIN KIT
4599,M0259,BROWN MACK GENUINE PARTS T-SHI
4600,KFT-TL-BF0000000,BABY FLAP - REPLACEMENT
4601,MAJCD505G,EATON 50 W TRANS OIL/PERGALLON
4602,HR4520WQ,GANTRY CYLINDER
4603,M3342,BLACK/SILVER MACK CAP
4604,MR-134A,R134A FREON - 1 LB
4605,K37-1004,FILTER
4606,LF351,EXHAUST COUPLER
4607,FA68017,5/16-18x1 HEX CAP SCREW
4608,FA68017BGC,5/16-18 X 1 HHCS
4609,MIN10001342,BRACKET
4610,MBT-DT14-40,HUCK BOLT 14MM
4611,MBT-DT16-45D1,16X45MM HUCK
4612,MCL19CRB,M-FLEX STAR W/CHRM CLR;R
4613,H10110,5/8 PUSHLOK HOSE
4614,MINP40435,CAM END DL LEFT
4615,K1869X6X2,3/8 x 1/8 DOT MALE ELBOW
4616,DW1308GTN,VOLVO WINDSHIELD
4617,EAS3295180-MON,ENGINE THERMOSTAT
4618,ERK3425PAI,"KIT, SEAL, INJ"
4619,F190C-1250,COUPLING 1/4KEY
4620,EH02283-1,"HARNESS, JUMPER, BLADE, RS, V2"
4621,29558331ARD,KIT-FILTER ASSY
4622,ELIMAM500LUF,PUMP GEAR ELIMINATOR
4623,F190,FRUITLAND SPIDER
4624,PHM82142,1 GA 5/16 STUD CABLE END
4625,SCOT-75130,SCOTT SHOPTOWELS BLUE ROLL
4626,SP-559422-K01,Air Spring Comp 9422
4627,SPL234526-35SAL,WASHER FLUID
4628,RACK7586CR,HEADACHE RACK WTTH CHAIN RACKS
4629,RTU1GAL,GREEN 50/50 COOLANT
4630,SWW-SW76072,SWITCH PRESSURE
4631,NIP300X6,3 X 6 PIPE NIPPLE
4632,RM-T04,SEAL
4633,S770-06,#6CLAMP
4634,PERM80370,BATTERY PROTECTOR
4635,SR2000092,CABIN AIR FILTER
4636,P75W90,75W90 GEAR OIL
4637,PHC387TC-16,HOSE 300PSI
4638,PTO-S-19367,"COMPLETE TG, PTO REBUILD KIT"
4639,TBB208837,WIPER BLADE 24 C2
4640,ST70AB,TAIL LIGHT OVAL: AMBER
4641,SP558813-KP,Service & Complete Air Spring
4642,SP-559807KP,AIR SPRING 9807
4643,R61709,"ELEMENT-FUEL FILTER,7MIC"
4644,TU181A,THE HANDYONE
4645,RL-D02,SPINDLE LOCKING NUT
4646,S-11874,AIR GOVERNOR D2
4647,UKRD7143,"UBOLT KIT 7/8X14""X3"""""
4648,TLC350S,EXHAUST CLAMP 3.5IN
4649,TR800333,PTP QR VALVE
4650,RB21D-YAK,"21"" TARP STRAP"
4651,S-33672,GASKET&CLAMP KIT
4652,HD4M,Brk Drum - Air
4653,S-C088,VALVE
4654,SKE-ZAP-1008,SOLAR TORCH ZAPPER
4655,RF500-74,FRUIT 3/8 KEY
4656,RF500-62A,SEAL
4657,TR082-TWC,CHROME COVERS
4658,TR63050G,BLOW GUN KIT
4659,S441G,ELSTON
4660,V1224W,12X24 ALUMINUM PATCH WHITE
4661,VS-412-50,"3/4"" SMALL RIM HOLE VALVE STEM"
4662,WIX57502,OIL FILTER
4663,V5335,FILTER
4664,WF2122FLG,FILTER COOLANT
4665,TC300LBK,BLK GENUINE PREMIUM LEATHER
4666,STL602RB,LED 6 OVAL LIGHT GUIDE
4667,RM-S05WF,SEAL
4668,RM-T03,SEAL
4669,SENSOR-NOX-VXX-001,22303391 ROADWARRIOR BRAND
4670,T1-T1055-A4N,T1055 BLOWER
4671,RT18,WIDE RIGHT TURN DECAL
4672,WAB01S01007-05-ALX,LOGISTIC INNER POST
4673,W-5025-FE-30,1/4oz GRAY (LOW PRO) STICK ON
4674,TMEG714,7' X 14' MEGA MESH TARP
4675,S19091,BUMPER
4676,OTRVS228,HEIGHT CONTROL VALVE
4677,PEN10-01,METAL DOCUMENT HOLDER
4678,PEN4-10-26-41,PEN04-10-26-41
4679,NEB-FLT-1007,12K COB
4680,NEBFLT0008,REDLINE X
4681,NEB-OTH-0001,HIGH BRIGHT 6000
4682,NEBSPT1004,LUXTREME SL28R QUARTER MILE BE
4683,MS-M4887,OLD FAVORITE TODDLER TRUCKER
4684,MS-M5769,RED/BLACK SLOUCH RETRO CAP
4685,NP69-8-8-ALX,"1/2"" x 1/2"""" Male 90° Brass Elb"
4686,PHC13926-4-4,FTG
4687,MUX5207UMV1,BEARING
4688,PHC10C6X-S,FTG
4689,N2-4-503,END YOKE
4690,PTO7170-86X,MOUNTING STUD KIT
4691,PHC8C50X-S,FTG
4692,PAI-641271,"DDC23522415 COOLER,OIL"
4693,OPT-MCL59AB,2-1/2RD AMB 8 DIODE
4694,PL1136,RADIATOR MNT/CAB MNT
4695,OPT-MCL65RB,LED THINLINE
4696,OPT-STL42RB,RED S/T FLANGE MT
4697,QDBN1616FP,"""1"""""""" ISO-B QUICK DISCONNECT NI"
4698,PAI-641225,"DDC23512901 REGULATOR,ASSY"
4699,PP5225-SL,CORNER PROTECTOR
4700,R1-T04,SEAL PROPAR
4701,14604,REBUILD KIT
4702,131360,O-RING
4703,1313501,REYCO RIG. T.A. 21 21B 102 19
4704,114984WKS,BULK GREASE
4705,107794P,DRYER CARTRIDGE
4706,11514354SS,PTO MOUNTING BOLTS
4707,113383-1-00-0-00,Plate Metal Key Ring $8.99
4708,128049BGC,NUT M42X1.5
4709,1869X12X12,3/4 x 3/4 DOT Push-In Air
4710,168BULB,168 BULB
4711,10872,Diesel Deep Clean/12x1/ 16 Oun
4712,11565,BRASS PIPE SQ HD PLUG
4713,13MK5708SAL,8 BOLT .010 GASKET
4714,14969880000N,CAT C15 performance upgrade
4715,17340,V-BELT GOLD LABEL
4716,1893N,BULB
4717,1316645,HOSE
4718,1653933C,BOLT HEX
4719,1803546,"""Arm/Pull Tarp HD Black Mesh 9"
4720,1383596,7649# MIL-SPEC PRIMER N#
4721,10288,SAE 15W-40 CK-4 Truck Oil/1x1/
4722,112102,VOLVO TRUCKS DRIVER LIFE OPENE
4723,13-1122R,Stud - Whl
4724,093793,"Repair Kit, Fifth Wheel - 093."
4725,11261,Synthetic Blend High Mileage S
4726,132041PAI,OIL PAN GASKET
4727,11139,3/4 BEARING
4728,113147-1,SHELL JACKET VOLVO
4729,1133863LP,5/8 WASHER
4730,11115,Multi Purpose Parts Cleaner &
4731,12815,BUSHING
4732,1-963745-1,TERMINAL
4733,096942,"Repair Kit, Fifth Wheel - 096."
4734,042211,"VALVE,CHECK,FUEL"
4735,001500,oil sample
4736,XG-D125BG2,BLACK GRILL GUARD
4737,10001711B,FENDER PM151B
4738,053-9007,CABIN AIR FILTER
4739,053-SST84,TERMINAL
4740,05113,DIELECTRIC GREASE
4741,10001646B,PM1354B
4742,X14-800,STEEL BALL 1/2
4743,23003832,SEALING KIT
4744,24531415,BOTTOM PLATE
4745,M5841-MD,BULLDOG COUNTRY GARNET HOODIE
4746,M4836-2XL,Mack Engine Tri-flex Graphite
4747,6327-CCBRT5XHD,5/16 - 3/8 G100 XHD SPRIN
4748,23624115,BRACKET
4749,24383068,LEVEL SENSOR
4750,M5405-SM,HEATHER GREY JACKET
4751,2-0355,1330/7290 U JOINT
4752,2132-61022931,MOTOR 39MT 12V
4753,1801061924B,Hub Cap w/Side Fill Plug 24pc
4754,2-3011,3R U JOINT
4755,565ER3019,Econoride Shock Absorber
4756,57255431,Fuel Filter Bowl Non-Heated Ra
4757,60114915,ELBOW NIPPLE
4758,345-689-DP,TORQUE ROD
4759,1R-0749,FILTER AS FU
4760,29536522SS,OIL PAN
4761,631290,"GASKET,FUEL PUMP"
4762,599025,"1 1/4"" X 1"""" STEPDOWN CONNECTIO"
4763,5051210,CLAMP
4764,4W0452,SEAL G
4765,5605-06-06-06,FP x FP x FP - Female Pipe Tee
4766,665005002020,MYSTIK JT-6 HI-TEMP #2 N400# F
4767,72190,CURVED RADIATOR HOSE
4768,57501,"""FILTER,HYDRO"""""
4769,70R5020,O RING KIT
4770,70R8278,FITTING
4771,72332,CURVED RADIATOR HOSE
4772,710006T,THICK SEAL
4773,704010247,HYDRAPAK GARDNER DENVER
4774,6V-5221,BOLT
4775,5200BGC,1/2X1/2 SAE MALE ELBOW
4776,730018PTWFV,RADIATOR
4777,6-1250UJ,U-JOUNT
4778,7641,BEARING SPACER BBG-7641
4779,5605-16-16-16,FP x FP x FP - Female Pipe Tee
4780,730054ATWF,Radiator
4781,73027,1/8 FEMALE PIPE GREASE ZERK
4782,7411550002N,CAT C15LP 15L 1998-2013
4783,72339,CURVED RADIATOR HOSE
4784,4808-0267,COOLANT LEVEL SENSOR
4785,3325X2,1/8 NPT HEX NIPPLE
4786,4044,LOCK ROD CAM
4787,4304639,MAIN DRIVE GEAR
4788,336013,"SEAL,CRANK,FRT"
4789,380920,CAP SCREW
4790,3663WL-ALX,BUMPER
4791,300100188051,T-BOLT CLAMP 1-7/8-2-3/16
4792,A47PB,PIGTAIL RT ANGLE: TAIL LT
4793,AD6MP-8MPB,3/8-1/2 MP-MP BRASS
4794,AB606,3/8 TUBE
4795,AD8FP-BCAP,"1/2"" BRASS CAP"
4796,81547,BULB 561
4797,ABPN83322819,CONNECTOR
4798,86724BGC,6 ST/STEEL HOSE CLAMP
4799,90329,PIPE ST ELB 3400X2W
4800,96880,3/8 X 1/2 COMP CONNECTOR
4801,1612BYRM,EZ DOZ-IT PENETRATING OIL
4802,AL430668-ALX,FULL FUNCTION ABS VALVE
4803,BP12,BRACKET
4804,CG-BR-300-HR,"CAM & GROOVE BRASS 3""REPL"
4805,BT-610-D-SS,6 BOTTOM SAND HOG
4806,D1162X8,1/2UNION
4807,27268HP-FMT,WHEEL SEAL
4808,DDEA9341801410,KIT - OIL FILTER
4809,25820-143,RACE
4810,98700,COMPOSITE UNION 5/32
4811,AS9372PDC,AIRBAG
4812,AD20MP-16FP,MP X FP
4813,AD24MP-16FP,BUSHING
4814,A4968,FILTER
4815,84320,AR BRK TUBE INSERT 1/4
4816,90119-MON,KILLEM BACTERIA & SLIME TREATM
4817,804-10009,BRUSH WIRE STEM COARSE
4818,8688HP,BEARING 306SS
4819,7896275,2.75 45 DEGREE SILICONE
4820,801131-END,WATER PUMP MACK
4821,842020PAI,CLAMP
4822,842017,"CLAMP,V-BAND"
4823,949281540DF0804,DRY DSLALL FLT SB 15W40 3/G CS
4824,86788,FUEL WATER SEPERATOR
4825,7671,TENSIONN BOW
4826,9210,LINED CLAMP
4827,831029,OIL COOLER SEALING RING
4828,806829FIP,MAIN DRIVE GEAR
4829,8026-12,911 26OZ
4830,83507,5/8-18TUFF-TORQHEX NUT
4831,953470046AW0813,ARM ECON AW 46 HYD PL
4832,96879,3/8 X 1/8 COMP CONNECTOR
4833,7E7912,GASKET
4834,84284,3/8 X 1/4 AR BRK 90 MALE ELBOW
4835,92824BGC,12-10 UI HEAT SEALBUTT CONN
4836,HU7D,HANGER CENTER
4837,JOHN6762,JOHNSEN STARTING FLD 12/10.7OZ
4838,FA68261,1/2-20X1-1/4 HEX CAP SCREW GRA
4839,GA10C5C,#10 HOSE
4840,HDV8709,AIR SPRING 64645-1R13-159/846
4841,GA12G-12FJX90S,MEGACRIMP
4842,GA12NABTAX50,3/4 IN AIR BRAKE TUBING
4843,GA8C5E-8RFJSX90,"13/32"" RESUABLE COUPLING 90 DE"
4844,FA530A,3/8 LW
4845,FA68119BGC,3/4-10 X 3 HHCS
4846,FA68300,5/8-18X2-1/2 HEX CAP SCREW GRA
4847,FCB015913003-MON,PLYMETAL REP KIT
4848,H1-026-2908-050,SNAP RING T/G LATCH BUSHING
4849,H132,7/8 HEATER HOSE
4850,G342001212,FITTING
4851,G342101008,FITTING
4852,LCV3724PAI,HEIGHT CONTROL LEVELING VALVE
4853,HDV2428DGL,CAM E5510
4854,M-4009-R,CAM
4855,MA36500,BUSHING
4856,HE9AG-KIT,BUSHING KIT
4857,M2308-LG,NAVY & GREY DOT POLO
4858,H1-001-7057,ARM CYLINDER (CUSHIONED)
4859,H1-048-5807,"PIN HALF PACK 2""DIA"
4860,HFA42525,DOUBLE FILTER HEAD
4861,FO-60016,WIRE WHEEL
4862,KF2-520-140-0000,1-1/2 TROLLEY WHEEL
4863,M-3142-L,CAM
4864,MAJHYDJ20C55G,TH1000 HYDRAULIC OIL 55 GAL
4865,M621000,DOT PUSHIN UNION
4866,MAX50,"FUSE,MAX50"
4867,M7921,DELUXE WINDSHIELD SHADE
4868,G5C0370200Z,3/8 X2 CARRIAGE BOLT
4869,K3676VTP,BELL HOUSING
4870,MAS542012,.003SHIMGREEN
4871,MC57AB,"""MARK LT;2 1/2 REFLX,AMBR"""""
4872,MHC-2388648,COOLANT ELC
4873,FA68068BGC,1/2-13 X 3 HHCS
4874,FA68127,3/4-10 X 6 HHCS
4875,M3638,LS CREW WAFFLE KNIT BLK
4876,GC00001,ROOF J-MOLDING
4877,H1-003-4388,"BEARING LATCH 1.652""ID"
4878,KT11923,#922 BULB
4879,HDV-NT2606BLK50,"3/8"" NYLON TUBING"
4880,MIU802422,O RING
4881,LUC-10047,Synthetic SAE 75W-90 Quart
4882,MCL97RB,LED LIGHT
4883,GR47072,MRK LAMP
4884,HBF12,BREATHER CAP
4885,FZA300C,EZ MOUNT FLAG RED ASSM
4886,HC-215Y,STD YELLOW BI-LEVEL
4887,K1869X4X4,FITTING
4888,K1869X8X8,DOT FIT
4889,DSL083C,"valve , spool"
4890,ELEC-TERM,TERMINAL
4891,DDEA4721840308,CAP
4892,303FDDE08929681,SHELL SET
4893,EEX1779,CENTER MANIFOLD
4894,29538378TUL,CONNECTOR-HOSE-RIC
4895,29544105-TUL,FLEX PLATE
4896,EBG8332P1,ROD BEARING
4897,DJ0813-C,DPF Detroit Diesel DD13/DD15/D
4898,DS127592-END,OIL SEAL
4899,RF500-F00F,STAR KNOB FILTER BOX
4900,OPT-MCL76AB,LIGHT W/REFLEX;AMBER
4901,PL27NPTOTR,PTO PUMP
4902,21600MSC,"TWST KNT BRUSH, 1-1/8""X.014 WR"
4903,SP-559663-KP,AIR SPRING COMP TYPE
4904,OTR3520AHD,CAM KIT MERITOR TRL AXLE HD
4905,NEB-POC-0001,BLACK POCKET LIGHT 500 LUMEN
4906,S-10025,BRACKET
4907,PEN02-13-A,BRACE LUG
4908,PROOH810700B,GRAB HANDLE
4909,SI12617DI,"ROLOC DISK ZIRCONIA 36GR 3"" 25"
4910,PERM27005,THREADLOCKER RED
4911,S-17204,BRAKE CHAMBER LONG STROCK
4912,PHC12WTXWLN-S,FTG
4913,S1659,INPUT SHAFT EF67490
4914,TG000922,CAM CLOSER SPRING
4915,TC300CGR,GREY CLOTH BLK LEATHER SEAT
4916,TC200CGR,GREY CLOTH/LEATHER SEAT ADJ AR
4917,RHG-T03,HUB CAP 4009
4918,TRU-FXK-1005,MYCRO UTILITY KNIFE
4919,TMEG716,7' X 16' MEGA MESH TARP
4920,TU-9225,"""30 Economy Mudflap Hanger wit"
4921,UK19,19 U BOLT MOUNTING KIT
4922,SHL-CHOCK-8,"HVY DUTY WHEEL CHOCK 8"" X 6"""""
4923,SK-75014-01-PP,COLLAR & BRACKET KIT
4924,TDMON65493,GAS-MAGNUM 65 SHOCK
4925,TR10H,BOLT TORQUE ARM
4926,TR7110,"AIR SPRING,CAB"
4927,V84730270P3029,PAINTED LOWER DEFLECTOR R/H
4928,VS-32074-100,CONTROLLER PRO TIREMAXX
4929,V82750588P9192,"BUMPER,COVER CAP PNT"
4930,RL-S01,STEER LOCKING NUT 448-4836
4931,SPRINGTOOL,SPRING INSTALL TOOL
4932,W15310,1/4 TRUCK VALVE DRAIN
4933,T5-15-40-1,1GAL T5 ROTE
4934,WBLF2521,05-09 HINO 145
4935,WENFI4PB,CLAMP .41-.49
4936,V23,VSL VULCODER
4937,OTR8-1411K,7/8 X 3 X 14-1/2
4938,R-22102CR,SLACK ADJUSTER (AS1140)
4939,PENZ65-06,HINGE BUTT
4940,MS-M2002,RAISED LT. GREY BULLDOG CAP
4941,NEB-COM-0001,INSPECTOR 500/MYCRO HL COMBO
4942,PFCS,PLASTIC FENDER CENTER SUPPORT
4943,NEBHLP0011,MYCRO RC HEADLAMP
4944,P100UV-MON,PAG IS 100 UV
4945,NP68-8-8,FITTING 1/2 X 1/2
4946,MSBWB,LWR SEAL
4947,PT3000W,2IN CLEAR LAMP
4948,PDC-B96,POWERED BELT
4949,NP69SW-6-2-ALX,"3/8"" x 1/8"""" Male Swivel Elbow"
4950,PHC16826-4-4,FTG
4951,MUSKOKC,2.5 GL DEF
4952,PHC10643-6-6,FTG
4953,PHC6602-12-12,FTG
4954,OMGRIND,GRIND
4955,PHM82143,"COPPER LUG 1 GA, 3/8 STUD"
4956,OPT-MCL76RB,LIGHT W/REFEX;RED
4957,QDWC2020FP,"""1-1/4"""""""" Wing Style Cplr, 1-1/"
4958,1461X4,1/4 NUT (BRASS)
4959,1468X6X8,FITTING
4960,120-063-367,FLANGE 4-WAY 3'' NPT
4961,1404-04-04,MP x FPX - NPSM Adaptor - Stee
4962,XG-175G2,GRILL GUARD
4963,1145984BGC,22-18 UI HEAT SEALBUTT CONN
4964,1423-2158,FLAP
4965,1809169,"""SWAT® Castle Nut 1 1/2""""""""-12 X"
4966,13361,WIRE/MECH
4967,1665380C91,PINION DRIVE GEAR 401GS102
4968,1809911,SWAT Complete Arm kit - Left
4969,14744,1/4BULKHEAD FITTING
4970,1714364PE,MX13 FILTER KIT
4971,1466X6,1466X6
4972,1468X4,W/H
4973,1469X3,3/16 X 1/8 ELBOW
4974,111731PAI,PISTON
4975,14R113FC,PRESSURE REGULATOR
4976,116-16MJ-16MJ-16FJX,TEE
4977,1123540,SEAL O RING
4978,1070583,BOLT LOCKING
4979,07530,1IN ROLOC DISC
4980,113086,TOMMY CAP
4981,1105-0186,"""HOSE,COOLANT"""""
4982,0901J06-08,USE 0911G06-08 - JIC Female 37
4983,0911G16-16,JIC Female 37° Cone - Straight
4984,120-064-013,O-RING 2-259 VITON
4985,1035-0000MZ,1 1/2 VACCUM RELIEF 370 CFM
4986,10100100,HATCH BOLTS/WINGNUT KIT
4987,11623,"ADAPTER,PIPE"
4988,0336027,O RING
4989,1137272,5/8-11 TOP LOCK NUT
4990,037GG08-06,NPTF Male - Straight - Swivel
4991,113074MD,WINDBREAKER JACKET
4992,0370G04-06,NPTF Male - Straight - Rigid
4993,1015D,BEARING
4994,0518,Berryman Diesel Injector Clean
4995,XG-125BG2,BLACK VOLVO
4996,XG-18DMA,MOUNTING KIT
4997,10072,Synthetic SAE 75W90 PAIL
4998,XG-LT350G2,GEN2 LT
4999,10001749,1601 IND FNDR B
5000,053-LF1001,UV DYE
5001,05-16401,ENGINE MOUNT FRONT
5002,05-16836-013BC,"HOSE - ECR,2.5ID 13IN"
5003,10001998,901 IND FNDR SBM
5004,03494,GREASE
5005,1000-FLX500X25SS,5 X 25 SS15 TYPE B 1/2 EX
5006,2191-P959143,"FUEL FILTER, SPIN-ON"
5007,24378414,INSULATOR
5008,24111479,ALTERNATOR
5009,24271049,DISC WHEEL
5010,M5405-LG,HEATHER GREY JACKET
5011,M7162,Limited Edition Collector Stei
5012,M8206,MACK GRANITE TOY FIRE LADDER T
5013,21286225,HOSE ASSEMBLY
5014,21161037,FUEL TANK
5015,60113402,FLANGE SCREW
5016,57796594OE,EGR Temp Sensor Volvo
5017,7536531371KX,Slip Yoke 1810 Series
5018,20163AS,GRINDING DISC
5019,1978418,GASKET
5020,201-563-1-1X,SYNCHRONIZER
5021,5479-380134,COLLAR WRENCH
5022,29543435-VB,SENSOR W/ LONG CLIP
5023,ERH-3115,"HOSE,RADIATOR"
5024,GSD85901,GABRIEL SHOCK
5025,29209,Jaltest CV kit
5026,3261644,FILTER AS
5027,23836105,COVER
5028,24162031,RADIO
5029,PNSCCBP29LT01,29 LTD CLASSIC CB AM/FM
5030,ETN127592,OIL SEAL
5031,DW1304GTN,520 WINDSHIELD
5032,ANCO3124,"ANCO 31 SERIES WIPER 24"""
5033,ATR434053166,BRAKE ROTOR
5034,MOBI520,MOBIL SUPER 5W20 SYN BLEND QT
5035,MS-M3498,NALGENE CHARCOAL & RED BOTTLE
5036,C5205X12,FITTING
5037,WEN6G8FFORX,HYD FITTING
5038,CRCC05532,CRC AIRBRAKE ANTI FREEZE 32OZ
5039,TBB320050110,SYNTEC CUSHION CVR 39 PRO BLUE
5040,4127421C1,CAB AIR BAG
5041,K207-951-1,INNER CAB/SLEEPER SEAL
5042,TRU-TOL-0002,SCARAB 7-in-1 PLIERS
5043,TSA005715,HYDRO TANK CAP
5044,5620687,"GASKET,OIL PAN"
5045,573A230FHQHV6B,Flat Hook Ratchet Strap Quick
5046,TR-3676,36X76 MATTRESS
5047,1701239,Air Control Valve On-Off
5048,571LG60W-K,BACK UP LIGHT KIT
5049,UP-21204,MACK GRILL
5050,08612,RIIBBON SEALER
5051,11514355SS,M10X1.5X35 BOLT
5052,143-6642,SEAL
5053,29-1606170,led lamp
5054,5698454,"SENSOR,PRS TEMPERATURE"
5055,EVR936124,Air Conditioning Receiver Drie
5056,561230356SAL,HD T-BOLT CLAMP
5057,88364KH,1/2X1/2 FML JIC CRIMP
5058,FSU0556PAI,"SENSOR,LEVEL"
5059,NPA75530,5W20 SYN OIL
5060,604-5103WCH,MODE ACTUATOR
5061,116-24MP-16FP,BUSHING
5062,DT201-55,ALUM CLNR
5063,LM404100PDC,"1/4"" POLYETHYLENE SPLIT LOOM"
5064,MS-M2008,BULLDOG RED MESH CAP
5065,CAP3422042,OIL PAN BOLT
5066,L150SPIDER-END,L150 RUBBER SPIDER
5067,EL15326PDC,DUAL POLE SOCKET
5068,CON0014,CONDENSER
5069,OPT-MCL46AB,AMBER MARKER/CLEARANCE LIGHT
5070,ALCL20-304,KIT
5071,J-52069,ADAPTOR HARNESS
5072,FSF4243-LOW,FLASHER
5073,SNX602-END,NOX SENSOR
5074,SNX601-END,NOX SENSOR
5075,BSH150-PDC,BUSHING
5076,126MM7971,MACK BARSTOOL
5077,2191-P648156,"AIR FILTER, PRIMARY ROUND"
5078,3088-10001587,"SEAL, TCM"
5079,2335-264325T2200P,ULTRASET SYS W/ 26432--5T
5080,23423521,SUN VISOR
5081,24608801,SPRING
5082,24626658,HUB KIT
5083,RAD-2400625,RADIATOR W/O FRAME
5084,SP556910,Convoluted Air Spring - SP 556
5085,RS4S-P86VM-P1KX,M DRIVE PTO
5086,TR5171,AIR SPRING
5087,TR9645,"AIR SPRING,S-23612"
5088,SSTS-8111,WELD YOKE
5089,TR12105,"VALVE,DRAIN 60"""
5090,RF870-BUVD,"DISK, BACK UP VALVE"
5091,WD40,SMART STRAW
5092,VTPSK75014-01,PIN AND BUSHING KIT
5093,WEN1842130C3,THERMOSTAT ASSY
5094,SP3-3-508KX,SLIP YOKE
5095,SP308925-20,EZ PEDAL CLUTCH
5096,SPI5-153X,U-JOINT
5097,VNT-HY01,VENT COVER/SKY LIGHT
5098,OTR950011,DRYER CARTRIDGE
5099,PF20MP-20FP90-BI,1-1/4 PIPE
5100,NEB-WLT-1008,OMNI 3K
5101,P2500I,2500W GENERATOR
5102,MS-M3387,MACK R MODEL MESH CAP
5103,NP68-4-4,CONNECTOR
5104,NP69106,90 P/CONNECT MALE CONN
5105,MS-M7312,YETI RAMBLER 30oz TUMBLER RED
5106,PRX27140CTNSAL,THREAD LOCK RED
5107,PS432-MON,DOT4 BRAKE FLUID
5108,MTRKIT11305,UPPER CONTROL
5109,PHVS149F86,1/2 PIPE X 3/8 FLARE 90 DEG
5110,PT6000A,OVAL S/T LAMP MODEL 60
5111,PHC13943-20-20,FTG
5112,PH1052-CS,EP MOLY GREASE
5113,PACCSLICK32,5TH WHEEL DISC
5114,PHI16724-999,Phillips Quik Socket
5115,PTM9209,CENTER MOUNT MIRROR
5116,04-160931,Camshaft
5117,OR-225,ORING
5118,1866X4X4,FITTING
5119,1157015,BOLT KIT FOR CROSSMEMBER
5120,11608,BRASS PIPE STREET EL
5121,11622,"ADAPTER, PIPE"
5122,102-10003,LUCAS UPPER CYL QUART
5123,1611704,SENSOR GP-PR
5124,1314773,BEARING
5125,131647,"GASKET,THERMOSTAT"
5126,131625,COVER PLATE GASKET
5127,X1900C008801,"DPF GASKET,DETROIT"
5128,141436PAI,"KIT, OIL COOLER"
5129,120470,MESABI RADIATOR
5130,XG-04MC,CHU-CXU-CHN-04/UP MNT KIT
5131,1665331C91,SHIFT FORK 401KT101X
5132,107794,AD-9 AIR DRYER CARTRIDGE
5133,Y450000550-YAK,BLOWER MOTOR
5134,1665339C91,GEAR SET 497029
5135,1809619,"""SWAT® System Wet Kit w/9' 8"""""""""
5136,108234800,GREEN MULTPLEX 460 #2 GREASE T
5137,1501-04-06,MP x FPX 90° - NPSM Elbow - St
5138,11552,BRASS PIPE COUPLING
5139,1105-0004,"""HOSE,COOLANT"""""
5140,1864X4,"""FITTING,TEE BRK"""""
5141,11440,"UNION,FLARE X M.I.P"
5142,121228,O-RING
5143,121891-TC,9-PIN HEAVY-DUTY DLA+ 2.0 CABL
5144,1718534PETUL,OIL FILTER KIT MX13 EPA17
5145,130000761,REBUILT RS402-3.55
5146,1880210,GASKET-RAIL
5147,1884057001,BRASS EXTR 45 1/8 X1/8
5148,141460PAI,OIL COOLER
5149,1874X4,FITTING
5150,11771P,Socket 7 Way Bracket Plated
5151,1119559,"""Arm-Matic™ Pillow Block Beari"
5152,11200-LOW,"2"" HEAVY DUTY TARP AXLE"
5153,10-122,MANUAL T310M
5154,1129X4,"1/4"" PLUG"
5155,12250-ROCKER,SWITCH KIT
5156,105167WKS,55 GAL DRUM HYDRASHIELD
5157,10300441,12V SOLENOID
5158,10301-30,X-Tra Heavy Duty Grease/30x1/1
5159,1006-1309,UNIV DIAGONAL LANDING GEAR BRA
5160,053-5546-10,THREAD KIT
5161,116-TBC188,CLAMP
5162,105015VS-YAK,"1""X15' HD RATCHET STRAP"
5163,1011039,"99"" ROOF BOW STEE"
5164,04-26382-000,GASKET
5165,11180,COMPLETE AXLE
5166,1013,"""TREATMENT,RUST"""""
5167,094547,"Repair Kit, Fifth Wheel - 094."
5168,10-20150-02P,"ASET, E7 ,CHC PLUG"
5169,042035,"CLAMP,V-BAND"
5170,0150440,"ROLLER, WITH BRACKET"
5171,XN1103-C,DPF Cummins ISX and Paccar MX1
5172,022-00889,"""HINGE,DOOR"""""
5173,023-00008,TRAILMOBILE HINGE
5174,037GG04-04,NPTF Male - Straight - Swivel
5175,037GG16-16,NPTF Male - Straight - Swivel
5176,1000-SLK20231,ASA HLDX STYLE
5177,24431416,BASE
5178,23888563,WIRES
5179,57799125R,Fan Clutch Valve Solenoid
5180,M66668,Shock Absorber
5181,78703636,GRILLE
5182,85143480,FILTER KIT
5183,1791105,Gladhand Pivoting Service w/ R
5184,M4453-XL,MACK LR BLUE T-SHIRT
5185,M7069-SM,BULLDOG SWEAT PANTS
5186,1919DD4001AM,REAR AXLE AIR BAG
5187,1R-0751,FILTER AS
5188,201-196-41,COUNTER SHAFT GEAR
5189,2016615,SENSOR GP-SP
5190,1R134A-12-LOW,R134A 12oz can
5191,60112719,PRESS SCREW
5192,29519212,SCREW-TAPPING WASHER HEX
5193,29503328ARD,ADAPTOR
5194,M-2066,Clutch Lever (Peterbilt)
5195,831088,"GASKET,MOLDED"
5196,ETB-8695,BEARING
5197,340004-PAI,HEAD BOLTS
5198,25-676X,Spicer 1810 Series Half Round
5199,DNP959163,FUEL SPIN-ON
5200,FGLF17811,LUBE FILTER
5201,3691476CEPB109,BREATHER ELEMENT
5202,3695041CE109,GASKET
5203,24137737,FILTER KIT
5204,84484066,AIRBAG MODULE
5205,RCRAD37441PF,"CTR, PETERBILT"
5206,SPC7V001S,Fifth Wheel - SP C7 V 001S
5207,RK-10689-4FIP,ILS REPLACEMENT BRACKET
5208,LM408100,"1/2"" POLYETHYLENE SPLIT LOOM"
5209,M09410YF,"MARKER LAMP 1.25"""
5210,S-C454,SLAVE VALVE
5211,4311-8-8-TUL,1/2 BARB X #8 F JIC
5212,10001858,2221 IND FNDR B
5213,1063973,ELEMENT AS
5214,143-80744C,"TORQ ""CB"""""
5215,DAY-HD19MP,3687X PALLET PRICE
5216,WH6944-ALX,CLOSURE BRACKET HD TOP
5217,2105024,Filter Wrench 4-1/8in to 4-1/2
5218,TBB370050110,"COVER CUSH 26"" PRO BLU"
5219,TLEDPSHC,Peterbilt Side Headlight Trian
5220,57775618,Window Switch Peterbilt
5221,371-34FSCPLG,3/4 FS COUPLING
5222,17012108,Parking Brake Light Switch
5223,1777828SAL,28 INCH HOSE
5224,X003FPIRL7-ALX,PUSH PULL SWITCH HD 75A 6-28V
5225,56133900B,Hose Clamp Hi-Torque 8.25-9.12
5226,S-E716,GASKET SHIFTER COVER
5227,1037-0075,"BRASS BALL VALVE-3/4"" FEMALE"
5228,370065A,"""SEAL,WHEEL"""""
5229,89935,"""TENSIONER, BELT"""""
5230,378970,FITTING
5231,MS-M0391,GREY BULLDOG FOAM STRESS TOY
5232,57037-OR,OIL FILTER
5233,H103060,HOWES DIESEL TREATMENT 64OZ
5234,13M35091PDC,PTO GASKET
5235,HB6644,HOSE BARB 1/4 HOSE 1/4 PIPE FE
5236,1639806-NL,ADJUSTABLE TORQUE ARM 713-07
5237,96-1384,Taper Spring
5238,TRU-TOL-0030,REDUCTION 11-in-1
5239,371-14FSCPLG,1/4 FS COUPLING
5240,84844BGC,3/8 STUD 2/0 BATTERY LUG
5241,M-K88-BOX,CAM REPAIR KIT BOXED
5242,WAB06301614-ALX,HOLDBACK PLATE
5243,M1632,Recycled Navy & White Mid-Pro
5244,K37-1029TUL,FUEL FILTER
5245,EFC123012,VALVE
5246,EM47520-LOW,INSULATOR SPACER
5247,HDV-NT2604RED50,"1/4"" NYLON TUBING-RED-50"
5248,949470068AW0810,DRY RADIAS AW 68 DRUM
5249,M7080-XXXL,RETRO ST GREEN STRIPE TSHIRT
5250,SD110PK3-T,SD110PK3-T SPECIAL TO END
5251,ISX116161PAI,INFRAME KIT
5252,PT5061006,PUMP
5253,98263,BRASS FITTING
5254,1000-UBLT516114,U-BOLT ASSEMBLY
5255,24463883,BRACKET
5256,M2308MD-VB,BLACK AND GREY POLO
5257,23896921,SEALING RING
5258,24408278,CABLE
5259,M6018,MACK LOGO 5' STICKER
5260,24685091,WIRES
5261,7E3632,TUBE AS
5262,6V8397,SEAL
5263,24506783,AIR DEFLECTOR
5264,24533444,SWITCH
5265,23885084,RETAINER
5266,23048037-YAK,PTO GASKET
5267,5289NPT,1/4 COUPLER
5268,510001FIP,"BETTS 60 SERIES LIGHT, RED"
5269,51813WKS,ANAEROBRIC
5270,23459152,SPLASH SHIELD
5271,23965970,DEFLECTOR
5272,4C4H19860AA-143,CORE-EVAP
5273,501149-01,"""Boot, Air Spring"""""
5274,DNP647714,"AIR FILTER, PANEL VENTILA"
5275,6-9016AMA,U-JOINT
5276,21996067,WIRES
5277,61660-143,1/2 HEAT SHRINK
5278,24534141,SEAT BELT
5279,611-003525PDC,E5977L
5280,030295,"Mounting, Engine - 030.295"
5281,KD-LJ501116,"BUMPER VNR W/FOG, STEP, TOW HO"
5282,LNL65106,Angled Dual Wheel Adapter - 13
5283,LT12200640,5 GAL TIRE SEALANT
5284,HM589XQAHXA5XD,PTO
5285,MINP153460,LOCK ROD ASS CURBSIDE THRUST L
5286,83052306R-10,AC Stat Seal Gasket No 6 Red
5287,C5129X6-999,fitting cap
5288,H380123-12,280 PTO - Solenoid (277/280)
5289,B80-1005-6040-FMT,SPACER
5290,MP90374-WFL,WHEEL BEARING GREASE
5291,FULK4122-FMT,NUT KIT
5292,K080780HDWKS,BELT
5293,G1-A5648,SOLENOID COIL
5294,BNKM8-4707QP,4707 NEW BRK SHOE KIT
5295,CHL489QHLZX-V3XK,PTO ASSY PACCAR TRANSMISSION
5296,962972-1WKS,CONNECTOR 2 5 MMD PIN CONT
5297,CHL489XQAHX-V3XD,PTO ASY
5298,BTFTBETPS,FTB ELEC. TRAILER PLUG SET
5299,BTSTRAPR1-H,RATCHET ONLY W/HOOK
5300,PTSN75W90G5P,75W-90 Synthetic Gear Oil 5-Ga
5301,PERM54540,PNEUMATIC SEALANT 36ML
5302,PAI-FTK3422,COOLANT RECOVERY TANK
5303,PRX51813TUL,ANAEROBIC GASKET MAKER
5304,SP-559371-KP,AIR SPRING 9371
5305,NP68-3-1-ALX,"3/16"" x 1/16"""" push brass conn"
5306,NT11054P,"KIT 54"" Coiled Fifth Wheel Hos"
5307,PAI831023,EGR COOLER GASKET 20850815
5308,PW169PTC-4-2,DOT ML ELBOW 90-SWIVEL 1/4X1/8
5309,SP-550783KP,AIRBAG 0783
5310,RHC-0966-ALX,A/C CONTROL PANEL
5311,OR11286-S,A/C LINE TEFLON TIP (SMALL)
5312,SP16-74-101,NUT
5313,NTNHM88630,BEARING
5314,FLT033-08000,MUDFLAP BLK 24*24 ANGLE CUT PO
5315,JOHN2420-HW,JOHNSEN'S BRAKE CLEAN NON FLAM
5316,SP5-677X,U - JOINT KIT
5317,QX537-4,Power Steering Pump
5318,SP6-5-4-4271-1X,END YOKE
5319,M5766,MACK ICONIC CAMO CAP
5320,P2-A3881-KIT,PIONEER PIVOT PIN
5321,P5151A231AA12ZA25-87,HYDRAULIC PUMP
5322,SP5-1310X,U-JOINT
5323,SK1-38,QD BUSHING
5324,SK0002830-FMT,U-JOINT KIT
5325,SP6-28-467,STUB YOKE
5326,SP308925-51,CLUTCH
5327,F50-6527-070000,HVAC LIQUID LINE
5328,CHL489GUAHX-V3XD,PTO ASSY
5329,B0305055,55 GAL. HEAVY DUTY TRUCK WASH
5330,C5305X4,fitting
5331,AD16MP-12FJX,"1"" MALE PIPE X 3/4"""" FJX"
5332,801158,WATER PUMP KIT
5333,99010-TUL,M14 x 1.5 x 25 HEX CAP
5334,AAMMBDD15RBK2007-2009,DD15 INFRAME KIT (CALL W/ ESN)
5335,6722268,AB PUSH-ON 45 ML ELB 3/8X1/2
5336,CHL5-P-964X,GEAR
5337,DAY-327554,SPRING PIN
5338,86723-143,HOSE CLAMP
5339,97566-143,SS TORQ CLAMP
5340,HDV4707Q23SPDC,BRAKE SHOE KIT 16.5 X 7
5341,MS-M2639XXL,MACK DEFENSE GREY LS T-SHIRT
5342,6635-6400-8-16,JIC #8 X SAE #16
5343,CONVAL-2END,SINGLE HYD WINCH CONSOLE
5344,C5506X6,fitting
5345,PETE570CAB,PETERBILT CAB 570
5346,FWA0707,WASHER 35AX324
5347,RAD42-10322TRP,RADIATOR
5348,RB68SW-8-8-ALX,"1/2"" - 1/2"""" DOT Swivel Conn"
5349,S1817,AIR FITTING G STYLE
5350,M17489-END,REAR ENGINE MOUNT
5351,M4649,HERO OF THE HIGHWAY T-GREY
5352,8971476811-143,"OIL SEAL, RR"
5353,DAY-3342229,060961-712 BOLSTER KIT
5354,GMG120,"GREEN MAMBA NITRILE, LG"
5355,H1-031-6375,COMBINED FLOW BLOCK
5356,MK25DEF,DEF 2.5 GAL
5357,SP5-188X,U-JOINT
5358,MS-M5415,SAFETY ORANGE MACK BEANIE
5359,MS-M4455,MACK GRANITE GREY T'S
5360,MS-M2639XXXL,MACK DEFENSE GREY LS
5361,MS-M2910,MACK GREEN RIDE ON TRUCK
5362,K2804,OIL SEAL KIT
5363,GSH-6126,SHAFT
5364,GSA-2543,KIT
5365,G46995-0012,CLAMP ASSEMBLIES (POLARSEAL II
5366,GZ220004-005,V-BAND CLAMP 3.5
5367,ISX111-049,"KIT,ENG.INF,ISX"
5368,EFC-1594,"CLUTCH,FAN"
5369,A2351077-001,BLANKET EXHAUST RHVE ISX
5370,A6721050-001,GRILLE- ASSY ACX W/FEPTO(BLACK
5371,TM029013CS,WIPER NOZZLE
5372,181830,"KIT,THERMOSTAT"
5373,338-709,Trunnion
5374,131368,PUMP ASSY
5375,131595,"SET,GASKET,FT.COVER"
5376,194NACP,AMBER MINI BULB
5377,RV011245,RECEIVER DRIER
5378,1676223,RUBBER BUSHING
5379,20718993,BRACKET
5380,STM3830436,"OIL SEAL, DISCOVER XR"
5381,STM3930103,SEAL
5382,02-7091539,NUT
5383,STM3434009,CAP
5384,STM3595995,REPAIR KIT
5385,PAC12124580,TERMINAL
5386,MON65103,SHOCK ABS.
5387,21712652,BRACKET
5388,23214277,TORSION SPRING
5389,22996387,HANGER
5390,23796643,BASE PLATE
5391,TDA2210S8157,CAMSHAFT
5392,22480490,EXHAUST PIPE
5393,23054130,LOCK KIT
5394,1093087,SEAL
5395,23392680,BELT TENSIONER
5396,23159763,SHOCK ABSORBER
5397,TDAKIT2935,ADJ RING REPAIR
5398,23961740,V-RIBBED BELT
5399,23961747,V-RIBBED BELT
5400,20701639,GASKET
5401,21626244,BEZEL
5402,22690514,BELT
5403,24071072,PANEL
5404,21834199,FILTER INSERT
5405,SP10723710,CLUTCH KIT
5406,21311256,COVER
5407,22737425,SIX POINT SOCKET SCREW
5408,22762021,BRACKET
5409,MON66893,SHOCK ABS.
5410,24139322,CONTROL UNIT KIT
5411,SP5178X,JOURNAL
5412,23630048,EXHAUST PIPE
5413,STM3303111,DRIVE AXLE GASKET
5414,22943109,SWITCH
5415,22977102,LIGHT SWITCH
5416,22988037,ALTERNATOR
5417,20995830,V-RIBBED BELT
5418,RCWBP22,WIPER BLADE
5419,22591288,COVER PANEL
5420,24009059,FUEL FILTER INSERT
5421,21620839,RETAINER
5422,TL94902,CONNECTOR
5423,20572135,STOP
5424,21091695,AIR DEFLECTOR
5425,MON65436,SHOCK ABS.
5426,20581966,LID
5427,21096421,PISTON COOLING JET
5428,SPSPL1704X,U-JOINT KIT
5429,20440935,SIX POINT SOCKET SCREW
5430,OSR912,BULB 912
5431,3098602,SWITCH
5432,3083831,TAB WASHER
5433,20470169,BRACKET
5434,22188802,FUEL FILTER HOUSING
5435,23536495,SWITCH
5436,3093427,WIPER BLADE
5437,20489697,STEP
5438,20814945,MUFFLER
5439,84723837,AIR DEFLECTOR
5440,84726252,LAMP
5441,FUL4303424,RING
5442,82720128,COWL
5443,85142170,FAN
5444,84751365,HEADLINING
5445,FGFF5264,FUEL FILTER SPIN-ON
5446,85150211,HUB
5447,85106240,WASHER
5448,ACH20040,FRAME
5449,ACH22170,BRACKET
5450,85105606,CONTROL VALVE KIT
5451,85123136,BRAKE CAM
5452,ACR41730SP,ALUM-41730SP 225X900 STAN
5453,82736553,BRACKET
5454,BWK112234,VALVE
5455,82750054,TRIM MOULDING
5456,88890304,CABLE
5457,FUL22940,SWITCH
5458,82757798,HANDLE
5459,85131439,PASSWORD RESET
5460,84710381,BELT
5461,84731289,CURTAIN
5462,82749451,CHASSIS FAIRING
5463,85119563,COMPRESSOR
5464,82757885,FRAME
5465,85127414,FLOOR
5466,82780935,DRIVING LAMP
5467,FUL83002,COLLET
5468,BWK058715,DIAPHRAGM
5469,84029973,EXTENSION
5470,85108980,TUBE
5471,969162,FUSE
5472,GRO46872,SIDE MARKER LAMP
5473,84746772,DOOR PANEL
5474,82765984,TRIM PANEL
5475,82782400,DOOR PANEL
5476,85101350,SENSOR
5477,85104133,COPPER SLEEVE KIT
5478,FULA8030,RETAINER
5479,FULK2977,REPL. KIT
5480,82277339,BRACKET
5481,8074809,SUPPORT
5482,3981872,LOCK
5483,8083209,SWITCH
5484,8076304,CLAMP
5485,8077554,HOSE
5486,3175591,SWITCH PANEL
5487,3946692,SOLENOID VALVE
5488,3175604,LOUVER
5489,37113-0007,CLIP
5490,37011-5002,SEAL AY
5491,8141425,SEAL
5492,8130185,GASKET
5493,8078689,COVER
5494,BWK058691,BRAKE CHAMBER (S-CAM)
5495,CHC10851,8 1/2 SEMI-BUBBLE CONVEX
5496,BW5015693,HAND BRAKE VALVE
5497,BW800483,RELAY VALVE
5498,MID5003547K,MOUNTING BRACKET KIT AIR
5499,MHPBNL5,BRAKE N LOOSE NON-CHLORIN
5500,MHPSA5,SMOKIN AL ALUMINUM CLEANE
5501,MON65534,MAGNUM SHOCK
5502,MIDRN10JH,LINKAGE ASSEMBLY
5503,MHPBMW6,BIG MULE WIPES
5504,MIDAL1027196,SENSOR STRAIGHT 0.5M
5505,KINVB36,36 IN. VEEBOARD 8X8X36 ST
5506,MVBV5W30PAIL,"VOLVO PREMIUM VDS-5, 5W-3"
5507,NTS23586307,CVR CSH VOL2287 WHEAT MOR
5508,NTS23225713,CVR CSH VOL DK BROWN LTHR
5509,PNSEV305,CB BARREL SHOCK
5510,PNSPP201498,"HARNESS, RADIO, DELPHI, -"
5511,PH2202P22,1/8 PIPE 90 DEG
5512,RCCLU20893551,"CLUTCH,15.5X2,9SPR 4PDL C"
5513,RCSAF500077P,POLY WT SINGLE AXLE 77IN
5514,RCPB3030K,SPRING BRAKE PIGGYBACK KI
5515,RCOR11349,SLIMLINE W. - SINGLE JOB
5516,SNV451036NB,"COILED AIR, BLUE, 15, 12"
5517,SNV451039MV,"COILED AIR, SET, 15, 12 &"
5518,SNV453240,"HOSE ASSY, 3/8 X 40, 3/8"
5519,RCSTT13RWL,"7LED, TLLT,RND,WTHRCN,ROA"
5520,SNV431098,"CAP, OIL FILLER, 1-3/4"
5521,RCFB27252,BELLOWS-EXHAUST 4 X 14
5522,SP104641,PTO JOINT COMPONENT
5523,SP10892525AM,INSTALLATION 1552 EP2000
5524,82783474,PANEL
5525,82784578,DIFFUSER
5526,HOHXB21S3751750,PIN
5527,FULA6160,YOKE AY.
5528,FULK3600,CLUTCH INSTALL
5529,85106171,KIT
5530,8081483,CLOSURE
5531,3972720,KNOB
5532,82487084,CHASSIS FAIRING
5533,3946698,CLIP
5534,8084583,COIL
5535,78551557,SUPPORT
5536,3947756,TARP STRAP
5537,466421,SEALING RING
5538,78642701,SPLASH SHIELD
5539,8074722,RETAINER
5540,3918821,NUT
5541,KIN641201,12 LOGISTIC STRAP WITH SE
5542,MID40010215,AUTOMATIC BRAKE ADJUSTER
5543,LOP10043,80/90 GEAR LUBE
5544,LOP10533,LITHIUM GREASE
5545,NTS23195301,ADVANCED LUMBAR FLUIDIC D
5546,NTS22998105,ARMREST ASSY-LH-20&.75 WI
5547,NTNLM29710,BEARING
5548,PH222P42,1/4-1/8 ADAPTER
5549,PHT8605688,WEATHERPROOF FIELD-WIRED
5550,PHVS269NTA108,5/8 X 1/2 ELBOW MALE
5551,PNSTSL4BK,"ANTENNA, CB, KIT, SINGLE"
5552,RCEV01065,EXP. VALVE - BLOCK-FLANGE
5553,SET181704XN1165,COVERALLS - HIGH BACK
5554,RCSTT43AL,"LED TLLT GRMTMNT, AMB, PO"
5555,RCSW825225H5,22.5X8.25 5HH (7400LBS)
5556,SET188891FN635,SEAT-LEGACY SILVER MB 2W
5557,SIL05089,CRC BRAKLEEN BRAKE PARTS
5558,SNV422312,"CABLE, TRAILER, 7 COND, 4"
5559,RCEV03022,ORIFICE TUBE - RED
5560,SNV451030B,"NYL TUBING, J844, 0.25 IN"
5561,RCPAI16EQYL,EQUIPMENT YELLOW
5562,RCSAF4055MK,POLY SINGLE AXLE MNT
5563,SNV422096,"TERMINAL, BATTERY, STRAIG"
5564,STMK134R,QWIK KIT KING PIN KIT
5565,SP472HH101,SPICER DIFFERENTIA PINION SEAL
5566,TDA35RRS018C319,35RPL-DRVLN-ASY
5567,TDA25RHC024E562,RPL DRVLN ASSY
5568,TDA2210B7542,CAMSHAFT (RH)
5569,TDAR309839,BOLT KIT
5570,TDAR607182,CAMSHFT 1.50-28
5571,TDAR607151,CAMSHAFT LH
5572,TDAR002304,LOCK WASHER
5573,TDAR007664,NUT-SPINDLE PP
5574,TDAMAFB201,2 2P CLUTC BRK
5575,TL93908,9 CENTERS HARNESS
5576,TL3050,LED SIGNAL STAT M/C LAMP
5577,VEL032192,UNIV. FAN CLUTCH SOLENOID
5578,VEL705112,7X16 V-BACK MIRROR HEAD S
5579,VEL705332,7X16 HEATED ANGLE BACK WI
5580,VEL035180,"GLADHAND ALUM.SERV,W/FILT"
5581,TL6050A,LED SIGNAL STAT REAR TUR
5582,TL19350R,LED 19 SERIES M/C LAMP
5583,WUR150155051,"RADIATOR YOKE, FENDER & B"
5584,VEL032216,PRESSURE PROTECTION VALVE
5585,VEL032227,AIR-ELECTRIC TOGGLE VALVE
5586,1569-5-2-TUL,"5/32 X 1/8"" 90 FITTING"
5587,29544139FTW,"SENSOR, SPEED TRANS"
5588,24500709,AIR FILTER REPAIR KIT
5589,24534309,SEAT BELT
5590,146048-YAK,"48"" 3/8 AIR HOSE"
5591,056005-50-YAK,RING TNG 16-14 VYL 8-10 (50)
5592,11444P-120,"GLADHAND, 37 DEG BRACKET MOUNT"
5593,23650099,TRIM PANEL
5594,24037213,PADDING
5595,MS-M6343XL,MAACK RETRO GREY HOODIE
5596,SE287,POWER STEERING PUMP
5597,HC8Y62C1000F,5/8-11 X 10 HEX CAP SCREW G8 Z
5598,MS-M6348LG,MACK NAVY PERFORMANCE TEE
5599,HWC04722,BOLT-HEX
5600,K080915HD-143,BELT
5601,K2468-126,TRANS INSTALL KIT
5602,146028-YAK,"28"" 3/8' AIR HOSE"
5603,TRMFH309,SS FLAP HANGER WITH LIGHT CUTO
5604,569778,BEKA OIL PUMP
5605,999-0722,LF1400200NN FILTER
5606,020108-YAK,"1/2"" LOOM"
5607,CLU10893561AM,EATON CLUTCH ASSEMBLY
5608,HM35P8-ARD,GASKET FOR SHIFTER COVER (489)
5609,A9909909401-143,STUD
5610,PRIM9005LL,LONGER LIFE HALOGEN
5611,TR616,LUG NUT PULLER
5612,749-001,10w30 SYN BLEND
5613,TRCAC3060,"CHARGE AIR HOSE 3"" X 6"""""
5614,81051-143,16GA YEL PRIM WIRE
5615,BOS-B2202-TUL,WIPER BLADE 22-INCH
5616,CCCJSK37FSL-OKC,FONTAINE 5TH WHEEL T-PLATE
5617,DEF-55GAL,DIESEL EXHAUST FLUID
5618,LTFS00940363ZP,MINI EMERGENCY FUSE KIT
5619,RB-446REV,BEARING SET 446 & 424
5620,RELY75W905G,RELYANT 75W90 SYN 5 GAL
5621,MS-M5194XL,CLOUD HEATHER MACK HOODIE
5622,RB-430REV,BEARING SET 430 & 401
5623,656-143,7/16 X 3.5 BOLT
5624,21095726A,562.U85588 EXH GSKT
5625,141D2403SD23N,Air Disc Brake Pad Set 23K
5626,NEPN2122611X,Center Bearing
5627,WEN2287089,"SEAL, O-RING"
5628,TR24SC,SERVICE CHAMBER TYPE 24
5629,-11101-X,ELBOW 90 DEG.ST. BRASSPIPE 3/8
5630,1010-143,3/32 X 1 COTTER PIN
5631,032192-YAK,UNIVERSAL FAN SOLENOID
5632,04-29436-000-143,"FLEC TUBE, EXHAUST PIPE 4700"
5633,10250RPDC,"Truck-Lite 2.54"" 10 Series Rou"
5634,01-31746-000PTG,ALTERNATOR PULLEY
5635,1042-143,5/32 X 1.75 COTTER PIN
5636,WENBAP28CA,28 BOSCH WIPERS
5637,XG-24DMA,ANTHEM PLASTIC BMPR MNTG KIT
5638,T83-TUL,6x8 DIAPER TARP
5639,TLED-48R1,4 IN ECONOMY STT LED
5640,113557-1-45-00,FAST DRY CAP VOLVO
5641,053-85455,10-12 GAUGE MALE SPADE
5642,1-1418390-1WKS,CONNECTORS 4 POS AMP MCP 2.8
5643,082436CO,"36""X24"""" X 1/2 MUDFLAP"
5644,119AX3708,ADAPTER 1328
5645,6533858,"BREATHER,CRANKCASE"
5646,24688214,BRAKE CHAMBER
5647,24733518,STEP
5648,1801061780,Center Fill Plug 80pc Display
5649,4041107-MON,CLAMP TURBO HOUSING
5650,4499-319367C0006,"CR,DL 68X86 & 367 2)147 2)333"
5651,3400122RE,CONDENSER
5652,28-P-119WF,CLOSED END CAP SEAL
5653,PNSPP202663,"HARNESS, JAM/SA"
5654,RCFF33964,FUEL FILTER
5655,1925946PE-1,GASKET
5656,20240-1600-021,M16 CLASS 10 HEX NUT
5657,80AX269,BUSHING 1312
5658,10712PDQ-HAY,SUPER MULTI-PURPOSE FUNNEL
5659,PNSB250XTS,NOISE CNC WIRELESS
5660,20-2647,BOX IN FRAME
5661,20370-1600-021,M16 FLAT WASHER
5662,190-851-001,Trunnion Shifter Bushing
5663,12191232-TUL,SEAL
5664,123-40-6-BV-AG-FMT,"10-3""X40-6"""" BLACK VINYL AG"
5665,20953439,WIRING HARNESS
5666,KTI21095P,RATCHET 1/4 DRIVE
5667,5284-GCK,3/8X1/4 PIPE BUSHING BRASS
5668,00097711-143,BB CALIPER BOLT
5669,FJCL2484,PAG OIL 46 8OZ
5670,14969880029,60S DETROIT TURBO 600HP
5671,D10299369-FMT,ELBOW-RUBBER AIR 35DEG
5672,DAY-59770,B81-6084-001 SPRING PETE
5673,MAG169880,MAG1 FS SAE 10W-30 GAL. BIB
5674,MC16MM,"""Mini Century™ Lightbar 16"""""""" w"
5675,TR9974-101,TRAILER AIR SPRING
5676,S-23119FT,5/32 AIR LINE BY FOOT
5677,PW169PTCNS-6-2,3/8T X 1/8P MALE ELBOW
5678,AH5500-20-20,1.250 90 DEGREE
5679,MS-M4133,MACK 125TH LANYARD
5680,MS-M4453LG,MACK BLUE TSHIRT
5681,PE9C,BUSHING 02-01805
5682,11-14418-000DF,"GASKET-AXLE SHAFT,7.00,8,.66"
5683,QX-65079,NEW TAS65079
5684,JJ690808,1/2 X 1/2 PUSH IN X MIP DOT
5685,PR9F-U,BUSHING
5686,1116110SH,CRANK HANDLE ONLY
5687,NPA82190,SUPER GLUE
5688,R10211,SLACK 1-1/2X28 HALDEX 5-1/2 PL
5689,1014304-FT,"3/8"" AIR HOSE"
5690,R65172,SLACK 1-1/2X10 BENDIX 6 IN
5691,TE85055,TUBE TO MALE FITTING
5692,120-310-003,"COVER FILTER, 607"
5693,TR3030C-WC-SPK,WELD CLEVIS BRAKE CHAMBER
5694,TR8813ARD,C81 AIR SPRING
5695,S-28130,INPUT GEAR
5696,TROXELL5THWHEELPLATE107,5TH WHEEL PLATE W/KING PIN
5697,SH957SCRCOVER,SCR COVER 22438983
5698,UKRD3133G8,U BOLT KIT
5699,1105049SH,"96"" UPER EXTENSION"
5700,121384P,ORING 4PK
5701,12M1363,TIRE INFLATION HOSE
5702,148020-YAK,"1/2"" AIRBRAKE HOSE 20"""""
5703,0251-Q12VB,CITRUS TAGR QTS W/SPRAYERS
5704,035029-YAK,BULKHEAD
5705,MS-M2642,GREEN & WHITE RETRO HAT
5706,MS-M6352XXL,MACK 1900 FLAG TSHIRT
5707,MS-M6621LG,GRAVEYARD TSHIRT
5708,CMT10001331,STUD WHEEL METR STUD
5709,925135-WKS,SHOCK
5710,925189-HAY,SHOCK
5711,CRK2383,CRK2383
5712,GWON44100-YAK,ORANGE NITRILE MED
5713,MM7067,MENS ALL AMERICA LS POCKET
5714,AR15-1012X,FILTER KIT
5715,D73008SAL,flange washer
5716,M4117,SAND SHOE LOW PROFILE
5717,GWON44100-TYE,ORANGE GLOVES M
5718,NILIGHT-12AWG,Harness 12AWG Wiring
5719,DAY-330187,SHACKLE
5720,G1-522AO-WKS,"4"" SIDE ROLLER"
5721,AS64695,9645 AIR SPRING
5722,GAT21135,RADIATOR HOSE
5723,843Q-GCK,SCREW IN PLUG
5724,G1-244908-LOW,VALVE HANDLE
5725,HD194001R,194 LED RED
5726,87282-LOW,GRINDING WHEEL
5727,BC3Z9E464C-134,GASKET
5728,BVSSPNPT050-143,"1/2"" SS LOCKING BALL VALVE"
5729,KW8E,B11-1091-001 HANGER
5730,960344,CLUTCH KIT (ENDURANT)
5731,982107-LEW,"12X260"" TEFLON TAPE"
5732,CCC22P127-1,GASKET
5733,7508143C1-VB,BELT
5734,100470911,Brake Kit
5735,1102236,Camshaft Retainer Kit
5736,1102005,Camshaft Repair Kit
5737,1102206,Camshaft Repair Kit
5738,1047106,Hood Spring Kenworth
5739,1351034,Haldex Type Slack Adjuster 5.5
5740,1381011FC,Gunite Type Slack Adjuster 5.5
5741,12328221002,Camshaft RH
5742,1515401BATR,Brake Drum 15.000in X 4.000in
5743,1516503BA,Brake Drum 16.500in X 5.000in
5744,150ABS1554,ABS Tone Ring for Wheel Hub
5745,1701023,Air Manifold
5746,1516506BA,Brake Drum 16.500in X 5.000in
5747,1516501BALW,Brake Drum 16.50in X 5.000in L
5748,1516504BA,Brake Drum 16.500in X 5.000in
5749,170V8AP,Push Pull Valve 4 Way APSCO
5750,1705009041PG,ADHF Type Coalescing Cartridge
5751,170950048,Wabco SS1800 Type Air Dryer Ca
5752,170AV295AP,Control Valve PTO Hoist APSCO
5753,17711628,PLC Union Connector 1/2in
5754,17712C574C,PLC Standpipe Adapter 1/4 X 3/
5755,17774488,Hose End 13/32in X 1/2in JIC F
5756,1777216,Air Hose Assy 3/8in 3/8in Pipe
5757,17782512E,Hose Fittings 3/4in Barb X 3/4
5758,17713B696B,Brass PLC Male SWL Elbow 3/8 X
5759,17711716B,PLC Swivel Male Run Tee 3/8 X
5760,1773027,Pogo Stick Chrome 50in
5761,1775003,Nylon Tubing 5/32in OD X 50FT
5762,17773620,Air Hose Assy 3/8in 3/8in Swiv
5763,17714682A,Male Connector 1/8IN x 1/8NPT
5764,177103850P,Poly Split Loom 3/8in ID - 50f
5765,17711686C,PLC Male Connector 3/8 X 3/8in
5766,17713B156C,Brass PLC Male Elbow 3/8 X 3/8
5767,17713B686A,Brass PLC Male Connector 3/8 X
5768,17713B696D,Brass PLC Male SWL Elbow 3/8 X
5769,1774010,Drain Valve w/60in Cable
5770,1778698,Push-On Fitting 1/2in Hose Spl
5771,1779103B,Female Coupling 1/4NPT
5772,1779110DB,Bushing 1/2NPT x 1/4NPT
5773,56462013,Corner Lamp LH/RH Mack
5774,56462106C,Bumper with Fog Mack
5775,56475040,Headlamp LH Peterbilt
5776,562U851338,DPF Gasket Cummins ISX
5777,56459050,Headlamp RH Kenworth
5778,56496017,Headlamp RH Projector Black Vo
5779,56109225,Silicone Hose 2.25in x 36in 4P
5780,56496022K,Sunvisor Marker Light Amber wi
5781,56120020,When Inv. is Depleted Use 561.
5782,56125300,Constant Torque Clamp 2.25in t
5783,56125500B,Constant Torque Clamp 4.25-5.1
5784,56346066,Mirror Glass Convex Heated Fre
5785,56346091,Hood Mount Mirror LH Black Fre
5786,56126475B,T-Bolt Clamp 4.75in to 5.06in
5787,56127410B,All SS Lined Clamp 0.56 to 1.0
5788,562102424,Chevron Style 24 x 24 x 0.19in
5789,463DS998,Drag Link 20.850in C to C Kenw
5790,463DS4698,Drag Link 17.75in C to C Freig
5791,562A4000A,Lug Nut Cover Adjustable Pulle
5792,50367,Single Leaf Z Spring
5793,562U3204SST,Band Clamp Flat Torca 4in S.St
5794,2101915,Socket Wrench 4-1/8in 6PT
5795,179SB3030SL,Spring Brake Type 30/30 Sealed
5796,18010622K,Hub Cap With Hardware
5797,562142430RDC,Rubber Duck Black Poly 24 x 30
5798,5628001,Mud Flap Bolt Kit - 3/8in
5799,56299008SWCB,Steering Wheel Cover Black/Blu
5800,562A4002P10BK,Lug Nut Cover Bulk 10PK Chrome
5801,56111025,Silicone Heater Hose 0.250 in
5802,56120504B,Mini Hose Clamp 0.22in to 0.63
5803,562A4033R,Chrome Steel Push On 33MM
5804,4654058,Steering Gear Kit M100
5805,56129481AB,V-Band Clamp Breeze
5806,5626147,Wheel Chock
5807,5639089,Box Type WC Mirror Heated LH 7
5808,561230375,HD T-Bolt Clamp 3.75in to 4.06
5809,181AC0404,Automann Conservator Drive Axl
5810,182104412,Bearing Spacer PreAdjust
5811,2012003L,Outer Cap Nut
5812,1782114BN,Wire Primary 14 GA 100FT Brown
5813,1782312BFH,Blade Fuse Holder 12 GA
5814,1785301HS50,Butt Conn 22-16 GA Heat Shrink
5815,178EK115DCHS,Electrical Kit Color Heat Shri
5816,1791034HDN,Socket Dual Pole Horizontal HD
5817,179DT24L,Diaphragm Type 24 Long Stroke
5818,1791060,Plug Dual Pole Vertical 4GA
5819,179YK5008,Clevis Kit Crewson Type 5/8in-
5820,1782110RD,Wire Primary 10 GA 100FT Red
5821,571LD33R1DV,Marker Light LED 3/4in Red 10-
5822,5794014MK,Combination Wrench Set-Metric-
5823,59524,3 Leaf Parabolic Spring PD/3/S
5824,81515440,Continental V-Belt OE Technolo
5825,566CT78179,Continental Air Spring Rolling
5826,59588,3 Leaf Parabolic Spring PD/3
5827,57775614,High Pressure AC Switch Paccar
5828,571GR40,Light Grommet
5829,57796519,Oil Pressure Sensor Volvo
5830,571LG40W,Back-Up Light 4in
5831,571H9005LLHE,Hella Halogen Capsule 9005/HB3
5832,5731009,Document Holder
5833,5731010162,Hinge Wabash
5834,573A112RS2,Ratchet Straps 2 PK 1in X 12FT
5835,573D435FH,Flat Hook Winch Strap 4in X 35
5836,579MT016,Tape Measure 16ft
5837,573KG703820,Chain G70 3/8in X 20FT
5838,571LG10ABGC,"MARKER LIGHT 2 1/2"" AMBER"
5839,57796520,Crankcase Pressure Sensor Volv
5840,5751023,Coolant Reservoir Peterbilt
5841,5681021,Landing Gear Handle 6.75 inch
5842,57755013,Turn Signal Switch IHC
5843,571BK955SS,Light Bracket Stainless Steel
5844,57775990,Wiper Motor Peterbilt
5845,571LD153R3,ID Bar 3 Light LED Red
5846,577A9410322670,ABS Sensor Kit
5847,577AMF3,Mini Blade Fuse 3 Amp - 5pk
5848,571LD5X7W5,Headlamp High/Low Beam 5in X 7
5849,571LD60R24,S/T/T Light LED 6in Oval Red 2
5850,571LD30R3,Marker Light LED 2in Red
5851,571LD331R1,Marker Light LED 3/4in Red
5852,571LD40R39,S/T/T Light LED 4in Red
5853,5681033,Cross Shaft Kit Adjustable
5854,571MFH101,Magnetic Flag Holder
5855,57759918,Wiper Motor Kenworth
5856,83045025,Evaporator Kenworth
5857,83061020,Cabin Air Filter Freightliner
5858,83021213,Blower HVAC Freightliner
5859,83042044,Expansion Valve
5860,FL001-C,FR CAS CA-125 LONG 08UP
5861,HLK1048,Hood Support Latch LH Freightl
5862,HLK2257,Interior Door Handle LH Kenwor
5863,HLK2508,Window Regulator RH Kenworth
5864,KP132,Fifth Wheel Wear Shoe Holland
5865,AB1DK23I-A959,AIR SPRING ROLLING LOBE
5866,AB1DK23K-P769,AIR SPRING ROLLING LOBE
5867,AB1DK23VP806,Air Spring Rolling Lobe
5868,AUBK8166166,U Bolt Kit 7/8in X 5-1/2in X 1
5869,A85005,Gabriel Shock Absorber
5870,ABSP2B12R-6884,AIR SPRING DOUBLE CONVOLUTED
5871,AB1DF23P1058,Air Spring Rolling Lobe
5872,AM03FC12DP,Super Fragrance Pod 0.24oz Fre
5873,AB1DK23M9656,Air Spring Rolling Lobe
5874,A988,Trunnion Bushing Mack
5875,AB1DK20G9547,Air Spring Rolling Lobe
5876,A85918,Gabriel Shock Absorber
5877,ABSZ701149,Air Spring Cabin Paccar
5878,MHSK482,Bearing Kit LH/RH Hendrickson
5879,MR862,Silent Block 7.5in Pin Kenwort
5880,MHS738,Pivot Bolt Bushing Kit Hendric
5881,MN95489,V-ROD ADZ
5882,M828,U Bolt Top Plate Peterbilt
5883,M1980,Center Beam Bushing Hendrickso
5884,M4916,Rebound Bolt Freightliner
5885,M4970,Shackle Pin Hendrickson
5886,M203116,Fuel Tank Isolator Kenworth
5887,M17338KUB2,Motor Mount Kit Poly Freightli
5888,M1824A,Shackle Hanger Aluminum Kenwor
5889,M1624,LIGHT GREY PONYTAIL KNIT
5890,M17499,ENGINE MOUNT REAR SUPPORT
5891,M203852-7,FUEL TANK ISOLATOR 7 FT IHC
5892,TRA3222,5 Leaf Trailer Spring
5893,TMR560,Torque Rod 22.500in Mack
5894,PHI15336,Plug - Dual Pole Horizontal 4G
5895,MSRK1330,Frame Align Kit Neway
5896,PHI12138,Gladhand Angle Mount Emergency
5897,PHI15338,Plug Vertical Dual Pole w/Guar
5898,PHI171482,Tender Kit 25in XHD Spring w/
5899,PHI170400,Pogo Stick - Bright Chrome 40i
5900,PHI11962J,Butt Conn 16-14 ga Heat Shrink
5901,4080609,"HOSE,HUMP"
5902,Z955,Multi-Fit Shims
5903,4921483,"SENSOR,PRS TEMPERATURE"
5904,4933571,"VALVE,CHECK"
5905,4394384,"SCREW,HEX FLANGE HEAD CAP"
5906,4376219,"KIT,VALVE SEAL"
5907,4376312,"KIT,EXH RCN COOLER"
5908,4966454,"CLAMP,V BAND"
5909,4937032,"GASKET,CONNECTION"
5910,5260648,"GASKET,TURBOCHARGER"
5911,5264568,"GASKET,OIL DRAIN"
5912,5266243,"ROD,ENGINE CONNECTING"
5913,5333527,"CONNECTOR,QCK DISCONNECT"
5914,5254261,INJECTOR
5915,5401536,"TUBE,TUR OIL SUPPLY"
5916,5403181,"HARNESS,WIRING"
5917,5318057,"COUPLING,ELBOW HOSE"
5918,5443707,"GASKET,CONNECTION"
5919,5467147,"KIT,WATER PUMP REPAIR"
5920,5506593,"CONNECTOR,TUBE"
5921,5550060,"KIT,SPEED SENSOR"
5922,5484229,"LEVER,ROCKER"
5923,5575297,"BRACKET,BREATHER"
5924,5579054,"KIT,EXHAUST MANIFOLD"
5925,5482154,"SENSOR,MASS FLOW"
5926,5461627,"SENSOR,TEMPERATURE"
5927,5491435,"SENSOR,PRESSURE"
5928,145558,"SEAL,O RING"
5929,10160,HOSE-1 NPT CONNECTOR X 2
5930,2881961,"SET,MAIN BEARING (STD)"
5931,3028291,"SEAL,O RING"
5932,3006738,"SEAL,OIL"
5933,2872767,"SEAL,INJECTOR"
5934,2871862,"CLAMP,V BAND"
5935,3075022,"COVER,ROCKER LEVER"
5936,3076226,"GASKET,AIR COMPRESSOR"
5937,3047134,"TUBE,BREATHER"
5938,3058653,"SEAL,O RING"
5939,3072341,"GASKET,OIL TRF CONNECTION"
5940,3074401,"GASKET,CAM FOL HOUSING"
5941,3095683,(US DESCRIPTION MISSING)
5942,3638446,"GAUGE,SIGHT"
5943,3631163,"SCREW,HEX FLANGE HEAD CAP"
5944,3900629,"SCREW,HEX FLANGE HEAD CAP"
5945,3902023,"SCREW,HEX FLANGE HEAD CAP"
5946,3686752,BELLOWS
5947,3688991,"TUBE,AIR INLET"
5948,3694521,"SEAL,DIAMOND RING"
5949,3688597,"HOSE,MOLDED"
5950,3688609,"HOSE,MOLDED"
5951,3688976,"CONNECTION,EXHAUST OUTLET"
5952,3688976BGC,EXHAUST COLLAR
5953,3964537,"SCREW,BANJO CONNECTOR"
5954,3913994,"SEAL,O RING"
5955,3924389,"WASHER,SEALING"
5956,4024808,"KIT,FUEL SOLENOID"
5957,3972263,"BELT,V RIBBED"
5958,190132,NIPPLE
5959,019067,CLEVIS PIN 1/2X1-11/32 IN LONG
5960,17946,LED MULTI UTILITY KNEFE
5961,320175,4-WAY PUSH/PULL VALV
5962,91202,TOOLS & ACCESSORIES
5963,52912,TORSION MOUNT UNIVERSAL STOP T
5964,MF660065,PACKING
5965,MK667058,"**SEAL,BREATHER,4P10"
5966,ME222796,BREATHER GASKET
5967,MK668275,"*SENSOR,EXH NOX,EG,1"
5968,MB025150,PLUG
5969,MF650115,"EYEBOLT,16X29,AMT CO"
5970,KT212005,PM KIT
5971,MB308933,SEAL OUTER REAR
5972,QC000230,"GASKET,OIL PAN,4P10,"
5973,QC000363,"*SPACER,EXH MAN,4P10"
5974,QC000152,"CLAMP,TURBO,4P10,12-"
5975,4301844,BEARING SLEEVE
5976,555,Timken - Tapered Bearing Con
5977,4351737030,TONE RING - SKID CONTROL - RR
5978,51463,MOLDED COOLANT HOSE
5979,8006,RAPID LINK
5980,85221E0130,ARM - FR WIPER - LH
5981,87469E0010,SWITCH ASSY - LEVEL WARNING
5982,83320E0280,GAGE ASSY - FUEL SENDER
5983,83530E0250,SWITCH - OIL PRESSURE - ENGINE
5984,8980069570,SHAFT ASM;FRT S
5985,8981060271,GASKET; EGR VLV
5986,8982011580,CYLINDER SET;CA
5987,8982767560,GASKET
5988,8971287710,BULB; ROOM LAMP
5989,8981227840,GASKET; ELEMENT
5990,8980088950,BOLT; CLAMP NOZ
5991,8981131750,ROTOR; SENSOR
5992,94940,PGTL-MDL18
5993,1000-ACC3210,SANDEN STD COMP 8 GR 119M
5994,1000-AEA40PGC,HOSE GUIDE
5995,1000-ACC3379,SANDEN SHD COMP 6 GR 125M
5996,1000-BD6800B,VALUE DRUM 16.50 X 8.00
5997,1000-ACL2076,"CLUTCH - CCI YORK 8 GR, 1"
5998,1000-BRGSET426,WHEEL BEARING SET
5999,1000-MFB3345SSCX,HANGER 30 45 DEG SS CX PR
6000,1016,16 OZ POWER SERVICE
6001,1000-OR11331,SEALING W. - 10 PER BAG -
6002,1000-OR11342,SEALING W. - 10 PER BAG -
6003,1000-WBS22,WIPER BLADE
6004,1000-WBF28,WIPER BLADE
6005,1000-CON1028,CONDENSER
6006,1000-SB3030STD,SPRING BRAKE (S-CAM)
6007,1000-WSDL04746,WINDSHIELD 1PC FREIGHTLIN
6008,1000-CON1233,CONDENSER
6009,1055-204120,"AUDIBLE SIGNAL,DUAL MODE,"
6010,1000-SWI4516,SWITCH - THERMOSTATIC
6011,1000-UWL48L,"LED RCT, FLD, 6 LED, POLY"
6012,1093635,VALVE
6013,1000-CML57R,"M/C LGHT,2.5RFLX, RED, PL"
6014,1000-RD12134,RECEIVER DRIER - OEM
6015,1000-WBW20,WIPER BLADE
6016,1156,BULB
6017,1147-3932,32 OZ PENRAY HD PS FLUID
6018,1161241,GREASE
6019,1204-370022A,OIL BATH SEAL
6020,1195509,SPACER SLEEVE
6021,10048,75W90 SYN GEAR OIL JUG
6022,1000-CLAK2201,MINOR INSTALL KIT W/2 PC.
6023,1000-CAF1226,AIR FILTER - CABIN
6024,1000-CLU10723710,"CLUTCH,14X2 SS,8SPR 3PDL"
6025,1000-CLU20892525,"CLUTCH, STRAP DRIVE, 15 1"
6026,1000-GH11B,LOCK
6027,1000-FB3396,BELLOWS-EXHAUST 5 X 12.4
6028,1000-RD11109,RECEIVER DRIER - OEM
6029,1381-18262A,AMBER 12 LED MARKER LIGH
6030,1450-35P8,GASKET
6031,31275,OIL FILLER CAPS
6032,3134241,RESISTOR
6033,380150,"PUMP,PRIMER,HAND"
6034,M4847-MD,MACK MAROON BOYS LONG SLEEVE
6035,3082444,WASHER
6036,96-884,Taper Spring
6037,745370,"HARNESS, REMOTE MIRROR / SWITC"
6038,8072887,HOSE CLAMP
6039,603-5211,Fluid Reservoir
6040,59-748,Taper Sprng
6041,801121,"FAN,BLADE"
6042,801550,SENSOR
6043,A1440043-001,MODULE
6044,71586,"SUSPENSION STRUT,STRUT"
6045,806803,"KIT,SYNCRO"
6046,6222206-001,AIR SWITCH
6047,6-53-311,MIDSHIPSHAFT
6048,A4390007-006,FUEL SENSOR ISSPRO 24 INCHES
6049,EE70930,"KIT,BEARING"
6050,EF26060,CLUTCH
6051,APL-101173,COOLANT LEVEL SENSOR
6052,EE96220,"GEAR,PINION"
6053,A4511051-001,CAB STEP_SERRATED ALUMINUM ACX
6054,334-1878,Service Kit
6055,242-6014,Splash Guard
6056,127592,SEAL
6057,121264,"SEAL,O RING"
6058,129584,COMPRESSION SPRING
6059,131860,JOYSTICK WM522D1
6060,13-313513,WIPER PIVOT RH
6061,115123,KIT-SHAFT
6062,131851,"KIT,GASKET,LWR"
6063,136118,"KIT,SEAL,CRANK"
6064,131496,"GASKET,VALVE"
6065,131973,CONTROL
6066,1091496,ALARM
6067,20423-0050,HOSE-SLC ELB SGL/DBL-BEN
6068,188891MW61-TUL,LEGACY SEAT
6069,2092109-143,WASHER
6070,MUSB7307UM,CYLINDRICAL BEARING
6071,1905-T225-1621,"1""2W HOSE X 1"""" FJ 45"
6072,MU1306TDM,CYLINDRICAL BEARING
6073,VB2027,VOLVO/MACK (21021850) 5.91 V-
6074,2-28-1697-FMT,1330 3X.083 WELD
6075,1884-045006,SAE45 FLARE 90 E 3/8T X 1/4MPT
6076,3689250,EXHAUST MANIFOLD
6077,22268,MOLDED COOLANT HOSE
6078,346-386,Drag Link
6079,21160381,FUEL TANK
6080,20489170,SUPPORT
6081,SPRW616,NOZZLE FITTING
6082,STM3434249,HUB CAP
6083,STM3434308,HUB CAP
6084,20922589,CABLE
6085,06102-5001,LUBRICANT
6086,TL47,REFLECTOR
6087,TL60204C,BACK-UP LAMP
6088,TRB663,CONE
6089,TRBSET405,BEARING KIT
6090,20533956,BRACKET
6091,21114632,BELT
6092,RCABT12BLK100,TUBE
6093,RCALT8719,ALTERNATOR
6094,23242706,COOLING HOSE
6095,23248089,EXHAUST PIPE
6096,22391563,DOSAGE VALVE
6097,23793927,WIRES
6098,22996398,HANGER
6099,23098042,WIRES
6100,23319493,HEADLAMP HOUSING
6101,RCALT8718,ALTERNATOR
6102,23961724,V-RIBBED BELT
6103,RCECA22,ELECTRIC SOCKET
6104,1115248,CLAMP
6105,TDAR002296,HEXAGON NUT
6106,23278125,HOSE
6107,22218645,SWITCH
6108,23340873,CENTRAL LOCKING KIT
6109,RCWBS18,WIPER BLADE
6110,20435695,GRILLE
6111,20736406,FLOOR MAT
6112,21623678,ARMREST
6113,22119566,SLACK ADJUSTER
6114,1275379,GASKET
6115,23488814,LOUDSPEAKER
6116,24040686,BEZEL
6117,20801559,FILTER
6118,20805038,WIRING HARNESS
6119,MON65405,SHOCK ABS.
6120,22662235,SHOCK ABSORBER
6121,23649812,BRAKE PAD KIT
6122,24288517,CABLE
6123,22891571,COOLING HOSE
6124,STM3930104,SEAL
6125,STM3830136,SEAL
6126,20517007,PRESSURE CAP
6127,21505893,LATCH
6128,21528051,HOSE ASSEMBLY
6129,22939131,WIRES
6130,1092379,NUT
6131,20499458,HUB
6132,22392379,SWITCH
6133,23962191,WIRES
6134,3091225,LOCK BRACE
6135,20565546,PLUG
6136,21047210,HOSE
6137,MIDCB30,BAND
6138,23109563,GROMMET
6139,STM3434149,HUB CAP
6140,23286503,HOSE
6141,23336343,HOOD
6142,23350325,SPLASH SHIELD
6143,21338453,AIR SPRING
6144,113112,"SHAFT,THROTTLE"
6145,84560457,COVER
6146,FUL4304514,GEAR
6147,960146,WASHER
6148,82727886,SUPPORT
6149,84736192,AIR DEFLECTOR
6150,85143546,BAR
6151,FULK2910,COVER
6152,82749501,AIRFLOW DEFLECTOR
6153,8397210,NIPPLE
6154,BW800516,DASH VALVE
6155,82755363,HOSE ASSEMBLY
6156,84585790,FLOOR MAT
6157,FUL22254,NUT
6158,82755895,TRIM MOULDING
6159,85107579,GASKET
6160,85129262,COMPRESSOR
6161,CHR40129,ANTI-TAMPER SEALING
6162,BW065624,AIR DRYER KIT
6163,84721187,BRACKET
6164,85108703,KIT
6165,DNP554004,FILTER
6166,85112634,FUEL FILTER
6167,84749567,KIT
6168,DR8600310,ALTERNATOR
6169,BSM1000046148,"ASSY, BLOWER MOTOR 12V"
6170,FUL12815,BUSHING
6171,82755890,PANEL
6172,FUL4302080,SNAP RING
6173,85135620,CAGE
6174,83176120,AIR SPRING
6175,BW229635N,VALVE
6176,BWK041870,SLACK ADJUSTER
6177,84704488,TRIM PANEL
6178,82733842,RADIATOR GRILLE
6179,85120274,HOUSING
6180,82770571,RETAINER
6181,CP280X,CNTR PARTS KIT
6182,HP-LLC-01,HINO LONG LIFE COOLANT PINK 1G
6183,S171041580,GASKET SUB ASSY EXH MFLD
6184,R802649,ASA 1.50-28
6185,R803055,AY-ASA 1.50-28
6186,S454114170,ARM PITMAN
6187,16581EW020,CLAMP - HOSE - TURBO OUTLET
6188,1228Z1716,CUP-BEARING
6189,1156195070,GASKET; EYE BOL
6190,SZ10508021,BOLT FLANGE
6191,8890181680,THERMOSTAT KIT;
6192,8970668370,GASKET; TURN LA
6193,8971464992,GASKET; EXH MAN
6194,40044,"SHOCK ABSORBER,AMORTIGUADOR"
6195,8970609261,RELAY; FAST IDL
6196,25634E0010,GASKET SUB ASSY EXH MFLD
6197,2330478380,"ELEMENT, FUEL FILTER"
6198,23705E0200,PIPE SUBASY - INJECTION - NO.5
6199,194,BULB
6200,21814E0140,BOLT
6201,8983033071,"COVER; BATTERY,"
6202,9153150260,"WASHER,NOZZLE H"
6203,1153150131,GASKET; INJ NOZ
6204,1822101760,LAMP ASM;CORNER
6205,8982986270,PIPE; INJ NO. 4
6206,8980551120,CABLE; BATTERY
6207,8981694220,GASKET;OIL PAN
6208,8981918410,COOLER; A/T
6209,8981778581,RUBBER; ENGINE FOOT
6210,8976011440,GASKET; EGR VLV
6211,8972020670,STRAINER ASM; O
6212,8974767141,TRAY; INST
6213,8975256851,BRACKET; ACL
6214,15511016,LINED HOSE CLAMP
6215,8126025410,"SEAL,ENG COOL A"
6216,1458-T224P,REPLACEMENT CARTRIDGE
6217,1458-99300,SPEEDI-SLEEVE
6218,184703,INNER RING
6219,1884-260003,1/2 NYLON TUBE TEE
6220,1578046,RETAINER
6221,1802066,12V DD 61X MOTOR
6222,1676622,QUICK COUPLING
6223,1677348,SHIM
6224,1885-05001,3/8T X 1/4 45 ELBOW
6225,1677361,SHIM
6226,160AX565F,HOSE
6227,1676554,NIPPLE
6228,1543896,CRANKSHAFT SEAL
6229,1770-JSK37USLNA9PX24,"JOST FIFTH WHEEL, NON-TIL"
6230,1770-SK7504109,SK75041-09
6231,8194203160,"INJECTOR KIT, M"
6232,8115473420,BOLT; PLATE TO
6233,1458-43865,SEAL
6234,29404R7200,"""ROTOR,BRAKE"""""
6235,1835798311,ACTUATOR; BLOWE
6236,2945611011,FUEL FILTER ELE
6237,5878316930,SHOE KIT; BRAKE
6238,8115469590,"BOLT,CYL HD (M1"
6239,8156329190,"GASKET, R/AXL S"
6240,4215-KI55,KICK IT CLEANER / DEGREAS
6241,4215-RHCQT,ORIGINAL RED HAND CLEANER
6242,2104-231359,DEFLECTOR(DANA 1710 SERIE
6243,20705760,O-RING
6244,2104-120KK100,KING PIN KIT
6245,20993901,COMPRESSION SPRING
6246,20502948,CONNECTOR
6247,20705462,NUT RETAINER
6248,20559778,WASHER
6249,20706431,FLANGE SCREW
6250,21029692,VALVE
6251,21029902,ATTACHING CLAMP
6252,20814903,FITTING
6253,20815298,HOUSING
6254,20579119,HOSE ASSEMBLY
6255,20586427,"VALVE, SPARE PART KIT"
6256,20704703,HEXAGON SCREW
6257,20918800,CAB BRACKET
6258,20706207,VALVE STEM SEAL 1239
6259,20705058,HEXAGON SCREW
6260,20377099,RETAINING PLATE
6261,20924993,HOSE ASSEMBLY
6262,20936972,FLANGE SCREW
6263,20836895,STEP
6264,20947595,COOLANT PIPE
6265,20839124,HOSE
6266,20705993,O-RING 1239
6267,20706004,TUBE
6268,20791963,U-BOLT
6269,20705842,ELBOW
6270,20388117,TERMINAL
6271,20470615,SWITCH
6272,20483327,COVER
6273,20806629,STEP
6274,20961914,EXHAUST PIPE CLAMP
6275,20975432,SUPPORT
6276,20798327,SHIELD
6277,20433220,BRACKET
6278,20994019,LAMP
6279,20706311,FLANGE SCREW
6280,20706333,HEX. SOCKET SCREW
6281,20706571,HUB
6282,20940571,DUCT
6283,20828841,FAN RING ATTACHMENT
6284,190635,CLAMP
6285,20462918,BUMP STOP
6286,20484264,RING
6287,20357095,O-RING
6288,20836935,BRACKET
6289,20845995,PLUG
6290,20836662,SPRING
6291,1MR3476P2,SWITCH
6292,20831356,STEP
6293,20966803,LINK
6294,20499716,DECAL
6295,20560239,U-BOLT
6296,20925678,INDICATOR LAMP
6297,20396567,RECEPTACLE HOUSING
6298,20760810,HEXAGON SCREW
6299,20837226,NUT
6300,20539403,HOSE
6301,20704998,WASHER
6302,20770657,FUEL FILLER CAP
6303,20462941,AIR SPRING
6304,20870762,BELT
6305,20489341,SEAL
6306,20975428,SUPPORT
6307,20508026,BRAKE HOSE
6308,5439-MKTP2,HORN BASE
6309,4710-05528,CRC AIR BRAKE ANTI FREEZE
6310,5435-34521,GAS-MAGNUM TRUCK SHOCK
6311,5165-TSM4PS,PROSTICK 4 ANTENNA WHITE
6312,5435-65105,GAS - MAGNUM 65
6313,5396-40010143,SLACK ADJ
6314,5828-23427501,SENSOR PAD W/ CONNECTOR
6315,5839-3982246S,OIL CAP
6316,5462-SRK64,BUSHING REPLACEMENT KIT
6317,5839-3905161S,AIR SERVICE PARTS
6318,5839-AF1968M,DIRECT MOUNT AIR SYSTEM
6319,545-2PH41974,CLIP
6320,5554-3431051X,TR3030-T COMBO
6321,5554-3431951,BRAKE CHAMBER
6322,4801-MXV281,MAX-VISION BLADE 28
6323,4801-SB241,SNOW BEAST BLADE 24
6324,4379-RD271790P,EVAPORATOR ASSY
6325,4710-05088,CRC BRAKLEEN BRAKE PARTS
6326,5165-TJ9,COAX CABLE 9 FOOT
6327,5165-TR100,"ANTENNA, AM/FM MIRROR MOU"
6328,5165-29NW,COBRA WEATHER
6329,446GC175,OIL SEAL
6330,5192-390102,RETRAC LIGHT BRKT - 3 BLK
6331,4379-RD342330,COVER ASSY (R-5150)
6332,4801-PXN0K3,PEAK WASHER FLUID +32
6333,5396-42710553,BRACKET
6334,471598,PLUG
6335,5396-11960,HOSE COILED RED
6336,4732-13010010,"VALVE-CONTROL, HEIGHT"
6337,4379-RD5124501P,ACTUATOR
6338,6635-1202P22,PIPE 90 DEG. STREET ELBOW
6339,6635-11208BBLK500,1/2 BLK AIRBRAKE.
6340,6635-2012066,REUSABLE FITTING
6341,6635-62NTA4,UNION
6342,6635-42F4,UNION
6343,6450-422551,SOLDER AND SEAL QUICK CON
6344,6450-453128,"HOSE ASSY, 3/8 X 28, 1/4"
6345,6450-452142,"HOSE ASSY, 1/2 X 42, 3/8"
6346,60112726,SPACER SLEEVE
6347,6019-9406706021,COOLANT GRN 50/50
6348,5839-AF55318,FLEETGUARD DIRECT FLOW SE
6349,5839-FS19977,FUEL FILTER CARTRIDGE MET
6350,5839-AF56099,AIR FILTER
6351,6300-4324139292,SK-PURGE VALVE FOR SYSS D
6352,5839-LF9070,OIL FILTER COMBO SPINON
6353,6019-550044796,SPIRAX S6 GME 40_1X55UGL_
6354,6300-4324803400,HP AIR DRYER WITH PURGE T
6355,5839-HF6710,HYDRAULIC SPIN-ON CELLULO
6356,745-K101597,REMOTE DIAGNOSTIC UNIT
6357,7376-41003,"REFLECTOR, 2 ROUND, YELLO"
6358,7413-10036552,TN PRESET+ SPINDLE NUT AS
6359,7376-54133,"STT LAMP, YELLOW, OVAL, L"
6360,7376-54342,"STT LAMP, RED, 4 ROUND, F"
6361,745-K061669,MINOR KIT
6362,745-109498,BOLT KIT
6363,745-800372,VALVE
6364,7376-917403,"GROMMET, RUBBER, FOR STT,"
6365,7376-60691,"LICENSE LAMP, CLEAR, MICR"
6366,7376-G6131,"AUXILIARY LAMP, ECONOMY C"
6367,745-102626N,R-12 VLV W/BRKT A/M
6368,7413-103931,HUB ASSY
6369,745-236577N,GOV GASKET
6370,745-800034,PP-DC PARK VALVE
6371,7376-62391,"BACK-UP 4 LAMP, CLEAR, SU"
6372,7413-10082204,ASSY PRESET AFMKT PREMIUM
6373,745-AMR2236N,ROTOR
6374,6635-P2082044,REUSABLE FITTING
6375,6635-P2082066,REUSABLE FITTING
6376,7065-316314,HENDRICKSON
6377,7065-315390,FREIGHTLINER
6378,7833-477,"SADDLE BOX,22X21X30 DP DR"
6379,7753-A050U2AAGXY,"TANK, ALU, 50, UPR"
6380,7843-3596125,"PLUG, HUBCAP, SENTINEL ES"
6381,7843-3434176,HUB CAP TRANSIT BUS
6382,7843-3830464,"OIL SEAL, DISCOVER XR"
6383,7843-K931L,QWIK KIT KING PIN KIT
6384,7843-7010319,PLUS KIT KING PIN KIT
6385,7833-230,"TUCKAWAY BOX,20X24X24 DP"
6386,7843-3929099,SEAL SET
6387,7843-4004865,ZIP-TORQ AXLE FASTENER
6388,7753-14T43195,EXTENDED SHAFT INPUT FLAN
6389,7753-02T36466,CS20 OUTPUT(06)
6390,7753-30TK4123,SWITCH & PIGTAIL N.C. REP
6391,745-K129276,BRAKE PAD KIT
6392,7753-47TA3845,RL-AIR CYLINDER
6393,7623-8817164,NOZZLE
6394,7536-194650,V-BAND S-3 TURBING HSG.
6395,745-OR276566X,CORELESS VALVE
6396,8116-72934,ANTI-ABRSION WIRE TAPE
6397,8116-71352X2,PLASTIC WIRE 14 GA BROWN
6398,8086648,SPRING LEAF
6399,8116-73225,IMPERIALOK R 3 CRS DISC
6400,8080252,NIPPLE
6401,8116-16748,HX CP PL USS 5/8X4 8
6402,805-05421215,PIPE CLAMP ID 12X15 WIDE
6403,78625718,CAB TRIM
6404,78690028,GUIDE MOULDING
6405,78595009,GLASS
6406,78520406,BRACKET
6407,78560970,FUEL PIPE
6408,78571260,CONDENSER
6409,78603216,SPLASH SHIELD
6410,7AX274,"SCREW,SET"
6411,8116-90371X2,PIPE 45 ST E 3350X4
6412,8116-90726,A/B INSERT 3/8
6413,8116-91217,A/B ML CONN 3/16X1/8
6414,8116-90340,PIPE HX NIP 3325X6
6415,8116-90215,45 FLR UNION 42X8
6416,8116-9103,THREADLOCKER RED 6 ML
6417,8116-90323X2,PIPE BUSHING 3220X8X4
6418,8116-90374X2,PIPE ST ELB 3400X2
6419,8116-90302,PIPE CAP 3129X6
6420,8116-90333X2,PIPE COUPLNG 3300X8
6421,8116-90371,PIPE 45 ST E 3350X4
6422,8116-97459,ISO A HYD 1 NIPPLE
6423,8116-92832,HOSE END MED 21308N-668
6424,8148488,CAP NUT
6425,82279509,SWITCH
6426,8235-1218C107,ADAPTER
6427,82063074,SHIELD
6428,82149596,HOSE
6429,8148-5545591,SEAL
6430,8148-5545661,SEAL KIT FOR OUR XD120
6431,82086594,SOUND INSULATION
6432,8116-92012,BARB TITE 10006B-104
6433,8116-9166,ULTRA GREY RTV SILICONE
6434,8235-5X1153,O-RING
6435,8235-A1205X1428,OIL SEAL
6436,8235-GAFF13626,BOLSTER SPRING
6437,8235-5X841,FELT
6438,8235-A1205Y1429,SEAL
6439,8235-KIT2252LCM7400,PAD SET N L
6440,8235-A1205K2481,ASSY SEAL
6441,8235-MMD1518AG,HEAVY DUTY PADS
6442,8235-KIT6177A,KIT-BK REP-MNR
6443,8235-KIT2252H2DD,EX225 9500PADKT
6444,8235-2208M1053,GASKET
6445,85111902,CAMSHAFT
6446,85112820,CAMSHAFT
6447,82799087,DOOR STOP
6448,8397384,HOUSING
6449,84749146,EXTENSION KIT
6450,85113663,LEVEL VALVE
6451,85156544,PLUG KIT
6452,85140582,CONNECTOR
6453,85113360,KIT
6454,85140593,CONNECTOR
6455,85106127,KIT
6456,85153115,VALVE
6457,8498-11320,AIR BRAKE COIL - HEAVY DU
6458,8498-9361,BATTERY JUMPERS - CLEAR-V
6459,85130764,CONNECTOR
6460,85147869,HANGER
6461,85148972,INSTALLATION KIT
6462,8498-3516,"BATTERY CABLE - 4/0 GA.,"
6463,85124753,KIT
6464,85150083,ODOMETER
6465,85130769,CONNECTOR
6466,85132345,FUEL INJECTION NOZZLE
6467,82708270,BRACKET
6468,84148227,LOCK HANDLE
6469,84148971,LATCH
6470,82729394,SEALING STRIP
6471,84168203,ROD
6472,84722930,STEERING SHAFT
6473,8498-15762,SOCKETBREAKER - ZINC DIE-
6474,8498-15788,7 PIN SOCKET MOUNTING BRA
6475,85112823,CAMSHAFT
6476,85151070,HOSE
6477,82740759,STEERING COLUMN COVER
6478,85134462,COVER
6479,8413-44322R,"6 LED S/T/T W/GRAY FL,SUP"
6480,84735466,LED MODULE
6481,84741418,BRACKET
6482,82763133,PANEL
6483,82717352,HOSE ASSEMBLY
6484,84168206,ROD
6485,84223730,HEAT CONTROL VALVE
6486,84710397,LATCH
6487,84721761,BUMPER
6488,TL10385R,"LED 10 SERIES COMBO, LOW"
6489,TL80860,ECONOMY LH REPLACEMENT
6490,VEL05831250,"""HT SHRNK BUTT CNTR 22-18,"""""
6491,TL26361YA,"LMP-TORPEDO,LED,C/M,MACK"
6492,VEL148034,AIR HOSE ASSEMBLY 1/2 X 3
6493,TL99066Y,26 SERIES CAB MARKER LENS
6494,DNP550487,POWER STEERING FILTER
6495,DNP550711,"LUBE FILTER, SPIN-ON FULL"
6496,DNP600676,"AIR FILTER, PRIMARY RADIA"
6497,DNP613337,"AIR FILTER, SAFETY"
6498,DNP551851,"FUEL FILTER, WATER SEPARA"
6499,FGHF6720,HYDRAULIC SPIN-ON CELLULO
6500,DNP559855,SPIN-ON ASSY LIQ 108 SERI
6501,FGFF5272,FUEL FILTER SPIN-ON
6502,FGFF5405,MBE 4000 FUEL FILTER
6503,DNX007824,"SEAL CLAMP, 4 IN (102 MM)"
6504,FGFF252,FUEL FILTER SPIN-ON
6505,DNP502163,"FUEL FILTER, SPIN-ON"
6506,DNP522293,"AIR FILTER, PRIMARY KONEP"
6507,FGFS19775,FUEL SEPARATOR SPINON
6508,FUL4308403,"BEARING, NEEDLE ROLLER"
6509,DNP635779,PANEL POWERCORE - PRIMARY
6510,FGAF26365,AIR FILTER-OPTIAIR SECOND
6511,DNP550954,FUEL FILTER KIT
6512,DNP551854,"FUEL FILTER, WATER SEPARA"
6513,DNP555680,"LUBE FILTER, SPIN-ON FULL"
6514,DNP181186,"AIR FILTER, PRIMARY ROUND"
6515,DNP554860,FILTER
6516,DNP560972,TRANSMISSION FILTER KIT
6517,DNP573153,"HYDRAULIC FILTER, CARTRID"
6518,ECC6465A,"LED BEACON,360DEG,AMBER,1"
6519,DNP780030,"AIR FILTER ELEMENT, SAFET"
6520,FGAF25667,AIR FILTER
6521,DNP550406,"LUBE FILTER, SPIN-ON FULL"
6522,DNP550757,"FUEL FILTER, CARTRIDGE"
6523,DNP550736,"FUEL FILTER, WATER SEPARA"
6524,FGAF26125,AIR FILTER-OPTIAIR SECOND
6525,DNP550345,"FUEL FILTER, SPIN-ON"
6526,HDRS20924,"INNER WASHER, FLANGED"
6527,HOHXAV9010,"CRANK S/A, 17.00"
6528,HOHG2297705500,AIR SPRING ASSEMBLY
6529,GRO92420,GROMMET OVAL
6530,GROG1033,G2 LED 2.5 HI COUNT AMBER
6531,IS41357,FN HEX 8 PL 7/16-20
6532,IS70722,COTTER PIN 1/8X1
6533,IS71886,YLW FEM QUK DISCNCT 1210
6534,IS61386,PH PAN SMS 10X3/4
6535,IS74371,T-BOLT CLAMP W/S 3.12-3.4
6536,IS6976,FREEZE PLUG 1-3/8 CUP
6537,IS74854,RUBBER CUSH CLIP 1 1/2D
6538,IS74841,RUBBER CUSH CLIP 1 1/8D
6539,IS75044,TUBE CLPS 5/8 RBBRZD
6540,IS71668,ELECTRICAL TAPE 3/4X60
6541,IS6184,CABLE SPLICE 3/0
6542,IS90216,45 FLR UNION 42X10
6543,IS42317,NYLON LOCNUT GR.8 9/16-18
6544,IS90705,A/B 90 MALE ELB 5/8X1/2
6545,IS90719X1,A/B MALEBRCH TEE 1/4X1/4
6546,IS90732,A/B 45 MALE ELB 1/2X3/8
6547,IS72752,MINI CB 20AM P-TYPE1 BRAS
6548,IS70413,CLEVIS PIN 3/8X1
6549,IS90360,PIPE LG NIP 3328X6
6550,IS61411,PH PAN SMS 14X1
6551,IS70813,CHRYSLER NUT 5/16-18
6552,IS6267,MAGNA LUG 2/0 GA HEAVY
6553,IS6711,EXPNSN PLUG 1-1/8 CUP
6554,IS12515,M16-2.00 LOCKNUT CL10
6555,IS12707,LOCK WASHER M14 ZINC
6556,IS34400,PH PAN MACH 6-32X1/4
6557,IS34471,PH PAN MACH 1/4-20X1-1/2
6558,IS23150,CAR SCR PL 3/8-16X1-1/2
6559,IS15227,HEX CAP 10.9 M14-2.0X90MM
6560,IS15654,FLNG BOLT MM 14-2.0X80MM
6561,IS17273,HX CP PL SAE 3/4X5 8
6562,IS16244,HX CP PL USS 5/8X3 8
6563,IS15626,FLNG BOLT MM M10-1.5PX50
6564,IS16131,HX CP PL USS 5/16X2-1/2 8
6565,IS17133,HX CP PL SAE 5/16X3 8
6566,IS17292,HX CP PL SAE 7/8X4 8
6567,IS15653,FLNG BOLT MM 14-2.0X70MM
6568,IS16252,HX CP PL USS 5/8X6 8
6569,IS12601,FLAT WASHER M5
6570,IS19238,FLANGE BOLT 5/8X1-1/2
6571,IS922460X1,"SHCS,18-8 SS, M6-1.00X40M"
6572,IS92103,BARB CONN 3/8 X 1/4
6573,IS92329,STEEL INSERT 1/8
6574,IS92335,INSERT 3/4
6575,IS96123,PIPE TO METR ADPT 1/4XM12
6576,IS96259,STEEL FIT 37 C5129X6
6577,ATRTS38000,TORQUE ROD BUSHING
6578,ACH18120,ABSNUTCVR- 33MM AMBER TWI
6579,550045130,ROTELLA T5 10W30 CK4
6580,BD10863FT,"AIR BRAKE TUBING, NYLON,"
6581,AI4378215,CARGO BAR (ALUM)
6582,ATRHM7565609,HOOD SUPPORT (REAR)
6583,BD2018110,ALL SEASON WIPER BLADE 18 INCH
6584,BD238232,TERM- BOWMA SEAL 3/8 STUD
6585,BD110116,"NUT, CAP, 45DEG SAE FLARE"
6586,BD110893,"BUSHING, BRASS PIPE, 1/2X"
6587,2275904,SEAL-O RING
6588,2232,DOT 3 BRAKE FLUID
6589,2178938,TIGHTENING-B
6590,23013454D,THRUST WASHER
6591,208557NP,ACCUMULATOR
6592,23048038,COVER- PTO
6593,2685582,SEAL
6594,2310282,CHARGEAIR
6595,239705,hyd conversion kit prkr to iso
6596,20720870US,D13/MP8 OIL PAN (US TRUCK)
6597,27180,1/4X3/8 PSH CON M CONN BRS
6598,21045676X,U-JOINT-1810-HALF ROUND
6599,2104640521,SHAFT
6600,29128,CONN
6601,2407684,TUBE AS.
6602,274-117-607P-HYD-FD,CW PUMP
6603,274-AP-318-FE,FILTER ELEMENT F/367
6604,BDKP23866,PSH-TO-CONN TBE FTGS 3/8
6605,BD39725,LOCK WASHER 1/4-ZY
6606,BD36703,HARDENED FLAT WASHER- 3/8
6607,29549754,OIL LEVEL SENSOR KIT
6608,4042PR-MON,GUIDE PLATE BUSHING PAIR
6609,3151X4,BRASS SQUARE HEAD PLUG 1/4
6610,373806,WASHER
6611,3J7354,SEAL O RING
6612,372-07L34BE,OILER W/METAL BOWL
6613,449DB,SET SCREW
6614,47072PDC,Marker / Clearance Light - Red
6615,4258A-2X,LAMP MULTI FUNCTION
6616,3431,R/O CABLE EYE SWIVEL HOOK
6617,439X12,PLUG
6618,2997-42008,58Q DRAIN CONTAINER
6619,411USA,CROSS CHAIN HOOK
6620,3350X4,1/4 STREET ELBOW
6621,641213PAI,"PUMP, LUBE"
6622,500825050NF0810,SHL ROT ELC 5050 NF AF DR
6623,500LUF,FRUITLAND PUMP
6624,6405-16-4,16MBX4FP ADAPTER
6625,500400668S60813,SHL SPX S6 ATF 668 PL
6626,5985,THRUST WASHER GWA-5985 223KD25
6627,5492073CUM,DIFF PRESS SENSOR
6628,5541020,TARP ROCKER SWITCH KIT WITH SO
6629,5995-006,SHIM 741KC321CP6
6630,5201100,DOCUMENT HOLDER STNLS
6631,51140PPDC,"1.5"" Cam / 28 Spline / 5.5"""" Au"
6632,631450PAI,OIL COOLER GASKET SET
6633,4F9029,SEAL
6634,5236,FITTING
6635,5080630PDC,BELT 23961764
6636,5305,CABLE RETAINING RING
6637,5606,SEAL
6638,56109125109,1.25 STICK HOSE
6639,56109150FT,1.5 INCH STICK HOSE
6640,631400PAI,HEAD GASKET KIT
6641,6652,MASKING TAPE
6642,1586601GCK,3/4-10 X 3 1/2 FLANGE BOLT
6643,7670,ALUMINUM TARP BOW SET W CROSS
6644,70663,1/4 X 1/4 90 STR ELBOW
6645,6V5223,BOLT
6646,71576,CURVED RADIATOR HOSE
6647,170BRYM,B-21 ALL SURFACE CLNR/DEGREASE
6648,6801-06-06,MJ x MB 90° - Straight Thread
6649,1775001-1FT,1/8IN NYLON TUBING
6650,6109,"FORK,CLUTCH RELEASE"
6651,730061AT,RADIATOR
6652,6801-20-20-S,MJ x MB 90° - Straight Thread
6653,5P5846,SEAL O RING
6654,690810000BM0807,BLUE MTN WIND SOLV 6/G CS
6655,50-1503,5/16X1 KEY
6656,50-2416,3/4 CLAMP
6657,5284,3/8X1/4 PIPE BUSHING
6658,62749,M14 X 2.0 X 50 SCREW GRD 10.9
6659,72302,CURVED RADIATOR HOSE
6660,4808-22303390,"SENSOR,NOX"
6661,489GUAHX-A3XD,PTO ASSY
6662,48X6X2,FITTING
6663,4480,5/8 TRU-TORQFLAT WASHER
6664,3087298,FILTER AS
6665,42X6,TUBE
6666,3326X4,"1/4"" CLOSE NIPPLE"
6667,374CS,1OZ OIL DYE
6668,4305396,FORK SHAFT
6669,2SYNGREEN,2SYNFL GREEN
6670,3600X2,"1/8 "" BRANCH TEE"
6671,3-83-3281X,CV FLANGE
6672,335853,ORING
6673,361-553,U-Bolt Assy
6674,3157NSAL,3157 CLEAR BULB
6675,813445N,CAM KIT
6676,98-196-7,COUNTER SHAFT GEAR 99-196-1
6677,A65PBP,BRACKET
6678,A12-11593-054,HOSE ASSEMBLY
6679,1586598GCK,3/4-10 X 2 FLANGE BOLT
6680,16-725PDC,3-Hole Ring & Bullet Split Pi
6681,801095,"CLUTCH,FAN"
6682,90680,A/B MALE CON NT 1/4X1/8
6683,16084120,BRASS PIPE HEX 1/2MX3/8F
6684,AD16MP-16FPX,ADAPTER
6685,ANC-52221GL,21 BUNGIE
6686,BTG110,BLACK GRIP GLOVE M
6687,C1-RC-656P,CABLE
6688,BUL72CB,LED OVAL B/U LIGHT
6689,C1224A-R,34-3/8 2BORE RH
6690,CLU30892520,CLUTCH
6691,CLUK-3600CLMBGC,CLUTCH KIT
6692,B92220275B,T-CLAMP 2-3/4 - 3-1/16
6693,AL79,LP 22.5 AUTSOCK
6694,BU-099,BUFF WHL
6695,BUL53CB,B/U LIGHT
6696,CON0090,CONDENSER
6697,D1169X3,PUSH IN FITTING
6698,CT450LSS,CLAMP 3-3/4 TO 4-5/8
6699,CT250L,CONSTNT TOR
6700,DDEA9361807410,OILFILTER
6701,CVM104,12X72 MESH BANNER
6702,D1168X12,BR 1100 DOT 3/4 TUBE - 1/2 MPT
6703,C1120A-R,BUSHING KIT-RIGHT
6704,D1165X4-YAK,BR 1100 DOT 1/4 TUBE 90
6705,AFL75W90SYN5GAL,AFL75W90 SYNTHETIC 5 GALLON PA
6706,25165135A,UNIVERSAL JOINT
6707,CN125,NIPPLE
6708,7821133,MINI 25 AMP FUSE
6709,87678619B,CALBEBUTTON
6710,836025-ALX,OIL SEAL
6711,91258,A/B ML BRNCH TEE 3/8x3/8
6712,949470046AW0810,DRY RADIAS AW 46 DR
6713,80244,M12 X 1.5 X 50 HEX CAP SCREW G
6714,1785303HS,BUTT CONN 12-10 GA HEAT SHRINK
6715,7W5164,GASKET
6716,8039-001,ENGINE KIT
6717,H450685,SET SCREW
6718,FA88445BGC,1/4 USSFW
6719,HB12575,BUSHING
6720,HOHFW35J724XL00WKS,FIFTH WHEEL ASSEMBLY
6721,G1-386AO,ROLLER
6722,H1-014-1535,ARM STOP PAD
6723,HH-050,"1/2"" SILICONE HOSE(PER FOOT)"
6724,GROM1,MISC GROMMET
6725,IMP03SJ8,PLIERS
6726,G341650404,FITTING (HHC G34165-0404)
6727,KRY5505,GLOSS BLACK
6728,FL1039,FR CASCADIA SIDE FRT FAIRING
6729,G342050606,FITTING
6730,M4647,Bulldog Hood Ornament T-shirt
6731,M8204,MACK GRANITE TOY MILITARY 4 PA
6732,GWA-5976,WASHER
6733,M-4376178,Kit - Inframe
6734,FR8B250F,TERMINAL
6735,M2417SM,LADIES GREY & PINK TSHIRT SM
6736,FRT18149N,Charge Air Cooler
6737,LOP10008,P/S STOP LEAK
6738,FURK3343,KIT RT 13 SPEED 18913A RTLO
6739,LT2006,CHROME LICENSE/UTILITY LAMP
6740,FXI2F,FIRE EXT INSIDE DECAL
6741,GRA-3560567C3,BRACKET HD
6742,HSV075,3/4 INCH NPTF TWO POSITION SEL
6743,M6602,EAR BUDS
6744,LC4LL,DOUBLE L NOTCHED SLIDER WINCH
6745,ISDHDW,IRON SIDE DUMP SYSTEM
6746,GA6C5E-6RFSX,"5/16"" REUSABLE COUPLING"
6747,KDT-35812,PETE 579 HEADLIGHT
6748,MC0201-P,MACK CH SBA HOOD W/HINGE 88&UP
6749,HU6B,HANGER FRONT
6750,MIU802421,FILTER ELEMENT
6751,M-4009R,CAM SHAFT RH
6752,GPNB49100HAY,5Mil Black Nitrle Gloves XXL
6753,FSC17492134,SWITCH
6754,G1-2972B,ROLL OFF CABLE 7/8X80W/BUTTON
6755,HG0024,HUB CAP GASKET
6756,K1869X8X4,DOT FITTING
6757,GS-200,1 GAL GREEN STUFF
6758,DN4SAL,NUT
6759,2MO516CM,MACK CH SFA/RD HEADLAMP
6760,ER85560,SEAL
6761,DDP680350E,FUEL PUMP
6762,3067LD,HUB GASKET
6763,EBH1969-1,CAM KEEPER
6764,DPF1001,DPF CLEAN
6765,ES02299,"SENSOR, ROTARY, NEW STYLE"
6766,DP-325112,INSULATOR UPPER
6767,3116CHU-LOW,CHU BUMPER NO LIGHT
6768,ECP-8211,PLUG
6769,STEMC8420KTS-ALX,CLEVIS KIT
6770,STL111RB,TAIL GLOLT;OVAL;PL3 LED
6771,STL43RB,LED RED ROUND TAILIGHT
6772,R56-6035-001,INNER DOOR LATCH
6773,SP557145,Convoluted Air Spring
6774,PLUG75,"3/4"" PIPE PLUG"
6775,OTG130,ORANGE GRIP GLOVE XL
6776,RB15D,15 STRAP
6777,S-34171,82744669 LH FOG
6778,SFP-916,2 CLAMP
6779,OTR800516PDC,MV-3 Type Manifold Dash Contro
6780,S-B066,SEAL KIT
6781,MS-M2884,MACK BUILT LIKE A MACK TRUCK
6782,RM-D02,SEAL
6783,S-20222,K210-883 SHAFT
6784,MTR31317-03,THRU TEE
6785,22P1272,"BEARING CAP GASKET .020"""
6786,MWG2282W,22.5X8.25 2HH
6787,P61546,3157NA BULB
6788,RA-512,RADIAL CHEMICAL CURE PATCH
6789,SL332LRKCL3,AUTO LOCK SIDE MOUNT
6790,P640017,AIR FILTER
6791,TRA5-1301,TEV VALVE
6792,SP105C137,CLUTH FORK
6793,T4,15W-40 ROTELLA T4
6794,SP558050-KAMA,8050 STEEL AIR SPRING
6795,TU6869,TRUE SMART KNIFE
6796,S-9813SS,SPRING BRAKE CHAMBER T16
6797,TRA3850015,COVER PLATE RECEPT BOX
6798,TR451VLSGRR,CHR VNL AIR GRILLE
6799,TR7036,AIR SPRING
6800,SS-29513736,PTO GASKET
6801,TR9663,AIR SPRING
6802,SK75013-16-BGC,KIT- FIFTHWHEEL REBUILD
6803,ST1926,AXLE LOCK NUT WRENCH 3-3/4
6804,TR28522-YAK,DRIVE BELT
6805,WEE1893,BULB MINI
6806,VABVT-16,ADAPTER
6807,RL-S02WF,SPINDLE NUT 448-4837
6808,RLT03,TRAILER SPINDLE NUT
6809,SCB200500,CLUTCH BRAKE
6810,USA2228S,PEWAG SINGLE LT TRK
6811,WHI1371-A,ROLLER HOLDER FOR BOTTOM HINGE
6812,WHI15,WHITING CENT
6813,S-D773,END YOKE
6814,TB-73,Bushing
6815,WIX46748,AIR FILTER HOUSING
6816,NEB-ARE-0003,LIGHT BULB BATTERY BACKUP
6817,QDWN20DC,"""1-1/4"""""""" Steel Wing Style Dust"
6818,N9553SF,1310 ASSEMBLY UNWELDED
6819,NA370182A,WHEEL SEAL
6820,NA-132906,PROX SWITCH (SHORT CORD)
6821,NEB-POC-0003,SILVER POCKET LIGHT 500 LUMEN
6822,P-300,3 OZ STD STEEL RIM WT
6823,MS-M6512,MACK BLACK STEEL LOGO LP
6824,NP62-10,5/8 UNION
6825,P-275,2.75 OZ STD STEEL RIM WT
6826,MS-M4452XL,ANTHEM 2 TSHIRT STORM
6827,MSW-4401,TEMP SENDER
6828,P5151A268NMZA25-6,PUMP
6829,PFT-3BLK,AIR BRAKE TUBING
6830,MUBW174SAL,WASHER
6831,PTACMT0093,AC ACCUMULAOR
6832,03-1151,Brkt - Cam
6833,N3-28-47,BXD WELD YOKE
6834,PHI194,BULB
6835,PT9070599,LUBE HOSE VOLVO
6836,PM302B,ROLLOFF FENDER 44X8 RADIUS
6837,Q43-6066-104CK,OIL GAUGE
6838,02-521,Shld - Drum
6839,1869X10X6,DOT FIT
6840,170DQ6050WKS,AIR DRYER CART
6841,117-5063,CAT PISTONS 3406C
6842,1469X6X6,W/H
6843,14195,"""H/WARE KIT,BRK"""""
6844,1314164,GASKET
6845,1464X6,FITTING
6846,15478004,SS DOM HOSE CLAMPS 4
6847,XTS157150,AIR COUPLER
6848,1501-08-06,MP x FPX 90° - NPSM Elbow - St
6849,145112-FMT,3 IN 2 12'
6850,14539,RETAINING LINK
6851,113384-1-00-00,ENAMEL KEY RING $8.99
6852,16-09156,SWITCH NORM OPEN
6853,1868X4,"""FITTING,UNION"""""
6854,1404-06-08,MP x FPX - NPSM Adaptor - Stee
6855,1501-0049WF,INTL CHROME GRILLE
6856,10861,AIR BRAKE MALE
6857,1116881,DBL BOW BRKT_STK2
6858,122002-35AWKS,CLUTCH
6859,10225BGC,M10 X 1.5 X 30 HEX CAP SCREW
6860,1880X10X6,"""ELBOW,45 MALE"""""
6861,15855210,BRISTLE 2 GREEN
6862,1640210CT,BREATHER AS
6863,1210340,GRAY SPRAY PRIMER
6864,11505232,BOLT
6865,05088,14OZ NON-CHLOR BRAKLEEN
6866,023-00407,GREATDANE 3 HOLE
6867,1035,CARB & CHOKE CLEANER
6868,12378521,SEALANT TRIBOND
6869,13430LB,30# FREON
6870,11610,"ELBOW,STREET"
6871,031-35-P-8,GASKET
6872,053-7524,"BRISTLE DISC 2"""
6873,1118952,Arm-Matic™ Tarp Crossover Elbo
6874,113187,WHEEL LOADER L350H
6875,10215,M8X1.25X30 HEX CAP
6876,12110293,CONNECTOR
6877,040108PAI,MOUNTING SPACER
6878,04-27925-000,FILL NECK-DEF
6879,10052,Sure-Shift Semi-Syn ATF/6x1/Qu
6880,046077687416,50WT SYN OIL
6881,02300031,DOOR CABLE-TODCO
6882,003-MK-7102-L,MACK CV713 HEADLIGHT GREY LH
6883,10001327,B100 PLY BKT-K
6884,101-12-1,INTERLOCK
6885,053-93604,ELECTRICAL TAPE
6886,022-01035,KENTUCKY FRONT DOOR HINGE
6887,0370G12-12,NPTF Male - Straight - Rigid
6888,10001383,B4850 STNLS BKT-K
6889,10001398,5015 SWVL BRKT-A
6890,10006B104,MALE PIPE
6891,1000-CR3600,ROAD CHOICE COOLANT RESER
6892,1000-SLK1141,ASA GUNITE STYL
6893,29558648SS,KIT-SERVICE ASSEMBLY
6894,NEP60350,U Joint - N350 Series - SPL Ty
6895,24382877,LEVEL SENSOR
6896,25624838,BRACKET
6897,M1498,MACK GRANIT PETROL TRUCK
6898,M5841-LG,BULLDOG COUNTRY GARNET HOODIE
6899,84023521GEL,Valve Cover Gasket Detroit Die
6900,22913566,TIE ROD
6901,24473204,HEADLAMP
6902,24585017,BRACKET
6903,24162027,RADIO
6904,M2023-MD,MACK SANTA HAT SHIRT
6905,200164-ALX,CROSSMEMBER OUT RH
6906,35-RPL20X-HAY,U-JOINT
6907,1978419,GASKET
6908,35P74SAL,10 BOLT MOUNTING GASKET
6909,35001Y3FIP,35 SERIES MARKER LIGHTS
6910,21246AIP,HEADLAMP PIGTAIL
6911,25163160A,CAP
6912,24700203,Mac Trailer Valve
6913,DR61022931,MOTOR 39MT 12V
6914,300307-BGC,SENSOR PIGTAIL
6915,340113,STUD 4S6137
6916,8S2332,BOLT
6917,AD8MP-6FPB,1/2 MP-3/8 FP BRASS
6918,853757,"SENSOR,PRESS."
6919,821002F,7 POLE SOCKET
6920,8683187,"""VALVE ASM,TCC P"""""
6921,949220032DA0812,DRY DIESELALL API DEF BU
6922,949470046AW0813,DRY RADIAS AW 46 PL
6923,9L8Z6C683A,FILTER ASY
6924,80142,THREADLOCK
6925,A3891203-001ITP,DRAG LINK LH
6926,91263,A/B ML CONN 3/8 X 1/8
6927,1701011,"18""X24"""" BLACK FORMED MOUNT"
6928,A9-024-0160,ALT OTR-MODEL 24SI HINGE
6929,AD32MPPLUG,MP PLUG
6930,BC50,BREATHER CAP
6931,BSH-5208,"AXLE,DRIVE"
6932,ATC10,FUSE
6933,BC900-MON,BATTERY CLEANER
6934,ATR430150220-2,ROTOR
6935,C15010712,"3/4 X 6"" BUTT WELD NIPPLE"
6936,CN5092-035,85W140 GEAR OIL
6937,AD6MP-BPLUG,"3/8"" BRASS PLUG"
6938,CON0024,A/C CONDENSOR
6939,AS9194,CONTITECH AIR SPRING
6940,BAV010,4- WAY - 2 POS AIR VALVE
6941,B83-1008-FMT,STOP-AXLE FRONT
6942,D1168X6X6,3/8 TUBE 3/8 MPT
6943,CT-114,REMOVAL TOOL
6944,26814201-YAK,SWITCH/CABLE ASSY
6945,9790AP,CAMSHAFT REPAIR KIT
6946,CV52001X,ELEMENT
6947,DDE-A9360900651,FUEL FILTER
6948,C12101049PAI,"KIT, ENGINE"
6949,286-706-20L-END,"MANWAY GASKET 19.5"" (20"""" MW)"
6950,C1225A-L,S-CAM
6951,BT-510-D-SS,"5 SANDHOG TEE, STEEL"
6952,AA00572,"CARRIER, BEARING, FRONT ASSY,"
6953,8CE004,EXHAUST BELLOW VOLVO/MACK
6954,96889,5/8 TB AR BRK U/TEE
6955,91437,A/B ML ELBOW 3/8X1/2 SWIV
6956,87508,M6 FLAT WASHER
6957,800044PTV,RADIATOR
6958,8261,CONVERSION
6959,831106-MON,21212522 GASKET
6960,7896300,3.00 45 DEGREE SILICONE
6961,800115PT,Radiator
6962,8T0100,BOLT
6963,801209,Blue Threadlocker GEL
6964,84286,FITTING
6965,84327,COMPRESSION NUT 3/8
6966,85156544107SM,EPRV PLUG KIT SHILO
6967,9432513,BEARING
6968,831049PAI,OIL PAN GASKET
6969,8832-B5,K-KLEEN 50 (5 GAL PL)
6970,924-5504,Wiper Nozzle
6971,79640,HELICAL PINION 17 TEETH FINE
6972,920190,"AXLE,DRIVE"
6973,968918,HXL400 VANE PACK
6974,810019PPDC,ASA CLEVIS KIT
6975,802541E,"VALVE,MODULE"
6976,90100,"FUEL POWER, 8OZ"
6977,90697,A/B 90 MALE ELB 3/8X1/8
6978,K1644,QUILL
6979,FL1041,FR CASCADIA SIDE FRT FAIRING
6980,JOHN6752-109,STARTING FLUID
6981,HUT9611-01,SLIDER PIN
6982,INT-376CS-TUL,AC DYE
6983,HNDS-27447-1,AIR SPRING PEDESTAL KIT
6984,G8AB,GU8/GR8 HOOD
6985,FLTBM3674285,BLOWER MOTOR/ INTERNATIONAL
6986,HDV-NT2610BLK50,5/8 NYLON TUBING 50 FT PACKAGE
6987,FS3,3 RED FLAG
6988,GPNB46100,GLOVEWORKS BLACK GLOVES LG
6989,HCC858234,5/8 X 2-3/4
6990,HDXRV2771494X-CORE,CORE
6991,HENS-21800,AS8709 HENDRICKSON AIR BAG
6992,FA88449,1/2 THRU-HARDENED STEEL FLAT W
6993,FL0201-P,COLUMBIA HOOD 2001-2009
6994,GBG-6102,BEARING 67AX204
6995,GT17412E,V BELT-EXTENDED LIFE.17/32IN X
6996,HDV080346,LARGE RECT. LAMP 15 LED
6997,238635-END,FRT 08-13 RADIATOR
6998,GA10CFE-10RFJSX90,"1/2"" RESUABLE COUPLING 90 DE"
6999,H-8002,VALVE
7000,K22-1029TUL,FUEL CAP
7001,M2417MD,LADIES GREY AND PINK TSHIRT MD
7002,LUC-10001,H/D OIL STABILIZER/12X1/QT
7003,M690604,3/8 X 1/4 ELBOW
7004,M3672-XXL,CHARCOAL 3-IN-1 JACKET
7005,JOHN2420,BRAKE CLEANER
7006,MAS25039,PRESSURE RELIEF VALVE
7007,MC0501-P,HOD MK GRAN SBA CT W/HINGES
7008,MPCDS300008,tie rod
7009,MASTSF16,STARTING FLUID 12 OZ
7010,LF2001CS,leakfinder
7011,MD-HBRN2239250EVS,NEW CY HEAD CAT W/UNIVERSL VLV
7012,MC84NA,BRASS
7013,MM4650,MACK GRILL T
7014,FLUK3682,SOLENOID KIT
7015,M3050,MACK HEAVY STEEL SHIRT
7016,MCL13CA2B,MARK W/CLR LENS;AMBER
7017,MCL181ARCRB,LED MARKER LIGHT
7018,MCL19CAB,M-FLEX STAR W/CHROME CLR
7019,MGOJPLUSBULK,75W90 SYN GEAR OIL
7020,HU1E,FAB EQUALIZER W/BUSHING
7021,M4228,DUAL USB CHARGER
7022,M4268,ICE SCRAPER
7023,MC88FL,BRASS
7024,MCL75AB,MARKER LIGHT
7025,MINP43875-ALX,GUIDE PLATE
7026,H216169,BREATHER
7027,MISC,HARDWARE
7028,K1872X8,DOT FIT
7029,G342100808,FITTING
7030,ESC-0338,SCREW
7031,EM37110PAI,"VALVA, SLAVE"
7032,E2125,E2125
7033,E-15024,SLACK ADJUSTER
7034,EF10390,"SPACER,AUX.MS"
7035,EE22520,NUT
7036,EGS3905009,ORING
7037,RH004,HOSE
7038,OPT-MCL50AB,2 A MARKER LED
7039,S23091,CONVERSION
7040,PAGOIL,PAG OIL
7041,R81-6002,CAB AIR SPRING
7042,PLEX1220-YAK,RED GREASE #2
7043,RAD-2401070,RADIATOR W/ FRAME
7044,SFP-907,T-BOLT HOSE CLAMP
7045,P-225,2.25 OZ STD STEEL RIM WT
7046,PREK80026,ball joint
7047,S-E458,GEAR 5P1037
7048,PETM271R-BT3-ALX,3 WIRE LED RED
7049,P5151A224AAXK17-54,PUMP
7050,P5151A224AAXQ25-54A,PUMP
7051,NPAH3000204,1/4 NYLON AIR LINE
7052,PT9354MPGWKS,Hydraulic Filter
7053,SKF1612,HUB CAP
7054,TS41,"41"" Tarp Strap With S-Hooks"
7055,TLED-H12T,LED LOW HEATED
7056,TU-9221,"""30"""""""" 45° Mudflap Hanger with"
7057,TS21,21 BUNGIE
7058,M65494,SHOCK ABSORBER
7059,T3601,7X18 BLACK MESH TARP
7060,ROKA23226T1112SCCC,MERITOR CAGE ASSY PINION DIFF
7061,S-24054,WATER PUMP W/ KIT
7062,TP-3700-0601FIP,FUEL SYSTEM DYE
7063,TU9210L1TX,MUDFLAP HANGER 6X4 LED 2 1/2
7064,S-5222,5 EXHAUST FORMED BAND CLAMP
7065,SPRA50,SPRAYWAY GLASS CLEANER
7066,TOOL,TOOL
7067,TR049-MHL-L,HEADLIGHT
7068,SHTKTARP,SHTK1ED40FT3INX117BLKMESH_BOW
7069,TR7081,"AIR SPRING,CAB"
7070,TR7555,TRAILER AIR BAG
7071,RE2233501,CENTER HANGER
7072,WIX51622WKS,A/T FILTER
7073,VS-33769-1,HEND TIRE INFLATION HOSE
7074,VS-572,VALVE STEM
7075,WEE3057,LAMP
7076,WF101103-ALX,FUEL FILTER
7077,SE000113,DECK CLIP
7078,USA4249S,PEWAG 24.5 DUALS
7079,USA6253,SQUARE CC REPLCMNT 7MM EG
7080,W-4050-FE-30,1/2 oz GRAY (LOW PRO) CURVED
7081,WEN510001,RED MARKER LIGHT BETTS
7082,WHA3300X2,1/8 COUP
7083,VN1206-C,DPF Volvo/Mack D11/MP7 & D13/M
7084,REFR134SHOP,R134 FREON
7085,NEB-WLT-1003,SLYDE KING 2K
7086,PEN02-11A,BRACE LUG
7087,R134A-12V,12OZ R134A FREON
7088,MSB120470,RADIATOR
7089,PT222028B,18X18X24 PRO-TECH TOOL BOX
7090,NL1958-ALX,CAMSHAFT LH 16.5 RW Q+ 17-3/8
7091,NP69-4-2-ALX,"1/4"" x 1/8"""" Male 90° Brass Elb"
7092,NP79106-ALX,"5/8"" x 3/8"""" Male 45° Brass Elb"
7093,PRMDP10225RMS,PUMP
7094,PHC0107-20-20,FTG
7095,PHI16-775,NOSEBOX KIT
7096,NPABLA500,UV OIL/FUEL DYE
7097,PHM81161,CABLE END
7098,PHM82162,BATT TERM STD LUG-STR 2/0 5/16
7099,PW522,16/2 DUPLEX 250 FT
7100,PHC13943-4-4,FTG
7101,PHC881-20,1-1/4 SUCTION HOSE
7102,OPT-MCL57RB,LED MARKER
7103,N250-53-11,STUB SHAFT
7104,PL1003-HT,ENGINE MOUNT HT
7105,PLUG125,PLUG 1.25
7106,QDAC1212FP,"""3/4"""""""" ISO-A QUICK DISCONNECT"
7107,PLUG50,"1/2"" PIPE PLUG"
7108,2400614ARD,RADIATOR 21830332
7109,2400625ARD,RADIATOR
7110,102-2430PSB,"24""X30"""" POLY MUD FLAP"
7111,1469X8X4,FITTING
7112,131544,"DIFF,PLUG 131544"
7113,17419A,"SURF. COND.DISC 3"" MED"
7114,131852,ACCE DRIVE GASKET
7115,17635,V-BELT GOLD LABEL
7116,15478118,MARINE GR HOSE CLAMP 5/8X1
7117,12939,006ST/STEELHOSE CLAMP
7118,1156-NLP,BULB
7119,120-006,KEY 0.375'' X 0.375'' X 2'' 10
7120,120-019-506,BEARING NJ309E C3
7121,15304719,TERM FEM
7122,1704472,"""Arm-Matic™ Spring Shaft 1"""""""" O"
7123,18-45484-000,LATCH
7124,1674-LOW,HYDRAULIC BREATHER FILTER
7125,12933,ST/STEEL HOSE CLAMP
7126,15-760,Phillips 7 Way Receptacle
7127,1468X6X2,1468X6X2
7128,169PTC-4-4-ALX,"1/4"" CONN X 3/8"""" TREAD 90 DEG"
7129,10236BGC,M12 X 1.75 X 40 HEX CAP SCREW
7130,162031,"SHIM,LINER"
7131,1501-0034,"""GRILLE,CHROME"""""
7132,1041,COTTER PIN 5/32 X 1 1/2
7133,16437L1,LOCK ROD CAM
7134,18LB,ROLLER CHAIN
7135,11-404SWS,4WAY FEMALE TRAILER CPNNECTOR
7136,18050RWKS,CLEARANCE LIGHT
7137,1875808C1,"""GASKET,EXHAUST"""""
7138,0407,7/0 CROSS CHAIN HOOK
7139,131675,EGR GASKET
7140,08-132806,Cam Kit
7141,08929285,GASKET
7142,10028,Bowl Plug Gasket
7143,10082252-MON,TN IRON TRAILER HUB
7144,05532,AIR BRAKE ANTIFREEZE
7145,1014445,"CRANK HANDLE 15"" VERTICAL"
7146,1137036SAL,5/8 NYLOC
7147,10200,Air Tool Lubricant/12x1/Quart
7148,131370,GASKET
7149,10279YPDC,2.5 ROUND MARKER LAMP
7150,78599819,VANE
7151,11432,BR 45 D FL M CONN
7152,1013864,3/4 DOOR SEAL
7153,09001867F,ABS RING 100 TEETH
7154,0311-861812,"AERO UPPER SIDE ARM 54"""
7155,05103WKS,ELECTRONIC CLEANER
7156,09-111111,brkt kit
7157,10004B104,BARBTITE
7158,10006BC04,FITTING
7159,10049,Synthetic SAE 5W-30 API SN Plu
7160,0850G04-04,JIC Male 37° Cone - Straight -
7161,0893271010,DOS THREADLOCKER RED .35oz
7162,07480-109,"2"" ROLOC DISC"
7163,053-ATC30,FUSE
7164,0951G04-05,JIC Female 37° Cone - 90° Swep
7165,022-01007,GREAT DANE 3 HOLE
7166,06-75157-001,ELECTRONIC CONTROL UNIT - BHM
7167,0370G06-06,NPTF Male - Straight - Rigid
7168,1000-SLK10211,ASA HLDX STYLE
7169,3985597,ADAPTER
7170,141D1369HP,Air Disc Brake Pads 28K
7171,24378427,INSULATOR
7172,8235-X193299Q6257,AY CHAMBER BRKT
7173,7376-68630,JUMPER HARNESS
7174,8980316705,REGULATOR; WIND
7175,V84730269P3029,PAINTED LOWER DEFLECTOR L/H
7176,24058597,BELT
7177,565ER3024,Econoride Shock Absorber
7178,M0080-VB,BRASS BULLDOG KEYCHAIN
7179,993838,FLANGE SCREW
7180,57775661OE,High Pressure AC Switch Paccar
7181,1939437PE,PUMP-POWER STEERING
7182,340017,BOLT
7183,1P0451,GASKET
7184,801096OEM,"CLUTCH,FAN"
7185,3679-11097-3-FMT,1/2 X 1/2 BRASS HEX CLOSE
7186,3332,Oil Filter
7187,2299012PE,CV REPLACEMENT FILTER
7188,25-751PDC,EQUALIZER BOLT KIT
7189,DNP644956,FILTER ASSY
7190,1705,RING
7191,174827,Turbocharger
7192,24195516,SEAT
7193,24056393,WIRES
7194,1R1808-134,FILTER AS-LU
7195,STM4804743XR,AUTOTORQ - TN
7196,ED3511A-AMA,DIRCTNL-LOW-PRO 12 LEDS
7197,040001,HEX HEAD CAP SCREW
7198,FA68110TUL,5/8-11x6 HEX CAP
7199,WEN1954744PAC,WIPER
7200,UTI03-1105-0-013-MON,BRACKET BEARING C/S
7201,10006550,24x30 1/4 BTS rubber mudflap
7202,G1-A714,ROLLER BRKT
7203,H1-048-7376,PIN
7204,4164330C1,HOSE
7205,HDV8864-ALX,HD AIR SPRING PETE / KW
7206,143-80882,FLAT BLACK
7207,413-9412-013,"55 SERIES MOTOR, BI-ROTA"
7208,TR9122,TRAILER AIR BAG
7209,98682,#10X1 HEX WASH HD SELF-DRILL
7210,1105-0087WF,COOLANT HOSE
7211,562516B,Mount - 3/4in Bar Hanger - Ver
7212,80685-143,PRESSURE SWITHCH - LOW AIR.
7213,85693-143,#8 STRATOFLEX
7214,K4515N18160,GAUGE
7215,16-77029,RECP BASE TRY 16-77029-28 EACH
7216,TRMFH303,MUDFLAP BRACKET 2 1/2 IN 45DEG
7217,1777836SAL,36 INCH HOSE
7218,W-6050-FE-30,1/2 OZ BLACK STICK ON WEIGHTS
7219,564590110,Fog Lamp LED RH Kenworth T680
7220,170BAV040,PTO Control Valve 4-Way
7221,571PT116-100-12,PIGTAIL 2 WIRE CONT 12IN SPACI
7222,1777532SAL,32 INCH HOSE FEMALE
7223,5716035,"GASKET,EXHAUST MANIFOLD"
7224,56133250LB,Hose Clamp Hi-Torque 1.75-2.62
7225,NP72SW-6-4-ALX,"3/8"" x 1/4"""" Male Swivel Tee"
7226,HM589XFAHX-A5XK,PTO
7227,1661873C1SAL,CONNECTOR BODY LOCK
7228,645030,PISTON NOZZLE
7229,AD8MS-6MP45B,8MS to 6MP 45 degree
7230,WEN471064-06,POWER SERVICE 64OZ
7231,MS-M5351XL,CAMO PERFORMANCE HOODIE
7232,KW2234788PE,OIL FILTER ELEMENT
7233,NP71SW-6-4-ALX,"3/8""x1/4""""Male Swivel Run Tee"
7234,EKT3800PAI,REAR MAIN SEAL ( 25500973 )
7235,EL871200,7 WIRE CABLE
7236,3876P,Brake Camshaft Kit
7237,NPA784755,A/C DYE
7238,CRX50-PP,1.7C REFRIGERATOR-FREEZER
7239,CU-303-12,1/8 PATCH PLUG COMBO 12 PACK
7240,PAI121380,O-RING
7241,57501TUL,1/2 PTC UNION
7242,ICE-SCRAPER,BRASS BLADE/ICE SCRAPER
7243,801160PA,THERMOSTAT/OEM 21613426
7244,3MPRO7447FTW,SCOTCH PAD RED
7245,806829-WCH,MAIN DRIVE GEAR
7246,98262,5/32 BRASS FTG
7247,98681,#10X3/4 HEX WASH HD SELF-DRILL
7248,BP112-2-ALX,"1/8"" Brass Close Nipple"
7249,BP127-8-ALX,"1/2"" NPT Brass Street Tee"
7250,2191-P959218,LUBE SPIN-ON
7251,24240233,LAMP
7252,24761167,HEADLAMP
7253,24393663,BUSHING
7254,M4851-XL,BLOOD SWEAT GEARS
7255,MACKM2500,YOUTH BLACK & GREY BULLDOG
7256,294140R200,CAT CONV DEFEND
7257,23826619,CONNECTOR
7258,24490626,FILTER KIT
7259,20545620,V-RIBBED BELT 3212
7260,PH1-TWIST,"DOCUMENT HOLDER 5"" TWIST LOCK"
7261,OPT-MCL23AB,LED 2-1/2 BEEHIVE AMBER
7262,OPT-MCL23RB,LED 2-1/2 BEEHIVE RED
7263,PAI-621230,"DDC23518355 SEAL,CRANK,FR"
7264,PLEX2460,GREEN GREASE #2
7265,1090448,HYDRA-KOOL FILTER
7266,10915,Extreme Duty CLP - 4 oz - 12/c
7267,11201-LOW,"SPOOL SHAFT 5"""
7268,1469X8X8,FITTING
7269,10393,Chain Lube Aerosol/12x1/11 Oun
7270,158-M5510,5X5X10 MUFFLER
7271,113117-1-00-00,VOLVO Wrench Multitool $31.46
7272,1808873,SWAT® Stabilizer Bar
7273,1480X10,W/H
7274,136143,"SEAL,FITTING"
7275,102-10001,LUCAS OIL STABILIZER QUART
7276,173-1498BGC,IDLER PULLEY
7277,1480X6,3/8 TUBE 1/4 PIPE 45 DEG
7278,16B,"""BLADE,WIPER"""""
7279,10B17E,HAND CLEANER
7280,103022,"KIT,FAST FLAP"
7281,1425868,SEAL GP-CSHF
7282,14344,O-RING
7283,180885,"TENSIONER,BELT"
7284,131929,GASKET
7285,13MK5703,"GASKET,6-HOLE,.010"
7286,10001801,201 IND FNDR B
7287,122046,75/90 GEAR LUBE PER GAL
7288,1027-0000,"4""LIQUID-FILLED VAC/PRES GUAGE"
7289,10279,Engine Oil Stop Leak/4x1/Gallo
7290,10695RR,RELAY KIT
7291,120-064-011,O-RING 2-438 VITON
7292,1013962K-ALX,UNIV LANDING GEAR LEG SET KIT
7293,108234201,RED MULTPLEX 220#2 GREASE TUBE
7294,08E610,WHD E 1/2 HOSE-#10 FJIC
7295,1001-1295,LP/SAND SHOE W/PATCH
7296,040068PAI,"KIT, BOLT, CYL HD 6C"
7297,10008BY08,UNION
7298,WLCH-B,33MM WHEEL CK
7299,08-130605PDC,CAM SHAFT
7300,1-1418390-1,PLUG
7301,053-80881,GLOSS BLACK PAINT
7302,07525-109,"2"" BRISTLE MEDIUM"
7303,01010,GRAF PACK
7304,03-43216-010BGC,AIR FILTER
7305,08-135101,Cam Kit
7306,1000-MKGRY,Mack Grey Engine Paint
7307,1000-MKRD,Mack Engine RED
7308,1011223,AXLE FOR SAND SHOE
7309,173LLSV1EAP,Lift Latch Tailgate Sequence V
7310,KPL001CT,King Pin Lock Holland
7311,571G1004XL,Nitrile Gloves 100ct Orange 8m
7312,995505,FLANGE SCREW
7313,M5405-MD,HEATHER GREY JACKET
7314,562AS36NGDP20,Adjust A Strap Orange 20 PC Di
7315,24590327,TIE ROD
7316,24359241,DRAIN VALVE
7317,561291538,V-Band Clamp
7318,562U851433,DPF Gasket Mack/Volvo
7319,562U3103AT,Band Clamp Preformed 3in Alumi
7320,993250,REDUCTION NIPPLE
7321,57762539OE,High Pressure AC Switch Mack
7322,83061032BH,Cabin Fresh Air Filter Black K
7323,2900080080,SUPER X 170G
7324,1587176,O-RING
7325,200165-ALX,CROSSMEMBER OUT LH
7326,1948921PETUL,OIL FILTER
7327,1948921PE,OIL FILTER ELEMENT
7328,1S-4295,GASKET
7329,361609-YAK,U-BOLT 8161-18
7330,3628346C91,BEARING
7331,831056,SEAL
7332,3683814CE109,O-RING
7333,2U-1492,SEAL
7334,2252-2TUL,RETURN DIVIDER
7335,2400209BGC,RADIATOR - 389 PETE
7336,DNP580903,"HYDRAULIC FILTER, CARTRID"
7337,E-11910,CAM BUSHING KIT
7338,ENU0411,FLANGED LOCKING NUT
7339,112621L,VOLVO IRON MARK WIND JACKET
7340,C0352-SA,DPF
7341,CHL329872-1X,CAP
7342,TC200LBK,BLK LEATHER SEAT
7343,10263-1Y,AXLE HUB CAP
7344,TGD5600,BTM BRACKECT HD BTM B
7345,TFM-11-BG,TOP MOUNT BELT GUARD
7346,PERM80071,ANTI SEIZE 4OZ
7347,DDEA6804910480BGC,"GASKET, DPF"
7348,TR6905,2B9-206 DBL CONVLTD AIR SPRING
7349,PSVC8064-HW,PS DIESEL 911 64OZ
7350,6457486,"MANIFOLD,EXHAUST"
7351,561237411,HD T-Bolt Clamp 4.11in to 4.42
7352,1777832SAL,32 INCH HOSE
7353,571LG151-K,LICENSE LIGHT KIT
7354,571LD15A3STUD,Marker Light LED 1in X 2-1/2in
7355,1661872C1SAL,CABLE SEAL
7356,3748334C92-143,DRIVE AXLE HUB
7357,1037-0200,"BRASS BALL VALVE-2"" FEMALE"
7358,LUCAS-10001,LUCAS H/D OIL STABILIZER
7359,MS-M6669XXL,MANS ADVANTAGE LS POLO ELM GRY
7360,GM0009,SCREWDRIVERS
7361,NP72SW-6-6-ALX,"3/8""x3/8""""Male Brass Swivel Tee"
7362,381851PAI,THERMOSTAT
7363,H1-003-4207,PIVOT ARM BUSHING
7364,CLU108925-20AMCCC,EZ PEDAL AM CLUTCH
7365,NPA329,50W GEAR OIL
7366,76-18-BM-FMT,"6'4"" X 18"""" BLACK MESH TARP COM"
7367,M5401-LG,DUCK/BLK JERSEY LINED HOODIE
7368,ATR415150219,ROTOR
7369,803914PAI,"SET, GASKET.O/H"
7370,3969-1-5,COOLER - OIL
7371,PRIMOG530-HW,PRIME GUARD 5W30 MOTOR OIL
7372,BRE62032HC,1-9/16-2-1/2 CLAMP
7373,MACKM0077,SILVER HOOD ORNAMENT KEYCHAIN
7374,22307561,BRACKET
7375,24175238,SUSPENSION BRACKET
7376,8970668380ARD,LENS; TAIL & STP
7377,24145125,SOLENOID VALVE
7378,24708423,FUEL CONTROL MODULE
7379,V84736370P3029,"AIR DEFLECTOR, PAINTED"
7380,23845653,SEAL
7381,24375462,BRACKET
7382,3443-7500HP,7.5 FAN CLUTCH KIT INCLUD
7383,M4460-XL,ORANGE BUILT LIKE A MACK TRUCK
7384,2191-DBH5875,"HYDRAULIC FILTER, SPIN-ON"
7385,2191-P955606,"FUEL FILTER, WATER SEPARA"
7386,2191-P959217,LUBE SPIN-ON
7387,500901-01,"Air Bellow, Without Shock Abso"
7388,500916-01,"Air Bellow, Without Shock Abso"
7389,21329558,FUEL PIPE
7390,509042-MON,05720 9/32 DRILL BIT
7391,50841P,"0.485"" PVC Compression Fitting"
7392,550027745,75W90 QT.
7393,550045130-AMA,SHELL ROTELLA T4 10W30
7394,57302410-FON,SEAL KIT 4X10 PMCK 44000
7395,590161-YAK,"7-WAY ABS COILED CABLE 12"" LEA"
7396,0801582,"Cushion, Bogie Suspension - 08"
7397,LNL231,In-Line Grease Hose Swivels
7398,AP1-18X7X16,APITONG FLOOR 1-1/8X7
7399,FLS-193,DEF HEADER 24383068 W/WIRES
7400,APP03347HF,MICRO 3/4 GROMMET
7401,CLC2008-OR,JERSEY GLOVES
7402,GUNAS1141AR,SLACK ADJUSTER
7403,GWON46100-LUB,GLOVEWORKS ORANGE GLOVES LG
7404,ISX118-145,INFRAME ENGINE KIT 150MM
7405,MS-M4535XXXL,CAMO BULLDOG BLACK HOODIE
7406,A101-143,5/16 -18 TUFF-TORQ HEX NUT
7407,LUC-10147,50WT SYNTHETIC 5 GAL PAIL
7408,JC550,CLAMP 4-3/4 - 5-5/8
7409,KWK37-1022,FUEL FILTER 30 MICRON
7410,G1-A3221WB,"8"" HANDLE, 25 GPM VALVE"
7411,DF85142304,WATER PUMP
7412,FA68073,1/2-13x4-1/2 HEX CAP
7413,62-219AM,15 LEAF SPRING 12/3
7414,GPCS10300,WELDED CYLINDER
7415,MAG1825,MAG1 80W90 5 GAL
7416,SL645ALP,6.5 X 5 STROBE
7417,SP6-5-4-3731-1X,END YOKE
7418,MS-M8299MD,PINK DIP DYE LS TEE
7419,PPRTST110V,AC 110 V SOCKET TESTER
7420,NPA728199,BATTERY POSTS
7421,PRX27100TUL,HIGH STRENGTH RED THREADLOCKER
7422,RTC-1858036PE,SEAL RING
7423,SP107342-20,CLUTCH 2IN 10 SPLINE 2 DISC 14
7424,GWBN48100-LUB,GLOVEWORKS BLACK GLOVES XL
7425,QX2097-1,Power Steering Pump
7426,SP20-30-22-10800,TUBING
7427,SP5-170X,U-JOINT
7428,OR11288-L,A/C LINE TEFLON TIP (LARGE)
7429,M4301-LG,LIFE IS GOOD BLUE
7430,QX375-5,Power Steering Pump
7431,SP9553-4724,SHAFT ASSY 1-PIECE DRIVELINE
7432,FP-3782X-TUL,BRAKE DRUM
7433,NAT370065A,WHEEL SEAL
7434,SHNFELC505055G,ELC COOLANT 50/50
7435,PHC1-14X1PTR-S,FTG
7436,HEN060657-003,SHOCK ABSORBER
7437,PHC1-14CR-S,FTG
7438,HNDS-24636-1L,SCAM INTRAAX LH
7439,MS-M8303SM,NAVY/WHITE TIE DYE TEE
7440,A83271147FIP,AYASA 15028
7441,ALCK-BHZ11,BRASS HEAD GREASE COUPLER
7442,DAY-9961005,23140956CRANKCASE BREATHER KI
7443,8CA007,"EXHAUST BELLOW, VOLVO"
7444,CHL281GSFJP-B5RK,PTO ASSY
7445,A1110180080-143,GASKET
7446,AS1140-CVL,GUNITE AUTO SLACK ADJ
7447,A18-44466-000,SEAL
7448,CHL489GRAHX-A5XD,PTO ASSY
7449,CHL489XHAHX-A5XK,PTO ASSY
7450,CHL489XSAHX-V3XK,PTO ASSY
7451,C5129X8-999,fitting cap
7452,953470032AW0813,ARM ECON AW 32 HYD PL
7453,85805SAL,46 AWG HYD OIL
7454,86665-143,1/4 PIPE STREET TEE
7455,ALCK103538,SHEAR NUT AND 35MM & 38MM CAP
7456,891007VAL,1GAL PREM GEN2 BLUE 15W40
7457,67221128,AB PUSH-ON ML CONN 3/4X1/2
7458,CHL22-P-151,GASKET-SHIM
7459,EGS3903003OK,O-RING
7460,C1117A-R,"17 7/16"" 1 7/8"""" BORE RH"
7461,DA1027,HVAC ACTUATOR
7462,E6034P,"4-25/32"" M22 x 1.5 Thread Metr"
7463,9500-YAK,V-BELT
7464,CHL489GRAHX-A3XK,PTO ASSY
7465,64AC02220080,CALIPER MAXX22T
7466,MS-M3672XL,CHARCOAL HTR TECHSYS JACKET
7467,A-TI1620909-1A,SIGHT GLASS SURGE TANK BRASS
7468,CNG-MS191603,VALVE OMB BETA
7469,6722168,AB PUSH-ON ML CONN 3/8X1/2
7470,6722942,AB PUSH-ON ML RUN TEE 1/4X1/8
7471,PERFW1197,38PC TOOL KIT
7472,RY241,A/C TEMP RLY
7473,CCC-ROK2306Q1343,SHAFT
7474,S715,AIR COUPLER
7475,M5403-2XL,BLK/ARMY 2 TONE HOODIE
7476,SD09530,WIPER MOTORS
7477,M8295-SM,CABO BLUE DIP DYE LS TEE
7478,SMR7S,7 GAL SIDE MNT STEEL RESERVOIR
7479,CHL489GSAHX-A3XK,PTO ASSY
7480,P1111HD,TARP AXLE
7481,BRGDK412,KIT REAR RS402 LATE STYLE
7482,SP6-4-6371-1,END YOKE
7483,M2435LG,WHITE & GREY CAMO POLO
7484,MS-M1776XXL,USA BULLDOG TEE
7485,MS-M2637MD,MACK DEFENSE GREEN TEE
7486,M6016,GOLD BULLDOG STICK
7487,MS-M4649,HERO OF THE HIGHWAY TSHIRT-XXL
7488,22303391SKYAM,SKY NOX AM
7489,310043RE,OS -COND 93-07 PETERBILT
7490,3211-LOW,"4 SPRING LOWER BULLET ARM 70"""
7491,78605162,RETAINING CLIP
7492,24409298,CONNECTOR
7493,SP559554-KP,Service & Complete Air Spring
7494,ALP9007-KZ6,BRAKE PADS 26K
7495,RT100S-REFT,DETECTOR LEAK BLUE QT
7496,UP-42846,HOOD MIRROR
7497,BP124-8-ALX,"1/2"" Size 45° Street Elbow"
7498,1000-FLX400SSFT,FLEX PIPE 4 IN SOLD BY FT
7499,SP558050KA,Service & Complete Air Spring
7500,DAY-300350,king pin
7501,TLED-H110,LED PROJECTOR HEADLIGHT Driver
7502,WH-VMXX-ESH-03,ENGINE WIREHARNESS
7503,136102PAI,SEAL WASHER 3963990
7504,1105-0055-101,STICK HOSE KIT
7505,1105-0129-101,COOLANT HOSE
7506,016940WKS,"Air Brake Fitting - 1/4"""
7507,TR7093,CABIN AIR SPRING
7508,371-12FSCPLG,1/2 COUPLER
7509,573HCBH3,CARGO BAR HOLDER
7510,1635301-NL,BOLT KIT FOR EQUALIZER
7511,1652,3/8 P T FITTING ASSY
7512,1771402KT,Brass DOT Compression Fitting
7513,369PPV001-143,PRESSURE PROTECTION VALVE
7514,12764,HYDRAULIC CYLINDER (SLIDE)
7515,SGG2,SUPER GLUE
7516,742-251,Window Lift Motor
7517,HBRN223-9250AVS,NEW CYLINDER HEAD CATERPILLAR
7518,PAICUP040036,CYLINDER HEAD BOLT
7519,143-8283537C,SUPER PRIM SPECIAL 100 YR SET
7520,84-1039,9004/9007 LAMP SOCKET
7521,LG27SD4R25N16,RH END DUMP PUMP FOR M-DRIVE
7522,380-50840,3/8 I.D. FITTING
7523,M5350-SM,GUNMETAL CAMO HOODIE
7524,HM589GLAHX-A5XK,PTO
7525,FET-2672PAI,PEDAL
7526,M5191-3XL,HEATHER GRY/BLK DUSTER HOODIE
7527,509-05-MON,05740 5/16 DRILL BIT
7528,PRIM92006,PRIME GUARD -20F WASHER FLUID
7529,SP-558729-KP,AIR SPRING 8729-KP
7530,BP121-8-ALX,"1/2"" Brass Hex-Head Plug"
7531,BRE62064H,3-9/16-4-1/2 CLAMP
7532,21854471,ADAPTER
7533,24596680,BRAKE HOSE
7534,24438157,PIPE
7535,24618469,BIG-END BEARING KIT
7536,24477061,COVER
7537,M4649SMVB,HERO OF THE HIGHWAY
7538,24520271,SENSOR
7539,M7232,KHAKI DUCK CANVAS CAP
7540,24670819,"CLUTCH KIT, D13/MP8 AMT-C,D"
7541,500701,"Repair Kit, Engine - 500.701"
7542,502770,"Linear Actuator, Front, With T"
7543,24153690,BRACKET
7544,78527809,COVER
7545,29542962,PLATE - SEPARATOR
7546,24686769,FRONT FOG LAMP
7547,78492492,SEAL
7548,500012-10-35-00,RED VNR with Chrome Tank
7549,500113-M,VNL TRUCK TEE-NAVY
7550,4752-029R,NO.8 NUT
7551,5287-143,1/2X3/8 PIPE BUSHING
7552,24068520,PARTICULATE FILTER KIT
7553,441436-1-2IM,F/R FLOORLINER HP BLACK
7554,550026901,SHELL SPIRAX S4 CX 30W 1/5
7555,50004-CORE,BARREL DEPOSIT
7556,59346-143,A/C VALVE CORE
7557,0302861,"Mounting, Engine - 030.286/1"
7558,78597789,HINGE
7559,813488NFIP,S-CAM SHAFT
7560,LOCT492140FTW,LOCTITE BLUE MED 36ML
7561,EARDS404PD,GEAR NEST GEAR 132439 WASHER
7562,GWBEN48100PSAL,BLACK NITRILE GLOVES XL
7563,HM589XLAHX-A5XK,489XLAHXA5XK PTO W/ SHIFT KIT
7564,681-721-02-KOTUL,STRIKER
7565,HB134,"34"" 430SS QF TUBE BRACE"
7566,KW227129PE,FUEL FILTER
7567,708-3811X,Drum
7568,A6151126-001-103,DRIER
7569,HTF4036AMPZ,REINFORCED PTO 1:1 VOLVO/MACK
7570,M4462-SM,BUILT LIKE A MACK SM
7571,M7300,Black Bulldog Sunglasses
7572,BP329,BAT CBL LUG
7573,M8302-MD,MULTI COLOR TIE DYE TEE
7574,620860001176,0W20 FULL SYN SUPERGARD
7575,9447-YAK,V-BELT
7576,CHL5-P-1364,GEAR
7577,DOR5995000-YAK,BLOWER SWITCH PETERBILT
7578,PDC8200971,DELCO REMY 39MT 12V 11TOOTH
7579,G5-280X,U-JOINT 1700 SERIES
7580,PRIMCL16-HAY,PRIMEGUARD CHAIN LUBERICANT
7581,PRX81724TUL,PERMATEX ULTRA BLUE
7582,PHCM22-12F80HGS,FTG
7583,RB62-6-ALX,3/8” DOT Brass Union
7584,SP170-4-08458-1X,YOKE
7585,NVE320-407-007Z,OIL LINE
7586,PP-DP670,DOUBLE DUAL POLE PLUE
7587,PROADC9961,CALIPER RH ABD22X
7588,SP2-70-18X,STRAP KIT
7589,OR-198,A/C SEAL KIT
7590,QX375D,Power Steering Pump (Bus)
7591,QXG60004,Steering Gear / Volvo
7592,RD0001-RM,DRAIN PAN
7593,SPI350-4-11-1CCC,END YOKE
7594,NEB-WLT-0034,BANDO 1K WORK LIGHT
7595,P5151A224AAXK1754-END,PERMCO PUMP
7596,R134-12,R134A 12 OZ CAN
7597,RKPKT5-JK,"INSERT, 5th WHL POCKET"
7598,SP36-30-62-7300,TUBING
7599,RM-T03WA,SEAL
7600,SILICONE58,"HOSE 5/8"""
7601,MHTFUL75320,5/32 AIR LINE
7602,HM-PB10,C102 DUMP PUMP SUPPORT BRACKET
7603,NP68106,"5/8"" x 3/8"""" NP68 Male Push-In"
7604,RMS01-RM,"ONE PIECE WHEEL SEAL, STEER 12"
7605,STELL125-TUL,1-1/4 STELL BMI
7606,HM-SDV40-SA7,CYLINDER SECTION
7607,RR37570,BUSHING-AXLE STABILIZER
7608,EM15840PAI,FAN CLUTCH
7609,67101588,HF UNION 1/2X1/2
7610,ETN127719,SEAL
7611,CHL37-P-39,SPRING
7612,96-1307DP,full taper spring
7613,ADVFUELKIT,ADVANCED FUEL KIT
7614,FA68140,7/8-9 X 5 HHCS
7615,6447008,13/32 (-8) STRATA FLEX HOSE
7616,64AC02220070,CALIPER MAXX22T
7617,84-18-BM-LOW,7'X18' BLACK MESH TARP
7618,BAV020-99,Gate Valve
7619,FGMP10145165225,22.5 X 8.25 ALUM WHEEL
7620,ECP3499PAI,PLUG
7621,C-2546-TUL,COMPRESSOR
7622,6722132,AB PUSH-ON ML CONN 3/6X1/8
7623,785109SAL,20GA WIRE
7624,CHL272NDHVP-B3BD,PTO ASSY
7625,FI1188C,CABIN FILTER
7626,CHL340XFAHX-A5XD,PTO ASSY
7627,949281030DF0812FTW,10W30 BULK
7628,CHL489XFAHX-V5XK,PTO ASSY
7629,CHL489XQAHX-A3AF,PTO ASSY
7630,65508-120,SHOCK ABSORBER
7631,SP65-4-3591-1,END YOKE
7632,L85-6130,SUPPORT HOOD ADJ
7633,80632WKS,THREAD SEALANT
7634,LNL65001,LockNFlate - Open
7635,66800-TUL,PIGTAIL
7636,LTBLACKICE,LITTLE TREE BLACK ICE 3PK
7637,LUC-1000530,RED N TACKY 14OZ
7638,AS9156,CONTITECH AIR SPRING -1R14-019
7639,S-17214-LOW,TYPE 30 PIGGYBACK
7640,S-28495,POSITIVE 2 POST BATTERY
7641,853747SAL,Pressure switch
7642,NP68-4-2-ALX,"1/4"" x 1/8"""" Male Push-In Conn"
7643,RAIN113645,RAIN-X -25 2IN1 WASH FLD
7644,CC880XJAHX-A3XS,PTO
7645,8819036,LG ZIP TIE
7646,DAY-M65104,MONRO SHOCK
7647,SF16-999,Sea Foam 16Oz
7648,CHL328346-10X,CABLE
7649,620861001176,5W30 FULL SYN SUPERGARD
7650,HC130BPC,"2"" T-BOLT HOSE CLAMP"
7651,MS-M3637XL,THERMAL BLACK LS SHIRT
7652,MS-M3607MD,MACK PINK LOGO HOODIE
7653,MS-M7231,MACK OLIVE GREEN HAT
7654,MS-M7092,LESS BULL MORE BULLDOG
7655,15721-14,1-1/4 BLACK PIPE PLUG
7656,29503283X,GASKET
7657,DNP583710,"LUBE FILTER, CARTRIDGE"
7658,ECC5550A,"LED MICROBAR,11,12-24V,P"
7659,33715-143,33 SERIES ROUNDED MOUNT CORNER
7660,22303390SKYAM,SKY NOX AM
7661,24704672,CONTROL
7662,MVBV5W30TOTE,"VOLVO PREMIUM VDS-5, 5W-3"
7663,T31BC,"31"" RUBBER BUNGEE 50/BOX"
7664,TAB-10,Tractor-Trailer Air Brake Lock
7665,102-A4917,FENDER CENTER SECTION
7666,WEN674-470,1/2T X 3/8MPT 90°(D1169X8S)
7667,24840806,FUEL FILLER CAP
7668,78714737,FLAP
7669,091305-5-YAK,ATM/MINI FUSE 10 AMP
7670,VEL016114120,1/8 X 1/4 POLY BRASS P-P MALE
7671,112612O,ORANGE VOLVO YOUTH TEE
7672,TR955079,1200P AIR DRYER
7673,CC2903,DEF 2.5 GALLON
7674,04375X800NC,7/16 X 8 P&O BOLT CAT 4L-7925
7675,WBC4801070010,RSS+ ECU-VALVE
7676,S-37562,PTO ASSY
7677,MMM7530,"1"" 50 GRIT BRISTLE DISC"
7678,AH7000G-HAY,GEAR GEARHEAD VENT CLIP AF
7679,AI14439962,FUSE BOX COVER
7680,SR2000014-134,VALVE ASSY-WATER
7681,STE330-3111,HUBCAP GSKT 5-5/8 ID 8 BLT
7682,SS23048037,PTO COVER GASKET
7683,82257-143,3/4 PIPE PLUG
7684,HWU04521-TUL,bolt
7685,TRFT0041P,BRASS DOT KIT W/TUBING
7686,OR-SRW8248219,24.5X8.25
7687,FWS-4488-AMA,WEATHERSTRIP
7688,P5222931099,AIR FILTER
7689,M9007,GREEN MACK 60'S RETRO CAP
7690,A0009902850-143,NUT
7691,A05986B,PIVOT
7692,A1R09BL,2 DRAWER ROLLER RACK BLUE
7693,HM329361X-ARD,"AIR SHIFTER ASSY, (442/489)"
7694,1536FTSAL,"2 1/4"" SILICONE HOSE"
7695,TDM2897320,INJECTOR REMAN XPI FUEL SYSTEM
7696,AH7000V-HAY,V-TWIN GEARHEAD VENT CLIP AF
7697,JJ2012-300-12-12-030,Plate Gasket
7698,CRK4041O,CRKT PROVOKE ORANGE
7699,ALCGMX99814,GREASE
7700,C1311-A-L,CAM KIT: 11-1/32 LEFT TYPE 2
7701,TRFT0101P,BRASS DOT FITTINIG KIT W/TUBIN
7702,TRMFH308,HANGERS W 2 1/2 LIGHT CUTOUT
7703,CHL5-P-1491-2X,INPUT GEAR
7704,DIS-12430PK-TUL,HEAT SHRINK WRAP 1/2 INCH
7705,PIGL25400F,"Absorbent Mat Roll,30inx150FT"
7706,PRIM111001FTW,PRIME GUARD 0 POWER BLAST 55ga
7707,5195-143,FLARED MALE ELBOW
7708,M5191-AMA,HEATHER GRY/BLK DUSTER HOODIE
7709,MADAPLCE4280,42 X 80 PROTECTOR
7710,MS-M5840XL,BUILT LIKE A MACK TRUCK HOODIE
7711,RB-445REV,BEARING SETS 445 & 423
7712,RELA50,ABSORB-N-DRY 50#
7713,999-0718,FS20121/5528103 FUEL/WATER FIL
7714,-7385-150,150 AMP MEGA FUSE
7715,651-143,7/16 X 2.25 BOLT
7716,8127812,BEARING KIT
7717,109163,75W-90 1 QT BOTTLES
7718,115-88UTR,FRAME FITTING
7719,11505232DD,BOLTS
7720,122101,TEK SCREW 10X1
7721,TR587TWC,22.5 BLACK WHEEL CAPS
7722,TULC-784,A/C COMPRESSOR
7723,058313-40-YAK,HEAT SHRK BUTT CON 16-14 (40)
7724,TLED-H46,R/H HEADLAMP ASSY VOLVO
7725,TR85724,SHOCK ABS FRTL 85724
7726,TR955335,ABS SENSOR KIT 90DEG
7727,TRMFH403,"45 Degree 2-1/2"" 30"""" Mud Flap"
7728,TRQF311,FENDER SET FLT1900
7729,TRU-FMK-0007,CLEAVER FLIPPER KNIF
7730,0625X175NC,5/8 X 1 3/4 P&O BOLT CAT 0S-1
7731,T4T-PS121,SPIRAL TORSION SPRING
7732,WB4721950330,12V 4-Delivery Port Trailer AB
7733,1035-143,1/8 X 2.5 COTTER PIN
7734,WE20-SK,20HQD OMEGA COUPLING HUB
7735,12BRBV,BALL VALVE
7736,VEL-035087,3/4 BULKHEAD FITTING
7737,091131-5-YAK,AGC GLASS FUSE 1 AMP
7738,XG-175BG3,BLACK GENERATION 3 EXTREME-DUT
7739,TLED-U114,ROUND HP COMBO LED W/L
7740,022-00975-MON,HINGE WABASH 1010162
7741,1133P,Pistol Grip Handle Grease Gun
7742,TLED-X1RGB,"RGB LED 15"" FILTER LIGHT"
7743,120MF253,GASKET 1239
7744,103060WKS,HOWES 64OZ
7745,10840-FMT,"1/2"" 90 DEG BRASS ELBOW"
7746,24733471,STEP
7747,M3307-VB,RED WHITE BLUE-CAP
7748,345164S,TORQUE ARM
7749,35P74A,ALLISON PTO GASKET
7750,4065071C5-143,STRAP MUFFLER REAR
7751,56129537,V-Band Clamp
7752,1775006-1FT,NYLON TUBING 3/8IN OD X 100 FT
7753,1900KIT-PDC,BLACK POLY QUARTER FENDER
7754,1905-2501-16-20,#16MJ-#20MP90
7755,23879164,WINTER FRONT
7756,13QK2126,SPACER 7219
7757,102-10866,LUCAS ANTI GEL DIESEL TREAT
7758,10212-GCK,M8X1.25X12 HEX CAP SCREW
7759,10234-GCK,M12X1.75X30 HEX CAP SCREW
7760,238726-WKS,RADIATOR
7761,10761Y-FMT,1/8X1/16 MALE NTA AIR BRAKE
7762,PHV14R113FC,REGULATOR
7763,20080-16150-021,M16 P2.0X150
7764,RC993605,"SWITCH THERMAL NC,"
7765,840626068EL,Bearing Housing O-Ring Mack Vo
7766,058077-YAK,BATTERY LUG 4 GA 3/8 STUD
7767,ATRTS34000A,BUSHING 44694000L
7768,TL97095E,COVER-CLAMSHELL
7769,37045-5010,SP 1005725 NUT
7770,ECC6220A,STROBE BEACON MEDI
7771,1790932K-143,KW PITMAN ARM RETAINER
7772,BLUE16MM,5/8 Silicone Blue
7773,STM3303024-134,GASKET-HUB CAP
7774,SP558748KP,NEWAY SUSPENSION BAG 8748
7775,925033-HAY,SHOCK
7776,925246-HAY,SHOCK
7777,TMEG728SAL,28' MEGA MESH TARPS 4 TRUCKS
7778,GPNB48100WF,BLACK NITRILE GLOVES
7779,M3658,WHEEL STUD R/H CM102188
7780,TP75W90,75W90 QT SYN
7781,TE-CCH1,UNIVERSAL COMMERCIAL CAMERA W/
7782,D76677SAL,PERKINS SPRING LATCH
7783,PERM81878FTW,PERMATEX COPPER SILICONE 3OZ
7784,HE10DS,SPHERICAL WASHER
7785,REFR134A30M-SHOP,SHOP FREON
7786,MK89,CAM KIT
7787,MPMUN30T38110,MUNCIE PTO SWITCH
7788,PE129,AIR RIDE SPRING 2 LEAF
7789,JJ38521,"1/2"" PPDOT UNION STRAIGHT"
7790,PL11902BSBL20PDC,MUNCIE PUMP
7791,K120980HD-TUL,BELT
7792,PRIMPG80W905GAL,SAE 80W90 GEAR OIL 5 GALLON
7793,T4642SAL,12' MULTI MESH TARPS 4 TRUCKS
7794,10001393MINI,BRACKET KIT PB501026A/5010
7795,10028-ABQ,HI TEMP GREASE KEG
7796,RC-S01-HAY,Replacement Retaining Clip
7797,RHO-S01RM,FF STEER OIL HUB CAP KIT 4024
7798,WEN6451001,2 WIRE PIGTAIL
7799,RAD437441P,RADIATOR
7800,WEN75540,5W20 OIL
7801,TR85000-TUL,SHOCK ABSORBER
7802,SEA5900,VALVE
7803,NV1652937A,45 FLARED ELBOW 5 INCH
7804,145STEL-SW,1104 GREINNELL STREET
7805,003-FR-MTC,M2 SURGE TANK
7806,146060-YAK,"60"" AIR HOSE 3/8"""" 3/8"""""
7807,FENTBS1157A,"AMBER SQUARE STOP,"
7808,GWBN44100-TYE,BLACK GLOVES M
7809,M2401,L/H INNER ALUM.NUT
7810,A103-143,7/16-14 TUFF TORQ BOLT
7811,925101-HAY,PETE REAR SHOCK
7812,M3097,Blue/Black Knit Socks
7813,9Y9497G-LOW,ROD BEARING
7814,MS-M2600XXL,BLACK SOFTSHELL JACKET
7815,ATF-145,DEX III - 75-200
7816,FPDFP5117269-WKS,GASKET
7817,GWGN46100-SPK,LRG 8MM GLOVE GREEN
7818,JJ28134,1/2 X CLOSE YELLOW BRASS NIPPL
7819,JJ680806,1/2X3/8 PPDOT ML CONN
7820,MM2568,Ladies Packable Down Jacket
7821,EAT211483,GEAR SET
7822,K152-308,AIR GAUGE
7823,DAY-9047903,CRANKCASE FILTER CV50626
7824,HBRISXHBK-WKS,HEAD BOLK KIT
7825,61283TUL,M12 x 1.75 x 30 HEX SCREW
7826,82402-GCK,2-1/2X2-7/8 3/16 THK O RING
7827,AS75973,AIR SPRING 1R12584
7828,LUBR75074,2PC PLASTIC FUNNEL W/ SPOUT
7829,90131,COMP ELBOW 69/8/8
7830,1096390340,"GASKET; SLEEVE,"
7831,0911801080,NUT;A/C CMPR BR
7832,0915108120,WASHER;PROP SHF
7833,SZ17808015,NUT - FLANGE
7834,SZ20122012,WASHER PLAIN M22
7835,3892N5396,COUNTER SHAFT GEAR
7836,3533037010,STRAINER ASSY - OIL
7837,8943967110,"BOLT; JOINT, OI"
7838,8971228700,PIN; SHOE HOLD
7839,8971336400,HOSE; OIL COOLE
7840,23704E0330,PIPE SUBASY - INJECTION - NO.4
7841,25634E0020,GASKET - EGR PIPE
7842,21811E0060,BOLT - UNION
7843,17N40521,SPLINE PLUG
7844,1096300850,GASKET; FUEL PI
7845,8980430610,MIRROR; UNDER
7846,8980436860,SCV KIT
7847,8981685624,SENSOR ASM; DEF
7848,9095662280,GASKET; OIL PIP
7849,8980793890,"SENSOR; THERMO,"
7850,8981975310,MOTOR ASM; FRT
7851,8973497061,"CYL;WHL, RR BRK"
7852,8973886490,REPAIR KIT; OIL
7853,8976020483,THERMOSTAT
7854,8973785380,HOSE; FUEL FILL
7855,8974968111,PIPE; FILLER NE
7856,1809355,PVTASYM
7857,1884-056002,COMPRESSION UNION COUPLING 3/1
7858,1885-030010,90 ELBW NYLN 5/8T X 1/2MPT
7859,1884-044017,SAE 45 FLARE CONN 5/8T X 1/2MP
7860,1770-SK37UWBNDB8X,FIFTH WHEEL
7861,1544735,HOSE CLAMP
7862,8228169820,GASKET; EXH PIP
7863,8157097030,"NUT, EXH MANIF"
7864,5193890061,"RUBBER; SEAL, C"
7865,2104-5003326,CENTER BEARING ASSY
7866,4250-123130,M-ATF D/M CASE 6X1UQL .RL
7867,4215-BNL5,BRAKE N LOOSE NON-CHLORIN
7868,4215-IOQT,"INSIDE-QUT VINYL, LEATHER"
7869,4250-100631,M-TRANS HD 50 PAIL 5USG
7870,2104-6469311X,END YOKE ASSY
7871,20901493,VALVE COVER
7872,20503343,VALVE
7873,20527306,SLACK ADJUSTER
7874,20537032,SEALING RING
7875,21020134,HELPER SPRING
7876,20705437,KEY 1239
7877,20550912,O-RING
7878,20561538,HOSE
7879,20569325,SEALING RING
7880,20914731,WIRING HARNESS
7881,20705998,GASKET
7882,20706063,FLANGE SCREW
7883,20704295,PULLEY
7884,20704644,EXPANSION PLUG
7885,1940-161,SIGNAL LAMP
7886,20753068,SPACER SLEEVE
7887,20760295,BRACKET
7888,20915849,HOSE CLAMP
7889,20704650,SPACER SLEEVE
7890,20706489,TOOTHED WASHER
7891,20928993,FITTING
7892,20948006,AIR TANK
7893,20704841,O-RING 1239
7894,20704849,O-RING
7895,1940-34675,9007 LED
7896,20784280,BEZEL
7897,20940438,VALVE
7898,20706055,STUD
7899,20705747,BEARING SHELL
7900,20786586,WIRES
7901,20789112,STEERING WHEEL
7902,20706213,GASKET 1512
7903,20706367,BRACKET
7904,20706087,SET SCREW
7905,20437529,SEAL
7906,20497939,WHEEL STUD
7907,20817786,CONNECTOR
7908,20706418,O-RING 1239
7909,20706586,ROCKER ARM
7910,20815534,STEP
7911,20443818,SIX POINT SOCKET SCREW
7912,20825082,SHIM
7913,20489698,STEP
7914,20546620,HEXAGON SCREW
7915,20734156,SEALING STRIP
7916,20745644,HOLLOW SCREW
7917,20960948,LENS
7918,20724561,HYDRAULIC OIL PIPE
7919,20570748,LEAF SPRING
7920,20850964,FITTING
7921,20862281,PLUNGER
7922,21027455,INSULATOR
7923,21030451,SPRING LEAF
7924,20398228,SHOULDER SCREW
7925,20757803,HOSE CLAMP
7926,20850966,FITTING
7927,20435760,HOSE CLAMP
7928,20592861,RETAINER
7929,20422468,ANGLE BRACKET
7930,20449198,HOSE ASSEMBLY
7931,20704682,COMPRESSION FITTING
7932,20963779,SENSOR
7933,20451156,LOCK BRACE
7934,20463117,PIPE SET
7935,21026302,TANK 2612
7936,20489709,STEP
7937,20779140,SWITCH
7938,20705041,WASHER
7939,20704751,WASHER
7940,20504408,V-CLAMP
7941,4379-RD538270,AIR SWITCH ASSY
7942,4379-RD110870,MOTOR/BLOWER ASSY(12 VOLT
7943,5462-93034811Z,UPR AL CAST ARM L W/POLY
7944,4379-RD342310,BLOWER ASSY
7945,5435-65512,MAGNUM SHOCK
7946,5166-85915,PX RED HI-TEMP RTV 7.25OZ
7947,5166-80011,PX FORM A GASKET SLNT #2
7948,5435-66201,MAGNUM CAB SHOCK
7949,5554-MJB2424ET756,COMBINATION - AIR DISC
7950,5839-870678A,ELEMENT
7951,5839-AF25962,AIR FILTER-OPTIAIR PRIMAR
7952,5554-9019005P,DUST CAP
7953,5554-3427051,CHAMBER
7954,4732-13501027,KIT-AIR TANK
7955,5435-65175,MAGNUM SHOCK
7956,5396-GC3030,CHAMBER-BRAKE AIR
7957,5435-65508,MAGNUM SHOCK
7958,4379-RD359647,"OUTLET TUBE ASSY,#10"
7959,4379-RD572970,FAN
7960,5396-BE202131,SHRINK TUBING KIT
7961,5396-BE29558,TIE STRAP
7962,5165-PS304,"SPRING, 3 ANTENNA BASE, P"
7963,4379-RD590880P,COMPRESSOR - 12V SD5H14 1
7964,5165-TJ12,"CABLE, COAX 12 W/PL259 ON"
7965,5396-40010146,SLACK KIT
7966,48QS313A,REGULATOR
7967,51KH318P10,"SHIM,BEVEL PINION BRG RET"
7968,6450-451182,"3-IN-1 WRAP, 20, NYL DURA"
7969,66-101690VN605,SET OF ARMRESTS
7970,6635-61NTA4,FITTING
7971,6635-610816,DUST CAP ASSY
7972,6450-422035,"ELEC CONNECTOR, RING, PVC"
7973,6450-11644PX,1/4 PUSH-IN UNION TEE. NO
7974,66-188900MW61,SEAT-LEGACY SILVER HB 2W
7975,66-177678PS,ADAPTER FOR VOLVO VN TRUC
7976,6450-S762PMT532,"UNION, STRAIGHT"
7977,6450-31402,END FITTING KIT
7978,6450-422190,"LUG, STARTER, LIGHT DUTY"
7979,6635-101431212,CRIMP FITTING.
7980,6450-401207,PRESSURE PROTECTION VALVE
7981,6450-422016,"ELEC CONNECTOR, BUTT, CRI"
7982,66-187300MW663,PINNACLE
7983,66-182704XN1165,COVERALLS - MID BACK
7984,5839-FS19769,FUEL SEPARATOR SPINON
7985,60111964,HEXAGON NUT
7986,60113489,HEXAGON NUT
7987,6300-4725001200,RVP 12V DIN 4S4M 4.0
7988,6300-9700515030,CLUTCH CONTROL - SLAVE CY
7989,5839-FS19966,FUEL SEPARATOR SPINON
7990,5839-Q52802,"BRACKET,MOUNTING(PAINTED)"
7991,5839-LF3335,OIL FILTER CELLULOSE SPIN
7992,600-A2C53304373,FITTING KIT-DUAL
7993,600-A2C53320599,SHOE
7994,5839-FK48002,FUEL FILTER SPINON/FUEL C
7995,7244-SA23682B0Y,"ASSY, PAD, SEAT, WIDE"
7996,7376-822116,"TOGGLE SWITCH, 15 AMP, 2"
7997,7413-10081727,FF PRESET / PRESET PLUS R
7998,7376-45582,"CLR/MKR, M1 LITE KIT RED"
7999,745-K097965,BRAKE SHOE KIT
8000,745-K044947,SLACK ADJUSTER KIT
8001,745-K051956,WHEEL SPEED SENSOR
8002,7376-66860,"PIGTAIL, 6, 3-WIRE FEMALE"
8003,7376-46832,"CLR/MKR LAMP, RED, SEALED"
8004,7376-46902,"CLR/MKR LAMP, RED LENS, W"
8005,7376-841039,"HARNESS, HEADLAMP, 3 PRON"
8006,745-286171N,E-6 BRK VALVE BASIC
8007,7376-54132,"STT LAMP, RED, OVAL, LED,"
8008,745-131081,VALVE
8009,745-229859N,Q REL VLV
8010,745-229635N,CONTROL VALVE
8011,7376-G6003,"STT LAMP, YEL, OVAL, HI C"
8012,7376-41002,"REFLECTOR, 2 ROUND, RED,"
8013,7376-82ANS15A,LOW PROFILE MINIATURE BLA
8014,745-202982N,LOCKWASHER 5/16
8015,745-AMPM1708BA,BRAKE PAD
8016,745-802569,ROTOR
8017,745-101413N,SLACK ADJUSTER
8018,745-281946N,PP-5 CONTROL VALVE
8019,745-803114,GUIDE AND SEAL KIT
8020,745-811609N,CAMSHAFT
8021,7376-01G60076,FRONT TURN LP/BRK/PIGTAIL
8022,745-AMPW1777BA,BRAKE PAD
8023,6781769,CONNECTOR
8024,7065-315552,HENDRICKSON/SAF/HOLLAND
8025,6792885,VALVE
8026,6971-11500723,"BOLT,HEX"
8027,6877-2014388,"PIN,ROLL (DANA)"
8028,7843-4004904,ZIP-TORQ AXLE FASTENER
8029,7843-9112205,AXLE SLEEVE K122E
8030,7843-3930104,VOYAGER DRIVE SEAL
8031,7833-440,"KIT,BOLT(DECK COVER) FLUS"
8032,7833-5548,"FENDER,SINGLE 48 FULL RAD"
8033,7833-576,"BRACKET,FENDER STRAIGHT C"
8034,7843-3404024,CAP HUB
8035,7843-3080836,SEAL SET
8036,7843-3434098,HUBCAP W/3122
8037,7787-530243,"LEVER,MODE DOOR(PANEL)"
8038,421217,O-RING-INJ
8039,447-4743,PRO-TORQ SPINDLE NUT
8040,3767,Timken - Tapered Bearing Con
8041,38707-5004,DIPSTICK
8042,3938987,INSULATOR
8043,24534314,SEAT BELT
8044,880880,TENSIONER
8045,70953,GLOBAL M3KH MEGA3000 HOSE - HI
8046,924-5337,Hard To Find He
8047,900127,"CLUTCH,SLIDING"
8048,90330,STATIC STRAPS
8049,04-391162,Camshaft
8050,806869,"KIT,BRGNG"
8051,5-281X,U-JOINT KIT
8052,EKT-0306,TURBO KIT
8053,A6151134-003,HOSE_AC SIZE 8 90-90 DEGREE
8054,EM35830,"PUMP,SUPPLY"
8055,A3711377-002,"SPRING CLIP, FRONT 10 INCHES"
8056,K078420,RELAY TRACTION ATR-6
8057,GZ110001-002,CABLE BATTERY 4/0 BLACK
8058,GZ240020-072,COMP DISCHARGE HOSE ASSY
8059,HV037368,SWITCH A/C
8060,A2040236-001,REDUCER_ELBOW 90 DEGREE
8061,HV218621,ACTUATOR AIR DISTRIB
8062,FKMACK2B-MIN,Mack Floor Mats
8063,EF25280,"KIT,SYNCHRO"
8064,B100BTPA,PLASTIC BOLT ON BRACKET LIQ PL
8065,A7471005-002,ABS HARNESS REAR
8066,334-1146,Valve
8067,11913,FITTING UNION
8068,131480,GASKET
8069,181879,Water Pump
8070,132074,"KIT,GASKET,FRONT"
8071,141294,Oil Pump
8072,338-1496,Hanger
8073,128049,LOCKNUT
8074,040028,"SCREW, HEX FLANGE HEAD CAP 12"
8075,060055,"FLYWHEEL,ASSY"
8076,131959,"GASKET,HSNG"
8077,RD-5-10934-0P,SWITCH - ROTARY 3 SPD 25 AMP E
8078,S60102-033,Engine Kit
8079,NTNSET423,CONE N CUP 3 ID X 5.875 OD
8080,201LWN33F,Loose Wheel Nut Indicator 10pk
8081,25-210661-1X,DRIVESHAFT CENTER BEARING
8082,20395379,DISC SPRING
8083,TDAR007896L,NUT LH
8084,20414368,COVER
8085,OSR3156,BULB
8086,TL15200Y,MARKER LAMP
8087,02-7092808,WASHER
8088,TL30701,GROMMET
8089,21000034,HOSE
8090,TDA3131703,TIRE INFLATION KIT
8091,20359977,REINFORCEMENT
8092,20543350,AIR DEFLECTOR
8093,20377859,BRACKET
8094,20462277,BALL STUD
8095,21050569,HOSE
8096,1618921,BELLOWS
8097,1619162,SLIDE RAIL
8098,1624139,SWITCH
8099,20463858,GASKET
8100,21067501,SHOCK ABSORBER
8101,MON65101,GAS MAGNUM 65 SHOCK
8102,TDAKIT8048,BRAKE KIT
8103,TDACP25RPLS1,UNIVERSAL JOINT
8104,RAIS3238P,FILTER
8105,21683103,HOSE
8106,23087811,LOCK KIT
8107,21538975,FUEL FILTER
8108,23243024,WIRES
8109,22382004,ELECTRONIC UNIT
8110,23004655,WIRES
8111,23780318,SOUND INSULATION
8112,20364980,FUEL PIPE
8113,20543341,AIR DEFLECTOR
8114,21588237,BEZEL
8115,23899364,BRACKET
8116,23207341,WIRES
8117,RCAEA252TK,KIT
8118,TDAKIT8078,KIT
8119,21312236,CHARGE AIR HOSE
8120,RCGHA15SB,LOCK
8121,22566508,SWITCH PANEL
8122,23968400,MIRROR
8123,23987054,SWITCH
8124,20424109,SENSOR WHEEL
8125,22666328,HEAT SHIELD
8126,24038632,WIRES
8127,TL94940,CABLE
8128,21528053,HOSE ASSEMBLY
8129,22569446,SWITCH PANEL
8130,21634954,PANEL
8131,24167359,SWITCH
8132,20833044,EXTENSION
8133,21550494,BRACKET
8134,21588239,BEZEL
8135,22758929,WIRES
8136,20869050,CYLINDER
8137,22935816,DOOR
8138,23772271,GEAR SHIFTER
8139,176372,VALVE
8140,22969736,LAMP
8141,RCUJ677,UNIVERSAL JOINT
8142,22589175,TERMINAL
8143,3091508,KEY BLANK
8144,20540224,BRACKET
8145,SP10094142,BEARING CARRIER
8146,20549162,BOOT
8147,22788459,WIRES
8148,SP127588,NUT
8149,TL30401,GROMMET
8150,22997206,CABLE
8151,3095622,END COVER
8152,3095736,BOLT
8153,STM3595912,SEALING KIT
8154,STM3596124,KIT
8155,3080803,"KEY,CASE MOUNTING"
8156,1593175,KEY RING
8157,20457023,PULLEY
8158,20469695,CLUTCH SERVO
8159,02-7130913,ELEMENT
8160,ST1938,4-1/2LOCKNUT WRENCH SOCK
8161,84723851,AIR DEFLECTOR
8162,FUL4304602,BREATHER CAP
8163,82789508,SUPPORT
8164,84724159,GRATING
8165,84731287,CURTAIN
8166,85102478,HOSE
8167,FUL84103,CONNECTOR
8168,FULK3331,VALVE KIT
8169,84746713,DOOR PANEL
8170,84739125,COWL SIDE
8171,FULS1659,SHAFT
8172,BDMP39004,GR. 8 HX HD CAP SCR 1/4-2
8173,83176492,AIR SPRING
8174,84744600,RADIATOR GRILLE
8175,BDMP39565,GR. 8 HEX NUT 1/2-13
8176,82488533,CHASSIS FAIRING
8177,84752175,CUP HOLDER
8178,82708800,HOSE ASSEMBLY
8179,BW802569,ROTOR
8180,82720123,COWL
8181,GRO471233,LAMP
8182,82750953,TORSION SPRING
8183,82754751,COVER PANEL
8184,GRO40641,SILVER CONSPICUITY TAPE
8185,82758380,TRIM MOULDING
8186,FUL2536,SPRING
8187,85106786,KIT
8188,85133969,FILLER CAP
8189,CHR40136,SEAL
8190,85107393,ROD
8191,85108864,NUT
8192,84731535,TRIM PANEL
8193,BDPVS169PTC44,DOT MALE ELBOW 90 - SWIVE
8194,85114948,GLASS
8195,85116209,WIPER BLADE
8196,82756019,PANEL
8197,8500557,SPRING CLIP
8198,82903550,COVER PLATE
8199,83176069,HOSE GUIDE
8200,85102646,ANTI-TAMPER SEALING
8201,BDPW169PTC88,DOT MALE ELBOW 90 - SWIVE
8202,FULA7786,YOKE
8203,8397751,FITTING
8204,85150214,HUB
8205,82749432,CHASSIS FAIRING
8206,84756809,BRACKET
8207,82780765,SUPPORT
8208,85131773,QUICK RELEASE VALVE
8209,82792719,BRACKET
8210,83176211,SHOCK ABSORBER
8211,BWK129605,SPRING BRAKE
8212,FULK2298,KIT
8213,84046391,CLIP KIT
8214,82683301,MATTRESS
8215,8079272,EXHAUST PIPE
8216,8079537,COOLING COIL
8217,3981205,CONTROL CABLE
8218,8073904,BUSHING
8219,8084143,WIRING HARNESS
8220,8082690,BUSHING
8221,3980827,WINDSHIELD WIPER
8222,628203201,END PLATE
8223,8082797,KNOB
8224,8083419,T-NIPPLE
8225,8096185,MANIFOLD
8226,78610369,WINDSHIELD
8227,8079378,RETAINER
8228,82673511,REINFORCEMENT
8229,BWK081263,VALVE-SPRING BREAK
8230,BWK072311,TRACTION RELAY
8231,CHL379595,CLUTCH PLATE
8232,BWK214149N,BRACKET ASSEMBLY
8233,BW800622,VALVE
8234,BW801266,AD IS AIR DRYER
8235,LOP10330,XTRA H/D GREASE TUB
8236,LOC85120,PX LIQUID ELECTRICAL TAPE
8237,LOP10574,1LB TUB RED N TACKY
8238,KIN423021,4X30 STRAP FLAT HOOK
8239,MBL122454,MOBIL DELVAC EXTREME 10W-
8240,NTS23004107,"DECAL,LWR LMBR, WHITE ON"
8241,NTSSK119211,INST.BK/LWR CNA W/NS2000B
8242,PH640F8,CAP
8243,PNSPS322,"MOUNT, 3-WAY MIRROR, PRO-"
8244,PH2203P8,PIPE UNION TEE
8245,RCXL512NE,5.0 OD OD ALUMINIZED 90 D
8246,RCEV01180,EXP. VALVE - BLOCK-SLIM-L
8247,RCCLU20992582,"CLUTCH,15.5X2 SA,7SPR 4PD"
8248,RCXLC500,5.0 ALUMINIZED TORCTITE L
8249,SNV453244,"HOSE ASSY, 3/8 X 44, 3/8"
8250,RCPAI16FTBK,FLAT BLACK
8251,SNVS368AB68,"CONNECTOR, MALE"
8252,STM3474009,HUB CAP IN CARTON
8253,STMST706,BUSHING DRIVER
8254,STM6500548,HUBODOMETER 336 REV/KM
8255,TDA2210R8156,CAMSHAFT
8256,TDA2210E6869,CAMSHAFT
8257,TDA17N47771X,END YOKE
8258,TDAKIT2252HBMA9500,EX225 9500PADKT
8259,TDAA323299U7223,AY-BRKT-CHAMBER
8260,TDAR955065624N,CARTRIDGE AIR DRYER FILTER
8261,TET724A1,ARTIC. CABLE 2/14-100FT
8262,TDAM807022,PREMIUM ASA
8263,TDAR002301,LOCK RING
8264,TDAR005551L,STUD-L.H.
8265,TDAR005937L,STUD-L.H.
8266,TDAR005995L,NUT-L.H.
8267,TDAR005766L,STUD
8268,VEL018006,ADAPTOR 1/4 X 1/8
8269,VEL320182,4 WAY AIR PILOT VALVE
8270,VEL034124,"VALVE, HEIGHT CONTROL W/D"
8271,TL50300,36 3 PLUG LOWER ID HARNES
8272,TL15407,15 SERIES ADAPTER MOUNT K
8273,VEL705333,7X16 ANGLE BACK MIRROR S.
8274,WAB4329012482,DESICCANT CARTRIDGE SG39
8275,TL19375Y,LED 19 SERIES COMBO LAMP
8276,VEL016808,NYLON AIR BRAKE MALE CONN
8277,WUR05884315,SURF PREP DISC 3 R - BROW
8278,WUR0893573050,DOS FLANGE SEALANT (GREEN
8279,VEL018011,HEX NIPPLE 3/8 BRASS
8280,TL10050R,LED 10 SERIES M/C GROMMET
8281,TL10275R,LED 10 SERIES M/C LAMP 10
8282,VEL148024,AIR HOSE ASSEMBLY 1/2 X 3
8283,TL30250R,LED 30 SERIES OMNI VOLT M
8284,VEL708560,"8-1/2 CONVEX HTD HEAD,SS,"
8285,TLED-U25,Universal White Round Flood Wo
8286,DNDBA5069,"AIR FILTER, PRIMARY DONAL"
8287,DNDBF5967,FUEL FILTER
8288,DNDBA5114,"AIR FILTER, PRIMARY RADIA"
8289,DN13550100825,"INDICATOR, FILTER MINDER"
8290,DNP167185,"HYDRAULIC FILTER, CARTRID"
8291,WUR1627014,ULTRA BOR BIT 3 FLATS 1/4
8292,DNP551422,"FUEL FILTER, WATER SEPARA"
8293,DNP551763,"LUBE FILTER, SPIN-ON FULL"
8294,FGCV52001,FILTER CRANKCASE
8295,DNP556005,"HYDRAULIC FILTER, SPIN-ON"
8296,FGLF16233,OIL FILTER
8297,FGFF42102,FUEL FILTER
8298,FGLF17537,OIL FILTER CELLULOSE SPIN
8299,FGWF2071,WATER FILTER
8300,FGAF56500,TETRAMAX
8301,FGWF2022,WATER FILTER
8302,FGAF56022,AIR FILTER-CABIN
8303,FGHF6703,HYDRAULIC SPIN-ON SYNTHET
8304,FGLF17503,OIL FILTER
8305,FUL4301851BOX,"BEARING, ROLLER"
8306,FGFK48555,FUEL FILTER SPINON/FUEL C
8307,DNP608677,"AIR FILTER, PRIMARY OBROU"
8308,DNP618478,"AIR FILTER, PANEL ENGINE"
8309,FGAF26430,CAB AIR FILTER
8310,DNP551434,FUEL FILTER
8311,DNP532919,"CLAMP, LINED HOSE TYPE"
8312,DNP553261,"FUEL FILTER, CARTRIDGE SE"
8313,DNP573350,"TRANSMISSION FILTER, CART"
8314,DNP772579,"AIR FILTER, PRIMARY RADIA"
8315,DNP772524,"AIR FILTER, PRIMARY ROUND"
8316,DNP778972,"AIR FILTER, PRIMARY RADIA"
8317,DNP821575,"AIR FILTER, PRIMARY RADIA"
8318,DNP550104,"FUEL FILTER, SPIN-ON"
8319,DNP957929,"LUBE FILTER, CARTRIDGE"
8320,DNP550138,"HYDRAULIC FILTER, CARTRID"
8321,DNP550219,"FUEL FILTER, SPIN-ON"
8322,DR8200433,STARTER MOTOR
8323,DNP181099,ELEMENT
8324,DNP565243,"HYDRAULIC FILTER, SPIN-ON"
8325,DNP534105,"AIR FILTER, PANEL ENGINE"
8326,DNP573481,"HYDRAULIC FILTER, SPIN-ON"
8327,DNP551057,FUEL SPNON 04.23X05.79 B
8328,DNP544243,"AIR FILTER, PRIMARY RADIA"
8329,DNP601560,AIR SFTY
8330,GRO53292,"STT LAMP, 4, RED, W/BLACK"
8331,GRO43050,"BRACKET, 6 RADIUS, GRAY,"
8332,IS76303X5,THK FENDER W SR 1/4X1-1/2
8333,IS76513,SAE FLAT GR8 3/8
8334,IS6028,BATTERY TOOL
8335,IS7196X1,PB BLASTER CTLYST 11 OZ
8336,IS6183,CABLE SPLICE 2/0
8337,IS71062,BUTT CONN 12-10 NONINS
8338,IS71125,WOODRUFF KEY 19
8339,IS72199,ATM MINI FUSE 30 AMP
8340,IS6286,MAGNA LUG 3/0 GA HEAVY
8341,IS76305X5,THK FENDER W SR 5/16X1.5
8342,IS90740,A/B INSERT 3/8 - S/S
8343,IS6027,BATTERY TERM 3/0 CRIMP N
8344,IS6717,EXPNSN PLUG 2 CUP TYPE
8345,IS74103,BLUE MALE SNAP PLUG
8346,925120-HAY,SHOCK
8347,HUT7030-00,PLATE
8348,100469355,Brake Kit
8349,100SRK6810,Watson & Chalin Brake Kit
8350,1102204,Camshaft Repair Kit
8351,10422451,Hood Spring Kenworth
8352,12228081801,Camshaft LH
8353,1332841,Haldex Type Slack Adj 6in Econ
8354,135S1014,Haldex Type S/Setting Slack Ad
8355,12228152603,Camshaft LH
8356,1484725E23,Shoe Box Kit - Value
8357,1516602BATR,Brake Drum 16.500in X 6.000in
8358,1516700BA,Brake Drum 16.500in X 7.000in
8359,170288605,TP5 Type Tractor Protection Va
8360,171H102,Barksdale Type Height Control
8361,170298818,Yellow Knob for MV3 Type Valve
8362,17711594B,PLC Standpipe Elbow 1/4 X 1/4i
8363,17255200MC,Cable Air Tank Mounting 20in I
8364,1777234,Air Hose Assy 3/8in 3/8in Pipe
8365,17712C646,PLC Union Tee DOT 3/8in
8366,1772002FT,AIR BRAKE HOSE 3/8 PER FT
8367,1775007B,Nylon Tubing 3/8in OD X 500FT
8368,1776011,Hose Support Spring 1-1/16 in
8369,1777554,Air Hose Assy 1/2in 1/2in SAE
8370,177115164C,When Inv Depleted Use 177.12C5
8371,177PLC1,Fitting Removal Tool PLC
8372,177TC2,Tire inflator 12in
8373,1782009BK,Cable Batt Stackable 2/0 7in B
8374,1782022RD,Cable Overmolded Harness 2/0 2
8375,177BGK27,Cabin Blow Gun Kit 27ft
8376,562U3206A,Band Clamp Flat 6in Aluminized
8377,56459032,Headlamp Bezel RH Kenworth
8378,56446100C,Bumper Chrome Freightliner 14i
8379,56496382,Front Bumper Cover LH Volvo
8380,89463E0541,SENSOR - NOX
8381,566CT64256,Continental Air Spring Rolling
8382,566CT64254,Continental Air Spring Rolling
8383,56446862,Inner Fender RH Freightliner P
8384,463DS9676,Cross Tube Assembly Marmon-Her
8385,56446360,Bumper End RH wo Fog No Air Fr
8386,562C1002C,Rear Hub Cap 8-1/2 Axle 5/8 St
8387,181127591,Pinion Seal
8388,5627012BP,Mud Flap Bottom Plate Set 24in
8389,181CR45160,CR Scotseal Classic
8390,562U3135A,Band Clamp Preformed 3.5in Alu
8391,562U65091,Resonator 5in Inlet/Outlet 9in
8392,56459078L,Side Marker Lamp LH Kenworth
8393,17830746PK,Nut 3/8in-16 Group 31 Closed T
8394,5612410B,Constant Torque Clamp 0.56-1.0
8395,56359036,Hood Mirror Assy RH Black Kenw
8396,460518C,King Pin Kit
8397,179302520,Airpower 3 in 1 Line 20 Feet
8398,561356356RK,"""CAC Connector Hose Clamp Kit"
8399,179304115B,Rubber Air Line Blue Service 1
8400,179SB3030SW225,Spring Brake Welded Clevis 2.2
8401,5622109,EPDM Tarp Strap 9in
8402,5629105,Quarter Fender Kit Stainless S
8403,463DS6260,Drag Link 31.570in C to C Mack
8404,561230350,HD T-Bolt Clamp 3.50in to 3.81
8405,56346018,Mirror Back Cover LH Black
8406,56129592,V-Band Clamp
8407,56346105,Mirror Back Cover Black LH Fre
8408,562U3104SST,Band Clamp Preformed 4in S.Ste
8409,56196671,"""Radiator Hose Upper Volvo 2.3"
8410,56115350400,"""CAC Reducer Hose Hot Side 4"""""""""
8411,5629241,Plate and Hardware Kit Full Ta
8412,56125400-B,CONSTANT TORQUE CLAMP BREEZE
8413,56414008,HOOD GRILLE
8414,562U56536SC,Chrome Stack 36in Length 6in t
8415,182413,Wheel Bearing Kit HM212011/HM2
8416,460449B,King Pin Bush Kit Hendrickson
8417,179300215,Single Air Coil 15FT Blue
8418,179304015B,Rubber Air Line Blue Service 1
8419,462ES2035L,Tie Rod End
8420,2016232R,Wheel Stud
8421,2091222,Spindle Nut
8422,2101907,Socket Wrench 3in 8PT
8423,178EK75HST,Electrical Kit Heat Shrink Ter
8424,1791005,Gladhand Bracket Mount Emergen
8425,2101905,Socket Wrench 2-9/16in 8PT
8426,181370003A,Oil Seal
8427,1783054,Lug Copr 2/0 GA 1/2in Stud Bul
8428,571LD40A39,F/P/T Light LED 4in Amber
8429,571LD4WL6RB,When Inv Depleted Use 571.LD94
8430,7502108751X,Center Bearing Severe Service
8431,573TGL1A,Tailgate Latch Assembly Alumin
8432,5681024,Landing Gear Set Inside Mount
8433,810FB9905,Fan Blade
8434,81062241,Fan Clutch Electric Mack-Volvo
8435,571CT0503,Solid White 150ft Roll 5yr ORA
8436,57796552,A/C Pressure Switch Sensor Vol
8437,577ABF120KT,Blade Fuse Assortment 120pc
8438,81162103,Radiator Mack
8439,571LD30A4K,Marker Light Kit LED 2in Amber
8440,57762514,Headlamp Switch Mack
8441,571G2004L,Drivers Gloves Leather Large
8442,5791131,Combo 3in1 Pickup Tool
8443,577A5365,ABS Sensor Kit 90 Degree Head
8444,5770850UV,Nylon Zip Ties 8in Length Blac
8445,57510551,Sight Glass Mack
8446,571LD13A13K,Marker Beehive Kit LED 2-1/2in
8447,57790654,NOx Sensor Mack - Volvo
8448,571LD30CA10,Marker Light LED 2in Round Cle
8449,577VRNST1AP,VRN Rocker Strobe Light APSCO
8450,57746604,Switch Freightliner
8451,571LD40W101K,Back-Up Light Kit LED 4in 10-D
8452,571PT112,Pigtail 2 Wire
8453,571PT126,Pigtail Metri-Pack 5 Wire
8454,83052306R10,AC Stat Seal Gasket No 6 Red 1
8455,904-SCAN,Hd Decoder
8456,A85000,Gabriel Shock Absorber
8457,83031039BE,AC Compressor 7H15 Type Behr
8458,8154100892,Continental V Serpentine Belt
8459,8154120858X,Conti Extreme Poly-V Serpentin
8460,81649514,Continental Elite Tensioner As
8461,8154080933X,Conti Extreme Poly-V Serpentin
8462,818384250808,UT Fitting #08 Hose #08 Dual S
8463,8154060640,Continental V Serpentine Belt
8464,8154120910X,Conti Extreme Poly-V Serpentin
8465,8154100642FX,Conti Extreme Poly-V Serpentin
8466,KP6000R,Rebuild Kit RH Fontaine
8467,HLK2689,Door Latch Ottawa
8468,KP104UB,Fifth Wheel Bushing Poly Holla
8469,HLK1035K,Hood Latch Kit Ken-Pete
8470,LNC102,Lock Nut ST 1/2-13 in GR C
8471,LW100,Lock Washer 5/16in Stanlok
8472,HLK2538,Window Regulator RH Peterbilt
8473,KP153UB,Fifth Wheel Kit Poly Jost
8474,ABSP2B12R-C894,AIR SPRING DOUBLE CONVOLUTED
8475,AUBK8154-073,U BOLT KIT RND 3/4IN X 4IN X 7
8476,A6300035-001,"HORN, AIR"
8477,A83125,Gabriel Shock Absorber
8478,A85036,Gabriel Shock Absorber
8479,ABSZ707036,Air Spring Cabin
8480,ABSZ707197,Air Spring Seat Bag
8481,AB1DF23K-9865,AIR SPRING ROLLING LOBE
8482,A85053,Gabriel Shock Absorber
8483,ABSZ707036I,Air Spring Cabin Economy
8484,A85084,Gabriel Shock Absorber
8485,MHS736UB,Bushing Kit Poly TFII Hendrick
8486,M17482UB,Motor Mount Bushing Poly Peter
8487,M4842,Shackle Pin Volvo
8488,M203162,Weather Strip Seal Peterbilt
8489,M59345,Hood Anchor Spring Bushing Ken
8490,M2267,Shackle Hanger Chevrolet/GM
8491,M17400,Hood/Radiator Mount Bushing Ke
8492,M17437,Motor Mount Rear IHC
8493,M4960,Shackle Pin Chevrolet/GM
8494,M8298,Hanger Rear Hutch
8495,M4908,Spring Pin IHC
8496,MUBW204,U Bolt Washer 1-1/4in
8497,MV27025,Motor Mount Front Volvo
8498,PHI115151,Single Air Coil 15ft Red POLAR
8499,TMR555,Torque Rod 22.000in Sealed Mac
8500,TMR535,Torque Rod 24.330in Freightlin
8501,TMR571,Torque Rod 21.500in Sealed Mac
8502,TR71327,Torque Rod Adjustable 22.250in
8503,MTA503,Maintenance Kit 4in Mack
8504,PHI15740,Socket Boot for 7 Pin Sockets
8505,MWC9310,Air Beam LH Watson & Chalin
8506,PHI5612,3-in-1 Cable Wrap for 15 Ft. A
8507,MWC9356L,Upper Alumn. Cast Beam LH Wats
8508,TRB6825,Torque Rod Bushing Kenworth
8509,TRI37205,Wiper Blade Winter 20in Trico
8510,4389457,"VALVE,FUEL SHUTOFF"
8511,4376467,"KIT,UPPER ENGINE GASKET"
8512,4315896,"VALVE,AIR CONTROL"
8513,4376466,"KIT,UPPER ENGINE GASKET"
8514,4352360,"KIT,EXH RCN COOLER"
8515,4974994,"DOWEL,RING"
8516,4966084,"SEAL,O RING"
8517,4955665,"KIT,SEAL"
8518,5260952,"TUBE,CPR WATER OUTLET"
8519,5333477,"TENSIONER,BELT"
8520,5267079,"CLAMP,HOSE"
8521,5264738,"HOUSING,GEAR"
8522,5468940,"WASHER,SEALING"
8523,5446734,"TUBE,INJECTOR FUEL SUPPLY"
8524,5527862,"LINER,CYLINDER"
8525,5620621,"PUMP,FUEL TRANSFER"
8526,5566893,"KIT,EXH RCN COOLER"
8527,5418125,"REACTOR,DECOMPOSITIO"
8528,5417859,"GASKET,AFM DEVICE"
8529,5481948,"TUBE,INJECTOR FUEL SUPPLY"
8530,FS19764,FILTER ELEMENT - 10 MICRON
8531,145530,"SEAL,O RING"
8532,2878378,"TUBE,WATER OUTLET"
8533,2884766,"COVER,FRONT"
8534,2888168,"CLAMP,T BOLT"
8535,2871864,"CLAMP,V BAND"
8536,2830559,"GASKET,OIL COOLER CORE"
8537,3090400,"UNION,MALE"
8538,3093806,"SCREW,HEX FLANGE HEAD CAP"
8539,3067616,"GASKET,REAR COVER"
8540,3042551,"GASKET,ENG BRAKE HOUSING"
8541,3066311,"GASKET,ROCKER LEVER COVER"
8542,3328948,"GASKET,EXHAUST MANIFOLD"
8543,3101632,"HOSE,PLAIN"
8544,3179035,"GASKET,WTR TRF CONNECTION"
8545,3163988,"CONNECTOR,ELECTRICAL"
8546,3104230,"GASKET,EXH GAS RCN VALVE"
8547,3680324,"GASKET,FLANGE"
8548,3680922,FLYWHEEL
8549,3606847,"CLAMP,V BAND"
8550,3892790,"SCREW,HEXAGON HEAD CAP"
8551,3865235,"GASKET,EXHAUST MANIFOLD"
8552,3896996,"BEARING,ROLLER"
8553,3892791,"SCREW,HEXAGON HEAD CAP"
8554,3800669,"KIT,IDLER PULLEY"
8555,3696215,THERMOSTAT
8556,3682177,SEAL O RING
8557,3686959,"TUBE,FUEL DRAIN"
8558,3695880,"SEAL,OIL PAN"
8559,3960043,"SCREW,FRACTURE RESISTANT"
8560,3937142,"SEAL,INJECTOR"
8561,3907177,"SEAL,RECTANGULAR RING"
8562,3910824,"SEAL,O RING"
8563,3969959,"CLIP,WIRE RETAINING"
8564,16288,SPACER
8565,5100,AIR BRAKE ANIFREEZE
8566,MK667012,"GASKET,OIL PUMP,4P10"
8567,PT9417,Transmission Element
8568,QC000505,"*GASKET,TURBO,4P10,1"
8569,QC000526,"*SCREW,TURBO,4P10,12"
8570,QC000643,"GASKET,EGR PIPE,4P10"
8571,45440E0X80,LINK ASSY - STEERING DRAG
8572,46797E0030,WASHER - W/ RUBBER INSULATOR
8573,52101EW092,BUMPER ASSY 1PC FR WHITE 401
8574,56650,Timken - Tapered Bearing Cup
8575,5004049,KITGOV C
8576,7446137030,COVER - BATTERY
8577,71420EV011,SEAT CUSHION - BLCK CLTH
8578,87093E0573,STAY OUTER RVIEW MIRROR RH
8579,81710E0170,LAMP ASSY - FR MARKER (LED)
8580,81052,BEARING GBG-6135 1310L
8581,8982603080,GLASS RUN; FRT
8582,8980317942,BRACKET; OUTSID
8583,8971882220,BEARING; HUB IN
8584,8975334570,STRAINER ASM; O
8585,8981455021,OVERHAUL KIT;SC
8586,8981487581,LINK; DRAG
8587,8980290791,MOLDING; WINDSH
8588,A3262G215,HUB CAP
8589,S8791E0090,COVER OUTER MIRROR BOTTOM ARM
8590,S696103682,CYLINDER ASSY - KEY SET LOCK
8591,S1632E9000,THERMOSTAT SET
8592,S170EE0020,PIPE SUB-ASSY- EXHAUST PRESSUR
8593,IS90351,PIPE CLS NIP 3326X4
8594,IS90377,PIPE ST ELB 3400X8
8595,IS72106X3,GREASE FIT 1/4-28 90DEG
8596,IS90512,A/B MALE CON NT 3/8X1/4
8597,IS61389,PH PAN SMS 10X1-1/2
8598,IS71200X1,RED INSUL RING T 4-6
8599,IS16188,HX CP PL USS 7/16X6 8
8600,IS13562,SOC FL M12X1.75X50
8601,IS15199,HEX CAP 10.9 M12-1.75X50
8602,IS15641,FLNG BOLT MM M12-1.75PX60
8603,IS15649,FLNG BOLT MM 12-1.75PX100
8604,IS24601,CRIMP SLEEVE FOR3/32CABLE
8605,IS37358,VACUUM TEE 3/16 ALL WAY
8606,IS18126,SKT CAP 5 /16-18X1-1/4
8607,IS16231,HX CP PL USS 9/16X4 8
8608,IS17146,HX CP PL SAE 3/8X3/4 8
8609,IS17267,HX CP PL SAE 3/4X3 8
8610,IS11176X1,HEX CAP MM M10X1.25X40M
8611,IS12513,M12-1.75 LOCKNUT CL10
8612,IS12449,HEX NUT M5-0.80
8613,IS19209,FLANGE BOLT 1/2-13X1 USS
8614,IS91222,A/B ML CONN 1/4 X 3/8
8615,IS92113,BARB UNION 1/2 X 1/2
8616,IS96125,PIPE TO METR ADPT 3/8XM16
8617,IS98086,BLK PIPE FIT 1-1/4SQ PLUG
8618,IS98085,BLK PIPE FIT 1 SQ PLUG
8619,ACH18102,ABSNUTCVR- 33MM FLAT-TOP
8620,11232,"AL CROSS TUBE 105.5"""
8621,BD10747,"SLEEVE, NTA AIR BRAKE, DO"
8622,BD11095,"NIPPLE, CLOSE, BRASS PIPE"
8623,BD110961,"NIPPLE, CLOSE, BRASS PIPE"
8624,ATRTR7541119,TORQUE ROD 17 3/8 C-C
8625,BD31864,SLOT HX WASH SMS NO. 10X1
8626,ATRKT5962003HT,"ENGINE MOUNT KIT, FRONT W"
8627,BD234012,LUG-COPPER-TIN PLATED 3/8
8628,21434720MOD,"""PIPE,EGR COOLER"""""
8629,23-13602-020,SCREW-
8630,2310900225,WASHER-FLAT
8631,2404-04-06,MJ x MP - Male Connector - Ste
8632,2548BGC,CABLE DRUM
8633,23304EV023-ALX,FUEL FILTER
8634,25-718,BOTTOM PLATE
8635,2423,CAGE BCP-2423 33KN412A
8636,24706N606SAL,JIC FEMALE SWIVEL
8637,2595314C1,CAB SHOCK
8638,27-0660-0014,HYD RELIEF BODY
8639,2787,6 In Dial Caliper
8640,23-00559,LG UNIV HINGE
8641,277-HE10AC,BOLT ASSY
8642,BD96821,"PAINT MARKER, VALVE ACTIO"
8643,277-HU2A,AXLE SEAT
8644,29536338,HD C1 FRICTION DISC (29511462)
8645,29536337,MD C5 FRICTION DISC (29532371)
8646,27004-YAK,"3/8"" FUEL HOSE"
8647,29126,CONN
8648,242-9537,CATERPILLAR SEAL
8649,284-KIT-C,WINGNUT ASSY: WINGNUT EYEBOLT
8650,29535617,"""MAGNET,TRANS"""""
8651,BD39618,GR. 8 HEX NUT 3/4-16 - ZY
8652,BD7789FT,WIRE LOOM 1/2 SPLIT PLAST
8653,334-2087-ALX,AIR SPRING STUD PETERBILT
8654,29546270,"PLATE-FRICTION, C3/C4"
8655,403936PAI,REAR ENG MOUNT
8656,29552703,SEAL
8657,3030SBL,LONG STROKE 3030 BRAKE CHAMBER
8658,29563501,VALVE
8659,3838,GASKET KIT GGS-3838
8660,331311,COMPRESSOR MOUNTING GASKET
8661,3325X4,1/4 HEX NIPPLES
8662,47073PDC,"CLR MKR LAMP, YELLOW, SUPERNOV"
8663,302448,"IGNITION SWITCH, 8600"
8664,3682940WKS,"GASKET, EXHAUST MANIFOLD"
8665,343C8,GR 8 BOLTS
8666,3457,"""PLUG,SPARK"""""
8667,3328X8,WH FITTING
8668,42X4,FITT
8669,6000XCN011SE,FORWARD & REVERSING PTO
8670,5438-14OZ,PDC Mystik JT-6 Red Tube High
8671,62754,M14 X 2.0 X 80 SCREW GRD 10.9
8672,5719755-ALX,WATER PUMP
8673,510-46-B,"R.W. 2"" AXLE LD GAU DASH MNT"
8674,4X3-5,SHIM
8675,4S6137,STUD
8676,60X4,CO SLEEVE
8677,636302720DIX,ALTERNATOR 24 VOLT
8678,61814802,GASKET EGR
8679,50A02ZAR,WHELEN AMBER LED STROBE
8680,5-600-530WT,5 IN BUTTERFLY VLV
8681,6016,Cat 3116 / 3126 3.75 Pulley D
8682,62024,#24 CLAMP
8683,170800376SAL,SC3 SINGLE CHECK VALVE
8684,668C16,DURADRIVE SYN ATF
8685,4965512WKS,MOUNTING SPACER
8686,71622,CURVED RADIATOR HOSE
8687,71947,CURVED RADIATOR HOSE
8688,49X4,M ELBOW
8689,5973,THRUST WASHER GWA-5973 223KD26
8690,6107039C92,16V INTERNATIONAL ONE LIGHT RE
8691,6837255D,SEAL RING
8692,6116,BOLT
8693,6V8225,NUT
8694,735-7252,RACING ROTOR
8695,625776002001,MYS JT-8 SHD SYN BLEND 15W40 D
8696,600640,HUB BALANCER
8697,3685999FIP,EXHASUT MANIFOLD
8698,3200X6X4,BRASS PIPE ADP 3/8 X 1/4
8699,424-050-100,"""COUPLER HUB E5 1"""""""" BORE 1/4"""""""""
8700,48X4X4,#4X1/4NPT
8701,3528003C1,"3528003C1 SCREW IN TYPE, EATON"
8702,3938161,GASKET
8703,371-190,ELBOW
8704,29S12,CONN
8705,37G7020B1,3/8 X 20 CHAIN
8706,400-319-0,REPAIR KIT FLOAT LEVEL INDICAT
8707,3-3140,1310/1350 U JOINT
8708,380-10251Y,LED MODEL 10 CLEARANCE MARKER
8709,338-409,Seat
8710,380616,CAP SCREW
8711,2719-314146,KIT-MIN O/H-ES2
8712,2719-328349,KNUCKLE PIN KIT
8713,25624058,O-RING
8714,25153604,SPACER
8715,25626132,GASKET
8716,25165603,LAMP
8717,25156051,HOSE
8718,25625091,SHOCK ABSORBER
8719,25154351,HANDLE
8720,25640709,ADJUSTING WASHER
8721,25625491,CIRCUIT BREAKER
8722,25625631,LINK
8723,25176761,SUPPORT
8724,25177623,BRACKET
8725,25177818,BRACKET
8726,25165153,HEXAGON SCREW
8727,25192225,ELBOW
8728,25633306,PLATE
8729,25156397,HOSE
8730,25640724,ADJUSTING WASHER
8731,25625479,SPACER-ENGINE MOUNT
8732,25159469,HOUSING
8733,25632945,LIP SEAL
8734,25158399,PANEL
8735,25171401,WIRING HARNESS
8736,25194812,BRACKET
8737,25195039,STRAP
8738,25640740,ADJUSTING WASHER
8739,25640733,ADJUSTING WASHER
8740,25160132,BRACKET
8741,25195495,STRAP
8742,25168952,HOSE
8743,25170962,ROD
8744,25161203,FOOTREST
8745,25171679,SWITCH
8746,25162311,U-BOLT
8747,25161489,NUT RETAINER
8748,25171471,SPRING NUT
8749,25501157,BEARING COVER
8750,25161957,GLASS
8751,25172380,PUMP
8752,25162710,BUSHING
8753,25136461,DOOR
8754,25162330,WIRING HARNESS
8755,25173037,WIRING SCHEMATIC 3861
8756,25153796,SCREW KIT
8757,25502606,TUBE
8758,25173415,SWITCH
8759,25173426,TOOTHED WASHER
8760,25154342,HOUSING
8761,25174281,BRACKET
8762,25165365,SPRING
8763,25625223,SHOCK ABSORBER
8764,2719-95206,NUT
8765,2719-H7942235,GASKET
8766,3088-22254,"NUT,FLNGD"
8767,298-29551555,PBSS ASSY-COMMON W/MODE L
8768,3082677,WASHER
8769,3088-K4037,"KIT, GREASE LINE, ECA CLU"
8770,3088-PTAVC19513,PUMP ONLY CONTROL W/ 13 C
8771,3088-5586100,MEDALLION
8772,3088-4303362,SNAPRING
8773,3088-21652,"PIN,GROOVE"
8774,3088-21246,BUSHING
8775,3088-5568507,O-RING
8776,3102-85136706,MACK MAINT KIT
8777,3098837,CHAMBER
8778,3088-X101005,"WASHER(5/8"" ID)"
8779,3088-4303583,"GASKET,SPLITTER CYLINDER"
8780,2719-815623,"WASHER,SPINDLE"
8781,3679-39037,GR. 8 HX HD CAP SCR 5/16-
8782,3679-39565,GR. 8 HEX NUT 1/2-13
8783,3679-10861FT,"AIR BRAKE TUBING, NYLON,"
8784,3679-44427,MET 10.9 HX HD CAP SCR M6
8785,3679-10651,"CON, MALE, SPLIT SLEEVE,"
8786,3302-TR0041001,"TORQUE ROD, SMALL EYE 23"
8787,3302-EM7569001HT,EXHAUST MOUNT BUSHING (HI
8788,3302-PL1015HT,RADIATOR/ENGINE MOUNT (HI
8789,3302-RM7563861,RADIATOR MOUNT
8790,3302-HM9464438,HOOD MOUNT
8791,3134468,DAMPNER KIT
8792,3302-PL1072,HOOD PIN
8793,3302-SK50340HWSD,"INSULATOR KIT W/HARDWARE,"
8794,3302-SKB12005,BRONZE KING PIN KIT - 70.
8795,3345-1809063,DURABUILT CONV 12V SOLENO
8796,3200-32C2005750D,KICK PANEL ASSY(LH)(DARK
8797,3889-XE06356P,"PIN, BRACKET"
8798,3889-XA39,ROD TIE
8799,3919796,VALVE
8800,3945966,FILTER CARTRIDGE
8801,3679-LG1014,3/16X1/8 MALE CONNECTOR P
8802,3979940,SPINDLE
8803,3945471,SHOCK ABS.
8804,3969976,NUT RETAINER
8805,4000-50131000,SPACER
8806,4000-60818002,"BOLT,FLANGE(1/2""-13UNC X"
8807,1000-ACC3405,QCC AFT COMP 6 GR 125MM 1
8808,1000-AEC127,TUBE
8809,1000-ANT4MW,ANTENNA
8810,4095-TIG11010,1/2 X 20 ADAPTER XXX
8811,1000-BM02220,BLOWER MOTOR
8812,1000-ACT1371,DYE - UNIVERSAL UV 8 OZ.
8813,1000-ACC1010,CCI COMP 2 GR 6 12V 1 WIR
8814,1000-160018M,8 POST MOUNT
8815,1000-ACC3421,SANDEN STD COMP 6 GR 125M
8816,1000-EV01040,EXP. VALVE - BLOCK-STANDA
8817,1000-MIR5038WC,"6 X 16 WC, HD ECONOMY, AL"
8818,1000-UJ170,UNIVERSAL JOINT
8819,1000-OR11328,SLIMLINE W. -10 PER BAG -
8820,1204-RNT370021A,OIL BATH SEAL
8821,1000-STT13RFL,"7 LED TLLT RND, FLNG, POL"
8822,1204-RNT380025A,OIL BATH SEAL
8823,1000-WSDW01080C,WINDSHIELD RH MACK CH600
8824,119AX6200,ANGLE DRIVE ADAPTER
8825,1000-CHE1232,OIL - A/C PAG100 OIL 32OZ
8826,1000-CON0828,CONDENSER
8827,1000-STT2RL,"LED TAIL 6 SEALED, RED, R"
8828,1000-ACT4097,MASTER SINGLE JOB KIT KIT
8829,1000-ECA12,ELECTRIC SOCKET
8830,1000-HP21315,HEATER VALVE - CABLE
8831,1000-STT43RL,"LED TLLT GRMTMNT, RED, PO"
8832,1000-EV01420,EXP. VALVE - BLOCK-SLIM-L
8833,1000-CON1426,CONDENSER - OEM
8834,1000-SWI1664,SWITCH - CYCLING
8835,1000-MIR8760C,"8.5 CONVEX, CENTER, SS"
8836,1000-OR11017RC,A/C ORING
8837,1000-ECA42,ELECTRIC SOCKET
8838,1000-EV03074,ORIFICE TUBE - RETRO FIT
8839,1000-HP12424,HEATER CORE
8840,1000-BUL10L,"6 OVAL 10 LED BACKUP, POL"
8841,1450-329202X,SWITCH
8842,3081538,LAMP
8843,112742-2,VOLVO STAINLESS WATER BOTTLE
8844,120-064-012,O-RING 2-350 VITON
8845,120-314-001,FLTR ELEMENT INLET 607/866
8846,1809177,SWAT® Crank Handle Assembly
8847,1870X4,1/4 x 1/8 DOT Push-In Air
8848,1292181,SEAL-INTEGRL
8849,12926,8ST/STEELHOSE CLAMP
8850,16792X,BRAKE DRUM (3600AX)
8851,1800010,"""Arm/Pull Tarp HD Black Mesh 9"
8852,1404-04-06,MP x FPX - NPSM Adaptor - Stee
8853,115-607-0,REPAIR KIT 607
8854,17460,V-BELT GOLD LABEL
8855,1404-08-12,MP x FPX - NPSM Adaptor - Stee
8856,1801459,"""Arm/Pull Tarp HD Black Mesh 8"
8857,1501-06-06,MP x FPX 90° - NPSM Elbow - St
8858,112104-71-99-00,VOLVO TRUCKS DRIVER LIFE KEY R
8859,1801972,Bullet™ 90° Aluminum Cast Elbo
8860,1884-057002,BRASS EXTR 45 ST ELBW
8861,1775006FT,3/8 AIR LINE
8862,1654,PIN 311KC215
8863,113182,EXCAVATOR EC950F
8864,11573,"REDUCER,PIPE"
8865,112803-VB,VCE EAT SLEEP DIG REPEAT HAT
8866,116-48217,HINGE
8867,132D-0057,FENDER SKIRTS
8868,03-4100-0-22,LB HINGE
8869,053-70818,WHITE PAINT PEN
8870,10082,Synthetic SAE 5W-20 API SP Mot
8871,1106-0097,"""PUMP,WATER"""""
8872,110700P,PP SPRING BRAKE CONTROL VALVE
8873,134-H4651,HALOGEN SEALED
8874,131275,"GASKET,ROCKER COVER"
8875,10866,Anti Gel Diesel Treatment
8876,0316,Berryman B-12 Motor Tune Up fo
8877,1-6301,HD BXD KIT
8878,10004B405,F SWIVEL
8879,08929347TUL,GASKET
8880,02094,INNER ASSEMBLY TWIST LOCK
8881,07447,SAND PAD
8882,03-36187-000,ISOLATOR
8883,03-36867-010,ELEMENT
8884,ZSET5U16,ADAPTER
8885,03-40538-006,FUEL WATER SEP-
8886,053-7481,BUFFER PAD
8887,053-9735095,BMR KIT
8888,053-S1817,AIR PLUG
8889,10006B808,FITTING
8890,10008,Power Steering Stop Leak/12x1/
8891,MHPBMP24,BLUE MULE FOAMING GLASS
8892,1000-SLK10141,ASA HLDX STYLE
8893,5639134,Convex Mirror w/Bracket 8.5in
8894,25158244,BRACKET
8895,84730565,BRACKET
8896,M2815,BROWN DUCK ACRYLIC BEANIE
8897,M1210,MACK DEFENSE PINT GLASS
8898,M2655,MACK NIKE DRI FIT
8899,M6400,CAMO ZIPPERED POUCH
8900,22196066,HOSE CLAMP
8901,82054812,NUT PLATE
8902,M8469,Knee Deep In Trouble Poster
8903,MCB206,SUPPORT BRKT-SA
8904,17712C63646,PLC Y Union DOT 3/8in X 1/4in
8905,201-463-8,OUTPUT SEAL
8906,56133800B,Hose Clamp Hi-Torque 7.25-8.12
8907,201-8-35,GEAR
8908,2030X44,INSERT
8909,29501160-143,PAN GASKET
8910,289714P-ALX,QR-1C Inline QR Valve
8911,29558329-WAS,KIT-FILTER 4INCH SUMP
8912,DNP582011,"FUEL FILTER, WATER SEPARA"
8913,BWK122157N,BRACKET ASSEMBLY
8914,SP555298-KP,Service & Complete Air Spring
8915,U30024RUSH,MOUNT-ENGINE REAR
8916,ANCO3120,"ANCO 31 SERIES WIPER 20"""
8917,S-16302,CHELSEA 277 PTO SWITCH-379502
8918,45-B6603-A,WELD ON #10 TUBE ALUM
8919,1-343-010006-SHR,GROMMET
8920,BRE62024HC,1-1/16-2 CLAMP
8921,MOBI530S,MOBIL 1 FULL SYN 5W30 QT
8922,MS-M4690MD,MACK BULLDOG NATION GRET T
8923,10006639,"24x24 1/4"" Black Econo Poly Mu"
8924,56353FSATE,"16.5 X 7 ""ADVANTAGE"""""
8925,T4635,7' X 20' MESH TARP WITH POCKET
8926,HWC00147-END,LOCK NUT
8927,0117BM,B12 16OZ CHEMTOOL
8928,1105-0030-101,STICK HOSE KIT
8929,425-0124AMA,"7/8X80"" CABLE"
8930,562243638GK,James King Guard King Mud Flap
8931,T685,TARP 84X36
8932,T3602,7' X 20' BLACK MESH TARP WITH
8933,571LD601A18-K,TURN SIGNAL
8934,TLEDG4A,Amber LED Replacement for Pane
8935,136100PAI,WASHER SEAL 3963991
8936,143-80473,BTRY CLNR W/DETECTOR
8937,8981917912,MASTER VAC ASM;
8938,8982424211,PIPE;INJ NO.3
8939,8982424221,PIPE;INJ NO.4
8940,10000107,"""Accessory,271,PUSHROD THIMBLE"
8941,11605EP,6 Way Connector Plug
8942,179300315-40SAL,AIR COIL 15 FT 40IN. LEAD
8943,34580P,Toggle Switch
8944,56129510B,V-Band Clamp Breeze
8945,FPAS8864,AIR BAG
8946,386LA8,"CAVITY WAX PLUS AMBER, 18OZ"
8947,90554697FIP,HEIGHT CONTROL VALVE LINKAGE
8948,780745OKC,"LOCK BODY,CYLINDER"
8949,924-8040,Heavy Duty Clutch Actuator Cyl
8950,DAY-6035201,COOLANT RES
8951,DVC-232007,WRENCH-METAL 232/233/243 DAVCO
8952,ATRPB46-26268,Pivot Bushing Anti Walk
8953,8FP-8FP,"1/2"" COUPLING BLACK"
8954,RCSRS200,12 VOLT AIR COMPRESSOR
8955,A32-3299G3959FIP,AY-BRKT-CHAMBER
8956,NPA7655001,LIMITED SLIP ADDATIVE
8957,M5350-3XL,GUNMETAL CAMO HOODIE
8958,DAY-HD1MP,3600AX PALLET PRICE
8959,M7072-LG,NAVY 1/4 ZIP PULLOVER
8960,MAG162621,75W90 GEAR OIL - 16 GALL
8961,DDEA4722021219SATE,"IDLER PULLEY, NON-BRACKETED"
8962,MAS569607P,SEAL PACK
8963,MBT-YAI00013,"2""NYLON ROLLER"
8964,PDC-5100604,V RIBBED BELT
8965,803818OEM,AXLE BRACKET
8966,SNX101,Detroit Diesel NOx Sensor - OE
8967,871704A,"2"" 80G CRIMSON DISC"
8968,22543684,SHOCK ABSORBER
8969,24171403,BELT
8970,24791841,SERVICE KIT
8971,M4649XLVB,HERO OF THE HIGHWAY
8972,MACKM0047,ANTIQUE BRASS KEY RING
8973,3443-8901N,"REAR AIR FAN CLUTCH, KYSO"
8974,2191-R010019,"FUEL FILTER, SPIN-ON"
8975,23845654,SEAL
8976,23888606,FUEL FILTER
8977,500903-01,"Air Bellow, Without Shock Abso"
8978,500913-01,"Air Bellow, Without Shock Abso"
8979,29560655,SPRING COMPRESSION
8980,78615655,FLAP
8981,78707556,WIPER ARM
8982,5526062-YAK,"5/8"" SILICONE HTR HOSE (FOOT)"
8983,562U6510,MUFFLER
8984,45822-143,"3/8"" STUD 4AWG BATT CABLE LUG"
8985,5526075-YAK,"3/4"" SILICONE HTR HOSE (FOOT)"
8986,4410309172-TUL,WABCO SENSOR ABS KIT
8987,5019-143,3/16 UNION
8988,516PUSHLOK,HOSE 5/16
8989,50-2520,HOSE CLAMP
8990,29537965-YAK,"FILTER-SUCTION, SHALLOW"
8991,580070-YAK,"DOUBLE SPRING TENDER KIT 16"""
8992,23938436,WIRES
8993,8116-913127X5FT,4 WIRE CORD
8994,HM103WKC-8-TB,CONTROL TOWER
8995,MD-HBRND131002019VS,CYLINDER HEAD 85022656
8996,672233,AB PUSH-ON UNION 3/16
8997,6722842,AB PUSH-ON 90 ML ELB 1/4X1/8
8998,AS1168-CVL,GUNITE AUTO SLACK ADJ
8999,HMPM-087,HOSE
9000,ITP-25WYS45,54 SPL FULLER TRANS YOKE
9001,LT-325SG3,"SILVER, GEN 3 LIGHT DUTY"
9002,82865,#10 90 SWIVEL
9003,CNG-MB341747,CUMMINS LOGO
9004,6C5E-6RFSX90WKS,#6 90D FITTING REUSABLE
9005,ELIMHSM500LUF,HYRA ELIM KIT W/MUFFLER
9006,86663-143,1/2 HEX NPL
9007,CS35-2,ANGLED ALUMINUM CONSPICUITY ST
9008,JOSA401RG417128,"GEAR LEG 10X10 LO-PRO CFT 17""T"
9009,ETN131008K,PINION. SEAL AND NUT KIT
9010,M1776-MD,USA BULLDOG BLUE TEE
9011,M2638-LG,MACK DEFENSE SAND T-SHIRT
9012,EXCEM23950-ALX,TUBE INJECTOR
9013,K10255GAL,RED HD 50% Coolant/Antifreeze
9014,L1867X4X16,"1/4"" x M16x1.5 DOT FITTING"
9015,GBF-6440,VENT
9016,FAF4569,AIR FILTER
9017,620802001176,5W20 SYN BLEND SUPERGARD
9018,CHL489GSAHX-A3XD,PTO ASSY
9019,LF14000NNFLG109A,OIL FILTER
9020,953470068AW0813,ARM ECON AW 68 HYD PL
9021,96886-143,3/8X1/8P FITTING
9022,CHL5-P-1214X,RATIO GEAR ASSEMBLY
9023,HDXGC3036L,BRAKE-CHAMBER.3036 COMBINATION
9024,CHL5-P-965X,GEAR
9025,HENS-38000,AIR SPRING ZMD ULTRAA-K PVC PI
9026,FNT-135104000001,MIRROR ARM BRACKET
9027,MC0603-P,MACK CHU SET FWD AXL HOOD W/H
9028,650659,FUEL PRESSURE SENSOR
9029,SP32-30-72-7300,TUBING
9030,STL99194EA,STYLUS PRO USB
9031,MS-M2641,MACK RELAX TWILL LAKE BLUE CAP
9032,MS-M6524,MACK GRANITE BK/WHT 1;34 MCNEI
9033,SP-557995,CONVOLUTED AIR SPRING
9034,SP559978KP-ARD,AIR SPRING
9035,QX2020-5,""" Tandem Pump, Steering & Fuel"
9036,HBRN2239250AVS,CYLINDER HEAD CAT HARDENED
9037,SP6-5-4-4011-1X,END YOKE
9038,SP309701-68,CLUTCH-ADVANTAGE SELFADJUST 15
9039,NEB-FLT-1069,DAVINCI 8000
9040,R134A12CAN,FREON CAN
9041,SIK252-521,"AD WHT SIKAFLEX PU, 10.3 OZ"
9042,HDXSX20LCW,SERVICE CHAMBER
9043,NP62-3PDC,3/16 NYLON PUSH LOCK
9044,HM-SDV40-A88,INLET COVER
9045,SP309701-98,CLUTCH ASSY
9046,RF500-10,DIVERTER VANE MACHINED
9047,CHL1-P-629,HOUSING
9048,EL23604FP-AMA,6-WAY PLUG W/SPRING
9049,8CL006,"DEF Doser, Volvo/Mack, Non Air"
9050,BTRETAIN03,SPRING LOK RETAINER COMP.
9051,D1311-8426SD,BRAKE PADS SD
9052,CHL329145-12X,12V VALVE AND CAP ASY
9053,7-244VB,BOLTS
9054,CHL489XQAHX-A3XD,PTO ASSY
9055,A4711802420-TUL,O/PRESS FEED LINE
9056,CRMCC650130-END,CONNECTOR
9057,FA68273,1/2-20x4-1/2 HEX CAP
9058,A9900104300-143,OIL FILL CAP
9059,CCC-CLUK4488CL,CLUTCH K-4488CL
9060,CCCJSK37FSL-END,"""F"""" FONTAINE REPLMNT TOP PLATE"
9061,65146PDC,SHOCK
9062,AB8584,FILTER HOUSING
9063,AS1169-CVL,GUNITE AUTO SLACK ADJ
9064,6722242,AB PUSH-ON 45 ML ELB 1/4X1/8
9065,CHL1-P-552X,HOUSING C/W ROLL PIN
9066,ATF-OR,"DEX II, III, VI"
9067,CHL489GHAHX-A5XK,PTO ASSY
9068,ETSCUFF-18X52BL,"SCUFF, BLK, 5/8X18X52FT"
9069,CHL489XRAHX-A3XD,PTO ASSY
9070,SP6-4-9231-1,END YOKE
9071,MS-M8300MD,GRAY/BLACK TIE DYE TEE
9072,HENVS-33767-2,INFLATION HOSE
9073,QXG60006,Steering Gear / Freightliner
9074,QXG65090,Steering Gear / Kenworth
9075,6722142,AB PUSH-ON ML CONN 1/4X1/8
9076,HM-SDV40-TR88,OUTLET COVER
9077,R134A-12OZKS,R134A 12OZ CANS
9078,LUC-11238,SURE START STARTING FLUID 12X1
9079,ETN011245,LOCK WHEEL BRG NUT
9080,HOLXA-351-A-L-P,TOP PLATE (CCC)
9081,PERM80065OKC,PERMATEX HIGH TACK RTV SPRAY
9082,PH213-16-300,HOSE - WIRE BRAID
9083,HTH1639804-NL,TORQUE ARM ASSY 19.25 ADJUST
9084,PH48F-8-8,CONNECTOR-MALE.NON-SOLDERED JO
9085,717391-999,RED SHRINK TUBE
9086,CHL1-P-469,CASE
9087,NPA737301,1/2INCH SPLIT LOOM
9088,SL640ALP,BEACON STROBE
9089,ODLS,OIL DRY LUBE SQUAD
9090,DRC602-4,DRAIN COCK 1/4
9091,DRYDENE15W40GAL,DRYDENE 15W40 GALLON
9092,MILS1817,"1/2"" MALE PLUG G-STYLE"
9093,SP210866-1X,CENTER BEARING
9094,94609PDC,"TRUCK-LITE Plug, 18 Gaug"
9095,BP103-6-ALX,"3/8"" Brass Coupling"
9096,H84703001FIP,HELLA SOCKET 70 AMP 4 TERM REL
9097,PTC-2,DOT BRASS PUSH TO CONNECT KIT
9098,SP308925-34,CLUTCH ASY
9099,CHL645XAHX-3XX,ADAPTER
9100,HC-6208,AUTO SQUEEGEE
9101,M2435XXL,WHITE & GREY CAMO POLO
9102,MS-M1222,LED MINI MAGLIGHT
9103,MS-M1658,DENIM HEATHER RIBBED
9104,MS-M2323XXL,MENS DOWN JACKET
9105,MS-M4472LG,DOG IS MY COPILOT BLUE TEE
9106,2191-P958671,"AIR FILTER ELEMENT, SAFET"
9107,78794277,RADIATOR GRILLE
9108,29513736109,PTO GASKET
9109,1705384-LOW,9X24X22 IN-FRAME TOOL BOX
9110,24067558,SIDE
9111,1603977PE-143,O-RING CYLINDER
9112,20855815DEX,VOLVO ELECTRICAL DIST.BOX
9113,78714734,FLAP
9114,24010VB,THREAD LOCKER
9115,29558860,BOLT-LARGE HEX FLANGE M10 X 1.
9116,ATRMM9662207HT,"ENGINE INSULATOR, MAIN FR"
9117,23516797,LAMP
9118,24487052,FUEL FILLER CAP
9119,24686773,FRONT FOG LAMP
9120,500010-10-99-00,BLACK VNR with Chrome Tank
9121,4499-323,"KIT, MTG CR FULL PROBLEM SOLVE"
9122,450593POT,ICP SENSOR
9123,436140SAL,PINION SEAL
9124,48030C-BK,MAC VLV CHUTE LOCK W/FITTING
9125,24441475,DEFLECTOR
9126,DNP763995,"FUEL FILTER, SPIN-ON"
9127,5363-143,1/4 PLUG
9128,5502-2-4-CH,FITTING
9129,5811820-999,Hydraulic Filter JCB
9130,611-003625L,R007895L INNER NUT LH
9131,DNP583557,"FUEL FILTER, CARTRIDGE"
9132,LNL129,Simple 90 Degree Adapter
9133,HM-SDV40-K-101,SPOOL DETENT KIT
9134,H10-9007,LED HEADLIGHT HI-LOW
9135,KP150031MSC,"PSH-T-CNT TB FTGS 3/8"" PLUG"
9136,C5305X6,fitting
9137,C5229X5-999,fitting
9138,KW1922496PE,OIL FILTER
9139,JM207010-143,RACE
9140,FTW4471,THRUST WASHER 43QK116A
9141,CE5000-0330,TB-SMOOTH-18X18X36-BARN
9142,CTM-100-270-TCFIP,AIR FLOW SIDE DEFLECTOR BAR
9143,HTST-3F-225-BLK,2.25 HOSE 3FT
9144,K080855-YAK,BELT
9145,M50-6031-71132400,DEF HEATER HOSE ASSEMBLY
9146,M7224,CAMO CHINO CAP W/ BLK MESH
9147,M9111,CAMO MILITARY BACKPACK
9148,949281540DF0813,DRY DIESELALL FLT SB 15W40 PL
9149,BRIG84013,1 GALLON GAS CAN
9150,HDVAW225H-AMA,22.5 X 8.25 HUB PILOT ALUM WHL
9151,FK50P,POLY BRACKET
9152,LIS53200,FILTER STRAP 4-3/4 X 5-3/16
9153,MB6266520,CORNER CAP KIT LH
9154,6447006,5/16 (-6) STRATA FLEX HOSE
9155,NPA05023,BATTERY CLEANER
9156,R899403088,TIGER FLEX HI LITE-SIZE 8
9157,SP-559922KP,AIR SPRING 9922
9158,SPL350XPDC,SPL350 Series Greaseable Unive
9159,NH3700,2X1.5 BUSHING
9160,PHC1-14MRO-S,TEE
9161,PS9016-YAK,POWER SERVICE BIO KLEEN 16OZ
9162,Q21-6007SPB,TEMP SENDER
9163,SP170-28-09269,WELD YOKE
9164,SP100-28-27,WELD YOKE
9165,RTC-P928599100,HARNESS RHUC DPF/SCR
9166,FMP-3943729,FLYWHEEL
9167,HBRN23525566VS,CYLINDER HEAD
9168,QXG85142,Steering Gear / Freightliner
9169,P2-HR4757,TARP TUBE CAP
9170,K3760USTP,EATON FULLER CLUTCH HOUSING
9171,PHC1-14CD-S,FTG
9172,SP35-RPL20X,U-JOINT
9173,MDER6809N,STARTER 38MT
9174,FUL-K3676,CLUTCH HOUSING
9175,SP5-407X,JOURNAL BRG KIT
9176,P65692M01-143,60AM MAXI FUSE
9177,HM-SDV40-K-113,AIR CYLINDER
9178,S-26515,STEERING SHAFT
9179,RFN5349002109,FILLER CAP
9180,7226,COVER
9181,CHL863XBAHX-Y5XV,PTO ASSY
9182,AP0026-VB,Injector Seal Kit
9183,75829-WKS,BLOWER MOTOR
9184,9341-YAK,V-BELT
9185,CHL489GLAHX-A3XD,PTO ASSY
9186,BP103-4-ALX,"1/4"" Brass Coupling"
9187,8CHANNEL,CHANNEL IRON
9188,C5305X8,fitting
9189,960093PAI,HALF ROUND END YOKE
9190,BRS100432,KEY-DOOR/IGNITION
9191,61656-143,3/16 HEAT SHRINK
9192,FA68027,5/16-18 X 3 1/2 HHCS
9193,82716004M,WIPER MOTOR MACK
9194,88234-143,1-1/4 ADELL (P-CLAMP)
9195,BTC-3157A,3157A BULB
9196,C5205X4X4,fitting
9197,CHL28-P-41,PTO - O - RING
9198,CHL3-P-921X,SHAFT
9199,CM230CTPDC,MUDFLAP HANG 2 1/2 W/TAPE
9200,CCC-ROKA173223T1112K,ASSY PINION DIFF
9201,ACT-650006BT,RADIATOR RD223544
9202,AD20FP-20FP,"1 1/4"" COLLAR"
9203,8891104,"BUYERS 5"" AMBER LED STROBE"
9204,SP6-4-8531X,END YOKE
9205,988019,T-690 THERMOKING TOP COVER
9206,AFAA4089544,OIL SEAL KIT
9207,ALCL20-200,GUIDE PIN KIT ADB22X
9208,SW-30,ECO-ABSORBANT
9209,CS1728DGLPDC,S CAM 2210R8156 LEFT
9210,R61709120,FUEL FILTER-RACO/DETROIT
9211,A4722000154-143,COUPLING WATER MANIFOLD
9212,M4851-XXL,BLOOD SWEAT GEARS
9213,M8299-2XL,PINK DIP DYE LS TEE
9214,NVE120-019-367,BEARING NJ308
9215,PRIMGHT14,RED HIGH TEMP TUBE 14OZ
9216,PRODCS-115-516-ALX,"115"" DOOR CABLE"
9217,PRX80016TUL,PERMATEX #2
9218,KIDD440161MTLK,2.75LB FIRE EXTINGUISHER BCFC
9219,SP100-28-17,TUBE YOKE
9220,SP107342-12,CLUTCH AS
9221,H5B6B14SH20DILB,PUMP 25 GPM
9222,KWK37-1029,FUEL FILTER
9223,CHL5-P-1004,GEAR INPUT AB
9224,SP65-28-127,TUBE YOKE
9225,24347061,EXPANDING NUT
9226,M8286LG,MENS WEATHERPROOF BUTTON DOWN
9227,MS-M4647XL,BULLDOG HOOD ORNAMENT TEE
9228,20775731,PASSENGER SEAT
9229,29537066X,GASKET
9230,17475P,BELT 48IN
9231,23-09114-003-TUL,WASHER
9232,24655526,BEZEL
9233,18290-143,18GA YEL PRIM WIRE
9234,340111E-143,STUD
9235,146032-YAK,"32"" 3/8 AIR HOSE"
9236,24692333,SHOCK ABSORBER
9237,057503,3/8 BRASS TEE
9238,VL-113117,VOLVO WRENCH MULTITOOL
9239,WXP-453-048,PHOTO DISK RETAINING CLIP
9240,24793672,COOLANT PIPE
9241,A08216,2 PC STRAP GUIDE
9242,730397PAI,Q21-1041
9243,AAA06382BLB,2X52 STRAP(HPPR DOOR)
9244,PRIM95806,PRIM GUARD RV ANTIFREEZE
9245,JWL1003-GCK,JEWEL HERO WM R/C
9246,8064WKS,PWR SVC 911 64OZ
9247,87510-GCK,M8 THRU HARD STEEL FLT WASHER
9248,GWGN46100-GCK,LG GREEN NITRILE PF GLOVES
9249,SUM-941092,SUMMIT STOOL WITH BACK
9250,PBB16,"16"" WIPER BLADE"
9251,AH7000T-HAY,TURBO GEARHEAD VENT CLIP AF
9252,KIT135-TAS,U BOLT KIT
9253,PERFW41022TUL,3 TON JACK STAND PAIR
9254,PF-00474,"PTC, DOT MALE CON, 5/32 X 1/16"
9255,PH179PTC-8-4,+1/2PTCX1/4MNPT 45D ELBOW DOT
9256,MS-M6341MD,MACK EVERGREEN CREW
9257,MS-M6348XL,MACK NAVY PERFORMANCE TEE
9258,CRK6525,CRKT LANNY SILVER
9259,452-GCK,SADDLE BOX W/STEP
9260,PW169PTCNS-8-8,1/2T X 1/2P PREST. A/B ML ELBW
9261,TR3595995,HUB CAP WINDOW KIT
9262,TR813215SAL,15' 3 IN 1
9263,P-M90,90:1 Motor 2HP 12 Volt
9264,DAY-9047247,CRANKCASE SENSOR
9265,5286-GCK,1/2X1/4 PIPE BSHNG BRASS FITNG
9266,84-30-MM-LOW,7' X 30' MONSTER MESH TARP
9267,MADAPLTR4280,42 X 80 SIGNATURE REST
9268,QX-375-1,NEW/NO CORE STEERING PUMP
9269,MS-M6348XXL,MACK NAVY PERFORMANCE TEE
9270,1314053802376,LOWER GASKET KIT 131405
9271,TGDW12912TUL,TRAILER PLATE 12X12
9272,THUB-C1-113,HUB COVER KIT COMPLETE
9273,WEN2398140,HOSE
9274,TRACTP39000601,COOLANT DYE
9275,056112-5-YAK,HEATLESS BUTT CON 16-14GA (PKG
9276,TRU-FMK-1011,"6PC 3.5"" DROP POINT REPL BLADE"
9277,0625NCMLN,5/8 METAL LOCKNUT CAT 3K-2889
9278,075NCN,2J-3506 3/4 NUT- COURSE THREAD
9279,WK4515Q-23KW,16.5X7 Q
9280,114BV,1 1/4 BALL VALVE
9281,VEL016262120,3/8X1/8 POLY BRASS
9282,091175-5-YAK,ATC/ATO FUSE 5 AMP (5PK)
9283,090176-YAK,"TOGGLE,SPST,ON-OFF,HEAVY DUTY,"
9284,VPHF6855G,OTR AW68 HYD FLUID 55G
9285,020154-YAK,"RED 1/4"" AIRLINE"
9286,08212-GCK,"2""FLUSHMNT PKT LTW/.75"""" HL"
9287,56446250,Bumper Bracket LH Freightliner
9288,10026469-143,BB BRAKE SWITCH
9289,2191-X773038,ADBLUE FILTER KIT
9290,058086-YAK,BATTERY LUG 3/0 GA 3/8 STUD
9291,M-1064,MACK USA FLAG BULLDOG PIN
9292,M3502F,Nalgene Wide Mouth Bottle
9293,48F1212-143,SAE 12 X 3/4 PIPE
9294,28611-143,5/8x3/4 splice
9295,1905-6400-12,12F5OXS 12MB-12MP
9296,2191-P959294,FUEL SPIN-ON
9297,DNP224687,TUBE-10FT 5
9298,1064WKS,PWR SVC 64OZ
9299,5165-TJ20,Q4SP ANTENNA C.B. SING
9300,18010722,Hub Cap 6 Hole 5.563in BHC
9301,M0126,Mack 125th Anniversary Silver
9302,131366,GASKET
9303,SEA17600B,VALVE
9304,88001-GCK,Caterpillar Acert Manifold
9305,BOWAM102-GCK,BOW ALUM-MASTER 10 X 102
9306,571-2356256-1,TE CONNECTIVITY
9307,TS64,TUB O TOWELS HD HAND CLEANER
9308,925169-HAY,SHOCK
9309,M1356-FT,3/4 BLACK NYLON
9310,UKRD3123G8,U BOLT KIT
9311,UKRD7163G8,U BOLT KIT
9312,053-FK334,A/T FILTER
9313,0562SS5001-143,46MM SHOCK
9314,GGS3971,T2070-SEAL & GASKET KIT
9315,GWON46100WF,8MM NITRILE L GLOVES
9316,PAI3800,EKT-3800 57GC186A SEAL
9317,HD189501W,1895 LED WHITE
9318,TRU-ACC-0013,PLASMA LIGHTER
9319,MS-M2832,RETRO BROOKLYN HAT
9320,PERM57535-TUL,SEAL/LOCK CMPD
9321,JAK6100,STANDARD SLIK DISC 32
9322,N20RPL-SLIP,RPL20 KIT
9323,PR9B-U,PIVOT BUSHING
9324,S-23116FT,1/4 AIR LINE BY FOOT
9325,5060560DY,AC BELT
9326,PUR101VUSA-TD,16.5 X 7.00 DRUM 56864B/3922X
9327,121316PAI,ORING 3678724
9328,TE84055,BRASS FTG
9329,PRESAF850,PRESTONE DEX-COOL READY TO USE
9330,R134A-ARD,R134A 30LB JUG
9331,QXG100PMT,NEW M100PMT
9332,11142-LOW,EXTERNAL RING
9333,NEB-FLT-1038-HAY,FRANKLIN FLEXBRITE
9334,NEB-HLP-1010-HAY,MYCRO 250 2-PK
9335,TRMFHREFA1412SAL,135 DEGREE MUD FLAP REFECTORS
9336,13720-LOW,50 AMP CIRCUIT
9337,TRQF311-OKC,BLACK POLY QF SET 24X24 QF1900
9338,SH66437,SHOCK MONROE
9339,SP1402PE,SPRING PIN
9340,UF106-116,UREA FILTER
9341,SWH-ST01,DOOR HINGE STO ALU 3-HOLE R04-
9342,13600TUL,crankshaft seal
9343,05-17223-003-IDT,RAD CAP 16PSI
9344,CLE11161,"Wiper Blade 16"" Sentinel"
9345,L53AP,"""LED Beacon, SAE Class 3, Perm"
9346,925017-HAY,SHOCK
9347,M2467-LG,MACK NAVY 1/4 ZIP
9348,MG-MONBB,GLASSES MONTEREY BLACK BLACK
9349,5532-END,CRC AIR BRAKE ANTIFREEZE 32OZ
9350,DAY-59610,LEAF SPRING PETE B81-6033
9351,D-RING,STAKE POCKET D-RING
9352,CUM5259180,INJECTOR CLAMP
9353,HD315723W,3157 23 LED WHITE
9354,MC16PM,"""Mini Century™ Lightbar 16"""""""" w"
9355,5800AA-TUL,5800 SERIES LAMP
9356,FRST12W,FRAM STEP
9357,K080808-TUL,BELT
9358,LP96,O RING ASST
9359,FULK4295FIP,TRANS WIRING HARNESS
9360,M-2832,RETRO BROOKLYN BLK CAP
9361,6898-3239-13,"13"" CONSOLE BASE"
9362,DDEA0111531228,SOOT PARTICULATE SENSOR 12V DD
9363,EM24670,FUEL LINES
9364,BOWAM96-GCK,BOW ALUM-MASTER 10 X 96
9365,DEKA00575-TUL,CNVRSN POST TERMINAL
9366,HD21FOGH11,"H11 (H8, H9) FOG LED WHITE"
9367,84315-143,45DEG 1/2P X 5/8T
9368,BWP-M4270,TIE ROD END
9369,GWON48100-MSO,ORANGE GLOVEWORKS XL
9370,8HL,SS LINER HOSE CLAMP 5/8 X 1
9371,BWP-M3386,CLEVIS
9372,620800-LEW,1/2X1/2 PUSH LOCK DOT
9373,5346-OKC,CRC/ICE-OFF
9374,9-12223,CUT-OFF WHEEL 3X1
9375,HU4D,TORQUE ROD 20-1/4 - 22-3/4 34
9376,M133,L/H INNER ALUM.NUT
9377,M2829,GREY ALLENTOWN ROPE CAP
9378,M3170R,CAMSHAFT
9379,1372810,Bendix Type Slack Adjuster 5.5
9380,12328260801,Camshaft LH
9381,150T1107S3,Outboard Mount Hub Assembly
9382,170VR9SAP,Air Rocker PTO APSCO
9383,170107800,AD9 Type Check Valve 1/2in NPT
9384,170227870,SC1 Type Single Check Valve 3/
9385,1700013,Stop Light Switch
9386,170AVC195T13AP,Control Console Assy 13in AV19
9387,177101450P,Poly Split Loom 1/4in ID - 50f
9388,17713B156A,Brass PLC Male Elbow 3/8 X 1/8
9389,17713B6810C,Brass PLC Male Connector 5/8 X
9390,1775020,Nylon Tubing Cutter
9391,1775013,Nylon Tubing 1/2in OD X 100FT
9392,1777260,Air Hose Assy 3/8in 3/8in Pipe
9393,17712C694A,PLC Swivel Male Elbow DOT 1/4i
9394,1774037,Shutoff Cock Male-Female 1/4in
9395,17782512D,Hose Fittings 3/4in Barb X 1/2
9396,177103825P,Poly Split Loom 3/8in ID - 25f
9397,17713B6212,Brass PLC Union 3/4in
9398,17714724A,Male Branch Tee DOT 1/4IN x 1/
9399,1779112B,Close Nipple 1/4NPT
9400,566CT64534,Continental Air Spring Double
9401,566CT64689,Continental Air Spring Rolling
9402,56454024,Bumper White Hino
9403,56462028,Side Marker Lamp LED Mack
9404,562U4590E15A,Exhaust Elbow 5in 90 Deg ID-OD
9405,562U5436SA,Aluminized Stack 36in Length 4
9406,566CT65387,Continental Air Spring Rolling
9407,56108275,Silicone Hose Hi-Temp 2.75in x
9408,561230375B,HD T-Bolt Clamp 3.75in to 4.06
9409,561230456B,HD T-Bolt Clamp 4.56in to 4.88
9410,56359030C,Mirror Cover LH Chrome Kenwort
9411,56446012,Fog Lamp LH Freightliner
9412,566CT64382,Continental Air Spring Rolling
9413,5629150,Fender Mount Kit For Full Roun
9414,56446302,Bumper Receptacle Freightliner
9415,463DS5566,Drag Link 28.125in C to C IHC
9416,562FR1010C,Axle Cover Complete Set Chrome
9417,56299010SWCB,Steering Wheel Cover Black/Blu
9418,463DS9831,Cross Tube Assembly
9419,562MF612,Dash Fan Metal 6in Dia 12V
9420,562U3305SS,Exhaust Clamp Guillotine Type
9421,2101919,Socket Wrench 4-7/8in 8PT
9422,2101922,Socket Wrench 2-5/8in 6PT
9423,2101940,Socket Wrench 4-1/8in 8PT
9424,2102033D,Deep Impact 33mm DR Socket 1in
9425,562U724025G,Flex Tubing 4in X 25ft Galvani
9426,562U75166048R,Exhaust Slider Clamp Assy Pete
9427,1782070,Wire ABS Trlr Cable 12/4-10/2-
9428,56129525B,V-Band Clamp Breeze
9429,460530E,King Pin Kit Rapid No-Ream
9430,179301115-40,ELECTRIC CABLE ABS 15FT W/40IN
9431,179304115R,Rubber Air Line Red Emergency
9432,1795010,Air Chamber Bracket
9433,56162690,"""CAC Hose Cold Side - Mack 3.3"
9434,179SC16A,Service Chamber Type 16
9435,18010629,Hub Cap w/o Side Fill Plug
9436,56446077L,FOG LIGHT LH
9437,564461046,Fender RH Freightliner P3
9438,562052424,Anti-Spray Nyracord 24 x 24 x
9439,562U45STA,Exhaust Splitter Tee 5in
9440,562A4001C,Chrome Steel Push On 1-1/2in
9441,56346043,Mirror Black Freightliner 8in
9442,5639005,Convex Mirror w/ Bracket 8.5in
9443,562A4032ABX10,Chrome Plastic Thread On M22x1
9444,562B1402CBP,Front Hub Cap 4 Notch Chrome
9445,56129488SP,V-Band Clamp Spherical
9446,562U5518SC,Chrome Stack 18IN Length 5in O
9447,465ZF04,Power Steering and Fuel Pump
9448,1815X2728,Pinion Seal Kit Drive Axle
9449,2011003L,Inner Cap Nut
9450,182SKF403,SKF Bearing Set 594A/592A
9451,17930171540,Electric Cable ABS 15 FT Seale
9452,179304015R,Rubber Air Line Red Emergency
9453,179DT9,Diaphragm Type 9
9454,2016106L,Wheel Stud
9455,1782013RD,Cable Batt Harness 2/0 7in Red
9456,1785303HS100,Butt Conn 12-10 GA Heat Shrink
9457,2034006,Rim Stud
9458,2092215,Washer
9459,1785302HS50,Butt Conn 16-14 GA Heat Shrink
9460,17967072B,Socket Boot 7 Pin
9461,1791017,Trailer Socket 7 Pin
9462,179SC24DB,Service Chamber Type 24 Disc B
9463,571LD362AW2,Marker Light Auxiliary LED Amb
9464,571LD401RA14,Dual Color Light LED 4in Red/A
9465,571LD40A101,F/P/T Light LED 4in Amber 10-D
9466,571LD506R42,S/T/T Box Light LED Metri-Pack
9467,5731004,Placard Holder
9468,7502101211X,Center Bearing
9469,573HACB1,Cargo Bar 89-104in Aluminum 2
9470,566ER8864,Econoride Air Spring Rolling L
9471,57755508,Crankshaft Position Sensor IHC
9472,57796504S,Coolant Level Sensor Short Vol
9473,571H9003HE,Hella Halogen Capsule 9003/HB2
9474,571LD10R4,Marker Light LED 2-1/2in Red
9475,577A7130300,ABS Sensor Extension Wabco Typ
9476,577AMF5,Mini Blade Fuse 5 Amp - 5pk
9477,571G1003L,Use 571.G1004L
9478,571H11HE,Hella Halogen Capsule H11 12V
9479,577756970,Speed Sensor Harness Paccar
9480,571LG16L,License Light
9481,571LG162LB,License Light w/ License Plate
9482,577ABF3,Blade Fuse 3 Amp - 5pk
9483,571LD10R13,Marker Light LED 2-1/2in Red
9484,571LD151L3K,License Light Kit LED
9485,571LD25AR38R,Pedestal Light Square Double F
9486,57240733,Oil Filler Cap 1.875in
9487,571LD60R40K,S/T/T Light Kit LED 6in Oval R
9488,573NRCB12,Ratchet Chain Binder 3/8in-1/2
9489,573JCP1,Corner Protector 4in Length
9490,577A4410321840,ABS Sensor Kit
9491,569CT68161,Continental Air Spring Cabin
9492,571LD161L22,License Light 1in x 2.5in 2-Di
9493,57775602,Toggle Switch Peterbilt
9494,571LD405R10,S/T/T Light LED 4in Red Male 3
9495,571LD26R13,Marker Light LED 2in X 4in Bul
9496,577CB1014,Spring Base for CB Antenna
9497,571LD352A5,Marker Light LED 3/4in X 4in P
9498,5791061K,Clutch Installation Tool Kit
9499,A83130,Gabriel Shock Absorber
9500,961273OE,Single Leaf Z Spring 52227
9501,82062645GK,EGR Cooler Parts Kit
9502,820B62373P,EXHAUST BELLOWS KIT MACH PREMI
9503,820F621269K,DPF Mack MP7
9504,83031103,Air Conditioning Compressor ET
9505,83031050,Air Conditioning Compressor 7H
9506,8154100630,Continental V Serpentine Belt
9507,8154100780,Continental Multi V-Belt OE Te
9508,81649586,Continental Elite Tensioner As
9509,8154060610,Continental Multi V-Belt OE Te
9510,81649603,Continental Elite Tensioner As
9511,818384000808,UT Fitting #08 Hose - #08 Dual
9512,8154060620,Continental V Serpentine Belt
9513,KP155KA,Sliding Coiled Air Hose Kit Ma
9514,KP351AL,Rebuild Kit LH
9515,HLK7044,Washer Pump Freightliner
9516,F118700GR8,Equalizer Bolt GR8 Hutch
9517,HLK1052,Hood Latch Mack
9518,KP7501320,Lever and Handle Kit JSK37F-H
9519,HLK2017,Hood Latch Bracket LH Mack
9520,LN107,Lock Nut ST 1in GR C
9521,M13353UB,Hood Bumper Poly Peterbilt
9522,HLK2021,Hood Latch Bracket Ken-Pete
9523,HLK2169,Hood Cable Kenworth
9524,KP129,King Pin 2in Holland
9525,BP200,Bar Pin Assembly Hendrickson
9526,ABSZ70055,Air Spring Cabin
9527,AB1DK23K9466,Air Spring Rolling Lobe
9528,AUBK8866164,U Bolt Kit 7/8 X 5-1/4 X 16-3/
9529,AUBK5161154,U Bolt Kit 7/8in X 3in X 15in
9530,ABSP2B12RA6943,Air Spring Double Convoluted
9531,AB1DK10A-9912,AIR SPRING AFTERMARKET
9532,AB1D28G9144,Air Spring Rolling Lobe
9533,A89424,Gabriel Shock Absorber
9534,MN94591,Swing Align Yoke Neway
9535,MCB725,Center Bolt 1/2in X 12in
9536,MHS191,Slotted Roll Pin Hendrickson
9537,MHT2878OE,Tire Hose 15.5in Straight Hend
9538,MHS79K,Rebound Roller Kit Hendrickson
9539,M17528,Motor Mount Mack
9540,M5414,Spring Bolt 20 -2.5 X 150mm Ch
9541,M203074UB,Cabin Mount Poly IHC
9542,M6010,Equalizer Bolt 7/8in - 9 x 4.7
9543,M1487,Spacer Block Dowel Pin Mack
9544,M1198,Hanger Ford
9545,M13415AKUB,Lower Hood Bush Kit Poly Peter
9546,M203142,Curved Windshield Seal 2 Pc Ke
9547,M8284,Spring Seat 5in RND Axle 3/4in
9548,MVT4,Load Spring Volvo
9549,NEP60675,U Joint - 1710 Series - HR Typ
9550,PHI1296444,Union Tee PLC QWIK-FIT 1/4in T
9551,TMR1339,Torque Rod 21.375in Autocar
9552,PRX27100CTNBGC,THREADLOCKER RED
9553,PHI173000,Tracker Bar Extension 3/4in X-
9554,PHI302171,Airpower Assembly 3-in-1 LECTR
9555,MV27027,Motor Mount Volvo
9556,MSB506LUB,Trunnion Bushing Poly Mack
9557,PHI1290066,Bulkhead Union PLC QWIK-FIT 3/
9558,4089759,"KIT,LOWER ENGINE GASKET"
9559,4088832,"SENSOR,TEMPERATURE"
9560,TRK5544A,Repair Kit-Late Model-Hutch
9561,Z954,Multi-Fit Shims
9562,4890926,"SEAL,O RING"
9563,4890832,"SEAL,OIL"
9564,4383933,"SWITCH,COOLANT LEVEL"
9565,4389508,"ADAPTER,EXHAUST OUTLET"
9566,43463-A,"SEAL,O RING"
9567,4312012,"BREATHER,CRANKCASE"
9568,4313732,"HEAD,FUEL FILTER"
9569,4310621,PROOF OF CORRECTION CERT.
9570,4960180,"SEAL,CORROSION RESISTOR"
9571,4965065,"CLAMP,HOSE"
9572,4940183,"UNION,MALE"
9573,4975069,"GASKET,OIL PAN"
9574,4943708,"TUBE,EXH CLR WATER OUTLET"
9575,4985562,"GASKET,GEAR HOUSING"
9576,5338295,"SEAL,OIL"
9577,5290118,"CLAMP,V BAND"
9578,5406112,"KIT,MAIN BEARING"
9579,5282158,"PULLEY,FAN"
9580,5473265,"KIT,INJECTOR REPAIR"
9581,5567138,"TUBE,BREATHER"
9582,5579370,"KIT,PARTICULATE FILTER"
9583,AF27706,"PAC, AFR"
9584,FF5172,"PAC, FF"
9585,FF63054NN,"PAC,FF"
9586,CC2836,ES COMP PG
9587,200398,"HUB,SPLINE COUPLING"
9588,145582,"SEAL,O RING"
9589,2871863,"CLAMP,V BAND"
9590,2872468,"SENSOR,TEMPERATURE"
9591,2880212,"CLAMP,V BAND"
9592,2881766,"KIT,LOWER ENGINE GASKET"
9593,2883151,"CORE,WATER PUMP"
9594,3043647,"SCREW,HEX FLANGE HEAD CAP"
9595,3067979,"CLAMP,V BAND"
9596,3058432,"TUBE,OIL GAUGE"
9597,3052198,"SCREW,SELF TAPPING METAL"
9598,3029631,"CLAMP,V BAND"
9599,3330538,"SEAL,O RING"
9600,3099200,LAMP
9601,3100109,"RETAINER,GEAR"
9602,3104229,"GASKET,EXH GAS RCN VALVE"
9603,3406949,"HEAD,LUB OIL FILTER"
9604,3527184,"SCREW,HEX FLANGE HEAD CAP"
9605,3529372,"NUT,REGULAR HEXAGON"
9606,3800617,"KIT,SEAL"
9607,3899343,"GASKET,TURBOCHARGER"
9608,3899798,"ISOLATOR,NOISE"
9609,3680750,"SCREW,FRACTURE RESISTANT"
9610,3685124,"SEAL,O RING"
9611,3687030,"TUBE,FUEL TRANSFER"
9612,3896408,"SCREW,HEX FLANGE HEAD CAP"
9613,3689076,"CONNECTION,WATER INLET"
9614,3896837,"SEAL,DUST"
9615,3694910,"SEAL,O RING"
9616,3683068,"COUPLING,PLAIN PIPE"
9617,3686406,"SOLENOID,ENGINE BRAKE"
9618,3687291,"BELT,V RIBBED"
9619,3969044,DIPSTICK
9620,3944679,"SCREW,CONNECTING ROD CAP"
9621,3944655,CABLE SEAL
9622,3918607,"HOSE,ELBOW"
9623,3918174,"GASKET,OIL COOLER CORE"
9624,3899757,"SCREW,HEXAGON HEAD CAP"
9625,3901865,"SCREW,HEX FLANGE HEAD CAP"
9626,3921440,"GASKET,INT MANIFOLD COVER"
9627,4024883,"KIT,SEAL"
9628,4026171,GASKET FUEL PUMP
9629,3975818,"CORE,COOLER"
9630,77813,MEDIUM PROFILE CLASS II LED ST
9631,320191,VALVE
9632,4605,BATT TERM PROTECT
9633,MC810636,"**LUGNUT,RH,30MM"
9634,MF434104,"**NUT,FLANGE,8MM"
9635,ME151039,O-RING 138
9636,ME240010,OIL SEAL
9637,MH000392,**BOLT EXHT 8X12
9638,MH001232,"BOLT,ROCKER COVER"
9639,OTK5060,Oil Test Kit
9640,327-208,Spring Pin
9641,10001481,SVL RING & PINION
9642,060100,"COVER,REARSEAL"
9643,210370-1X,CENTER SUPPORT BRG
9644,2-3-8001KX,SLIP YOKE ASSY
9645,118806,NUT
9646,20497219,SENSOR
9647,20874675MVP,FAN BLADE
9648,2060640-999,D Ring
9649,S4080001K026,KIT CROSSMEMBER BRACE
9650,24399920SAL,DEF HARNESS
9651,25-677X-HAY,U-JOINT
9652,25-210121-1X-HAY,CENTER BEARING
9653,20851842,IDLER PULLEY
9654,TDAR005986R,WHEEL STUD
9655,20700602,DECK PLATE
9656,SPRW629,VALVE
9657,TL10725,DEFLECTOR
9658,20719822,BRACKET
9659,09016-09,BIO KLEEN-BIOCIDE 16OZ
9660,20424051,SWITCH
9661,20914758,WIRES
9662,20504754,U-BOLT
9663,20735362,LAMP
9664,STM4474723,NUT
9665,LOC80078,GREASE
9666,1070124,CONNECTION PIECE
9667,TL9071,LENS KIT
9668,20530914,SLEEVE
9669,20533953,BRACKET
9670,1096172,LOCK
9671,SP128C20,BUSHING
9672,20379593,KNOB
9673,20470604,SWITCH
9674,RAIR90T,FILTER
9675,TDAKIT9034,CAM BUSH &SEALS
9676,23240847,SEAT BELT
9677,23031675,TAB
9678,23863700,BRAKE HOSE
9679,21843006,HOSE
9680,21876101,WIRING HARNESS
9681,22090434,CLIMATE UNIT
9682,21332030,BRACKET
9683,112797-20-68-XXL,VOLVO 1832 TEE SHIRT- XXL
9684,23428911,CONNECTOR
9685,20441353,GASKET
9686,20446086,BRACKET
9687,21780553,SWITCH
9688,21628919,STORAGE SHELF
9689,24071071,PANEL
9690,1549407,HUB
9691,22591168,LOUVER
9692,22595403,LINK ROD
9693,24167356,SWITCH
9694,21697342,VALVE
9695,23159761,SHOCK ABSORBER
9696,OSR561,BULB
9697,02-7076562,SEAL CLAMP
9698,22996396,HANGER
9699,23216370,WIRES
9700,22324328,FLOOR MAT
9701,20501214,FITTING
9702,22392577,SWITCH
9703,20519019,EXTENSION
9704,24077083,CONTROL UNIT
9705,3684359C,GASKET
9706,3099213,WIRING HARNESS
9707,20941706,AIR DEFLECTOR
9708,TL40002R,LAMP
9709,21623654,DOOR PANEL
9710,SP17046711X,END YOKE
9711,SP5103X,U-JOINT
9712,MON65490,SHOCK ABS.
9713,TRBSET428,KIT
9714,3098643,VALVE
9715,OSR1157,BULB
9716,21279592,NUT RETAINER
9717,TDA1250E473,PLUG
9718,3082511,NUT RETAINER
9719,23520410,OIL PAN
9720,23521660,PANEL
9721,3093236,O-RING
9722,23593814,TELEMATICS CONTROL UNIT
9723,23658092,OIL FILTER
9724,3945498,MUDFLAP
9725,84721952,SUPPORT
9726,83176177,WIPER BLADE
9727,85142174,CABLE SEAL
9728,FULA4740,VALV
9729,DNP153551,ELEMENT
9730,82744669,FRONT FOG LAMP
9731,85104198,BRACKET
9732,DNP537876,AIR PRMY RS
9733,BSM867884,"KIT,RESISTOR RELOCATION"
9734,DNP119325,NUT
9735,HOHXA351ALP,HEAD
9736,85114836,SEALING RING
9737,84744585,GRILLE
9738,BW277147N,PRESS PROT VLV
9739,85152368,BEARING
9740,BW802320,BRAKE CHAMBER
9741,FGFS1212,FUEL FILTER
9742,84810280,MATTRESS
9743,85151069,HOSE
9744,82730919,BRACKET
9745,8397015,FLANGE SCREW
9746,82735347,SUPPORT MEMBER
9747,82744293,BRACKET
9748,FUL17399,WEAR RING
9749,FUL21246,BUSHING
9750,FUL18209,PLUG
9751,82749430,CHASSIS FAIRING
9752,82752225,SUPPORT
9753,GRO44810,FLASHER
9754,FUL4302248,GASKET
9755,84169528,HANDLE
9756,CHR28758,OIL SEAL
9757,82782637,DOOR
9758,84716734,PIPE SET
9759,84721185,BRACKET
9760,85108334,KIT
9761,84731759,HEADLAMP
9762,DNP552020,FILTER
9763,BSM1000044188,MOTOR 12V CWSE
9764,FUL4303603,WASHER
9765,82793456,FRONT FOG LAMP
9766,FUL4308398,BEARING
9767,BDPW169PTC66,DOT MALE ELBOW 90 - SWIVE
9768,FULX14800,BALL
9769,83601-3202,HEADLAMP
9770,85150478,EVAPORATOR
9771,CHR43764,SEAL
9772,942327,BULB
9773,85107778,WASHER
9774,82723450,CLIP RETAINER
9775,82729016,EXTENSION
9776,82741340,BUMPER
9777,82749447,CHASSIS FAIRING
9778,82789506,SUPPORT
9779,FUL240321,GASKET
9780,83176248,ANTENNA
9781,BW289148N,PRESS. PROPORTIONING VALV
9782,8189805,CLOSURE
9783,82219174,STEERING COLUMN COVER
9784,82713825,BRACKET
9785,82438221,LOCK
9786,3979593,FILLER CAP
9787,8079640,FITTING
9788,3176486,SILL MOULDING
9789,421523,PIPE
9790,8084914,ELBOW NIPPLE
9791,3949998,O-RING KIT
9792,8169759,"ANTENNA CB PANACONIC-24"""
9793,471637,SEALING RING
9794,701092,SEAL
9795,3980557,HAND LEVER KNOB
9796,3980627,SLIDE STRIP
9797,70310148,SENSOR
9798,82342460,WIRES
9799,BWK073199,DEVICE-ADJUSTING
9800,MUN16TA3803,AIR COVER 1&4
9801,MHPBBHC1P,BUBBAS BEST HAND CLEANER
9802,LBFL7420F,LUBERFINER FUEL FILTER
9803,LOP10966,COMPLETE FUEL SYSTEM RENEW
9804,MBL122207,50 WT TRANS OIL
9805,PEN3932,32 OZ PENRAY HD PS FLUID
9806,PNSTTL4BK,"ANTENNA, CB, BLK,KIT, DUA"
9807,PWGH2247SC,GLACIER HEAVY TRUCK- CAM
9808,PHT3500115,ENGINE HEATER - 1500W 120
9809,PH222P66,3/8 ADAPTER
9810,RCCON1426,CONDENSER
9811,RCMF2430C,FLAP 24X30 PLAIN RUBBER
9812,RCOR11299,ORING KIT - MACK/VOLVO
9813,RCOR11099,ORING KIT - SINGLE JOB
9814,SNV421171,"RECEPTACLE, ZINC, 2-POLE"
9815,RCRD11109,RECEIVER DRIER - OEM
9816,RCSTT45R,"TLLT 4 SEALED, RED, POLY,"
9817,SNV451068,"NYL TUBING, J844, 0.188 I"
9818,SNV422407,BOLT100/B
9819,RCCML56AL,"LED M/C, 2 1 DOD, AMB, PO"
9820,RCEVA1216,EVAPORATOR
9821,RCPT45W,PGTL FOR WTHRTGHT LED LGH
9822,SNV451034,"NYL TUBING, J844, 0.75 IN"
9823,STM3930473,"OIL SEAL, DISCOVER XR"
9824,STM3404075,CAP
9825,IS98084,BLK PIPE FIT 3/4 SQ PLUG
9826,IS93400,MED PRES HO H06904
9827,ATRPL1187,TRAILING ARM BUSHING
9828,ATRHL5564C91,HOOD LATCH KIT
9829,ATRPL1049,"TORQUE ROD BUSHING, OVERS"
9830,BD23632,H S TUBING DW W/LIN 1/4X6
9831,BD10838,"ELBOW, 45DEG STREET, BRAS"
9832,2299013PE,CRANKCASE FILTER
9833,2164463PE-134,"FILTER,FUEL"
9834,2234864PE,TENSIONER
9835,23012946,SPRING
9836,2244535,SENSOR GP-PR
9837,2400962,RADIATOR
9838,235012SE,STRAP E TRACK
9839,222032Y,10 DIODE AMBER OVAL SIDE TURN;
9840,26-PB,PB BLASTER
9841,23506325,HOSE
9842,2252-2DPB,spliter
9843,249-119517,UPPER ARM 90
9844,261-3816,OIL PAN GSKT
9845,243-BAV020TD,AIR SWITCH
9846,2180879PE,THERMOSTAT
9847,2277129PE,PACAR FILTER
9848,24712N672SAL,FEMALE SWIVEL
9849,277-200-20R,STATIC REEL
9850,274-123-013-001,BOLT SEAL
9851,29542941,"SPRING-HELICAL COMPN, GROUND E"
9852,270WHD,3/8 DRAINCOCK
9853,29542976,"O-RING-CUSTOM, VITON, SOLENOID"
9854,277-HU10H,BOLT
9855,277-HU5AW,TOP PLATE
9856,22-912,"AIRSPRING SPACER, 1.875 THICK"
9857,29531049,PLATE-C3/C4 CL FR
9858,233983-P,7/8 X 80 W/PEAR RING
9859,BD7501,"TAPE, FRICTION, 3/4 X 60"
9860,344210,5/8-11 FLANGE LOCK NUT
9861,3686707CUM,EXHAUST CONNECTION
9862,3-5X3,SHIM
9863,401349FIP,LIFT AXLE CONTROL VALVE
9864,29549684,TRANS PAN GASKET
9865,405000-01,CURTAIN REPAIR MATERIAL
9866,319-5622101,2 RED MARKER-LED
9867,3S2713,NUT
9868,3750X4,PIPE TEE
9869,29552364,SWITCH ASM
9870,373908,WASHER
9871,31-22SAL,"22"" WIPER BLADE"
9872,3411429,SEAL-PIP
9873,3431-AM,CABLE EYE
9874,2W1733,SEAL GROUP
9875,6449,AIR FILTER
9876,489XFAHXA3XK,PTO
9877,51031,"""SET,WIRE"""""
9878,57499,1/4CONNCT BRASS UNION
9879,640045,SCREW ASSEMBLY
9880,5P5598,SEAL-O-RING
9881,5P8066,SEAL
9882,621268,RECTANGULAR SEALING RING
9883,5590CAB-VM,"""LED MINIBAR, 8 HEAD, NM-24VDC"
9884,5290,3/8 PIPE COULPER
9885,5605-04-04-04,FP x FP x FP - Female Pipe Tee
9886,62406012,CLAMP
9887,625776002169,MYS JT-8 SHD SYN BLEND 15W40
9888,50-25418-01P,"ISM,N14,M11 PLUG"
9889,62020,GAS INJECTION VALVE
9890,754-K181265,WHEEL SENSOR
9891,65KU46,5188 LOCTITE GASKET SEALANT
9892,6V3251,SEAL O RING
9893,6V8197,BOLT
9894,6V5050,SEAL-O RING
9895,663303002001,MYSTIK JT-9 LEAKSHIELD AW/AL H
9896,700-4-481-ALX,UNIV WING PLATE PEN02-30
9897,75R5834,ADAPTER
9898,7028B-YAK,STEEL STRAP WINDER
9899,681127,"KIT,MANIFOLD,EXH."
9900,7003,KNURLED BAR
9901,70801005,Adv Tech Support Lev II
9902,5207-0000,"LAMP, 3X3 LED"
9903,7335753,U-BOLT
9904,62008,CLAMP
9905,665006002072,MYSTIK JT-6 MP #2 120# FOH-L
9906,6815440503,DOUBLE PLUG REAR TAIL LIGHT
9907,7015504AT,SHAFT
9908,68185796AC,STEERING TI ROD ASSM
9909,3220X6X2,"""FITTING,BUSHNG"""""
9910,3M7515,"ROLOC BUFF PAD 2"" BLUE"
9911,419955,A/C FLUSH
9912,424-200-175,"""COUPLER HUB E20 1 3/4"""""""" BORE"
9913,29558329,FILTER
9914,31-16,WIPER BLADE
9915,3126-285-5401,FUEL SENDER
9916,3-5X2,SHIM
9917,401262,"4-Way Push-Pull Valve, 2 Posit"
9918,3152X2,1/8 HEX HEAD PLUG
9919,319-5624210,"4"" AMBER LIGHT"
9920,995113,ELECTRONIC VALVE 12V 3/8
9921,A4969,AIR BREATHER
9922,15702-143,MDL 15 FLUSH MOUNT GROMMET
9923,16083120,BRASS PIPE HEX 1/2MX3/8F
9924,9X2364,IN HOSE STK
9925,7787-1001272970,CAB FILTER
9926,90541,DRN COC FIT 145
9927,892873,VALVOLINE ALLTERRAIN 15W40BULK
9928,846258,ZEREX NITRITE 50/50 RTU BULK
9929,AD12FP-12FP,FP X FP
9930,AD16FJCAP,FEMALE JIC CAP
9931,AD16MP-16FP45,MP X FP 45
9932,AA00654,SNAP RING
9933,AD12MJ-12MP90,ADAPTER
9934,CABR19508,FILTER ONLY
9935,AW32,HYD FLUID
9936,C0107-SA,DPF
9937,BUSATC10,10AMP FUSE
9938,C1123A-R,"23-7/8"" S-CAM, 1-7/8"""" BORE, RI"
9939,CCC-CLU127740,TORQUE LIMITIN
9940,B12FEE,BATT FEE
9941,CI20MP,25 PSI FILTER GAUGE
9942,AS9096,CONTITECH AIR SPRING 64292/1R1
9943,CNM10080762,DISC BRAKE ROTOR
9944,ASET445-410-ALX,BEARING SET HM518410/HM518445
9945,BWPM1046,LOCK CLIP
9946,ANC-4356310,WINCH-STANDARD BOTTOM MOUNT
9947,APP03347JK,TRAILER LIGHT AMBER
9948,CAC40-400X6,"HOSE, CHARGE AIR BELL HOT6"
9949,CRC05023,CRC BATTERY CLEANER 11OZ
9950,2520253C1,SENSOR
9951,D1169X12X12S,BR 1100 DOT 3/4 TUBE-3/4 MPT90
9952,D61-1012,STARTER-PACCAR
9953,B92260350,CLAMP
9954,289714PDC,QR-1C Inline Quick Release Val
9955,AD2FP-BCAP,"1/8"" BRASS CAP"
9956,A4916W,FENDER GALB
9957,AFLSYNGEAR50WPL,ALL FLEET SYN GEAR 50W PL
9958,86662,3/4 X 1/2 PIPE BUSHING
9959,84328,COMPRESSION NUT 1/2
9960,7821111,25 AMP FUSE
9961,91271,A/B ML CONN 5/8 X 1/2
9962,805064CS,EXHAUST MANIFOLD KIT
9963,8832-B4,CK K-KLEEN 50 4/1 GL/CS
9964,8081GG,GRILL GUARD
9965,9232,#32 SILCONE CLAMP
9966,8834,Sealing Kit
9967,84273,5/8X1/2 AR BRK MALE CONNECTOR
9968,949677590GE0810,DRY GEARALL ELITE 75W90 DR
9969,HU10N,EQUALIZER HARDWARE KIT
9970,JOHN6752FMT,STARTING FLUID
9971,K1871X8,DOT FITTING
9972,FA68038,3/8-16 X 2 1/2 HHCS
9973,HM0001-25P,BLACK BUMPER
9974,FA68407BGC,3/4-10 HEX NUT
9975,HC-191Y,10 YELLOW BRUSH
9976,HC-FE120,5X10 HANDLE
9977,K3217,IDLER SHAFT KIT
9978,FURK2921,GASKET KIT FRO
9979,HD20,Brk Drum - Air
9980,FSC-0373,EXHAUST BOLT
9981,G1-1224,WIRE ROPE CLAMP 7/8
9982,FKT5149PAI,"KIT, TRUNNION"
9983,LCR230FH,2X30 FLAT HOOK RATCHET STRAP
9984,FL1042,FR CAS SIDE FR FAIR LH 07 UP
9985,LUC-10279,ENGINE OIL STOP LEAK/4X1/GALLO
9986,LED0700C-BLT-ALX,CLEAR LED COMPACT
9987,M4605,GREY MACK LOGO TSHIRT
9988,FA88439,1/2 THRU-HARDENED STEEL FLAT W
9989,M90070Y,"7"" AMBER WA"
9990,233-12500,Water Tight Seal
9991,M3119M,MENS SOCKS WHITE
9992,M-704,FLANGE
9993,HD17M,Brk Drum - Air
9994,M681008,PUSH TO CONNECT MALE CONN
9995,FSP-4786,SPACER
9996,KIT8042PDC,KIT BK REP-MNR
9997,MBT-DT14-35D1,HUCK BOLT 14MM
9998,MBT-DT14-15D1,HUCK BOLT
9999,J2127014,END ELATOMETRIC ROD
10000,LHR11832,GRADE 8 BENT U-BOLT KIT
10001,FA535ABGC,3/4 LW
10002,FLTBM3542611,"BLOWER,MOTOR"
10003,M2601LG,ST GREY MENS BBACK SOFTSHELL
10004,MMM7447,"PAD,SCOTCH BRITE"
10005,M3002067,CUMMINS FLYWHEEL HOUSING
10006,HS2000,"20"" PLATINUM SCRUBBLADE"
10007,JSK37FSL,TOP PLATE
10008,MCL76AB,LIGHT
10009,MC53RB,MARK LT; 2 SEALED; RED
10010,MC57RB,"""MARK LT; 2 1/2 REFLX,RED"""""
10011,FRAMESTEP,"MERRITT 12"" FRAME STEP"
10012,MINP44685,CAM KEEPER-BOLT ON
10013,H2136201,"GEAR PUMP W/7/8-13 SPL 2""GEAR"
10014,LUC-10131,SYN HD OIL STABILIZER/4X1/GALL
10015,MCL71RB,MARK LIGHT CHROME:RED
10016,MCL75RB,MARKER LIGHT
10017,MINP40905,HANDLE
10018,M81-6000,SPRING-COMRESSION
10019,HH-075,"3/4"" SILICONE HOSE"
10020,FL0913,CENTER BUMPER CENTURY
10021,EL400238WKS,3/8 2 GAUGE BATTERY TERMINAL
10022,EL652140,2/14 JCKTD PARLLL PRIMRY
10023,F896,DRIER RD575590P
10024,DUR99300,COBRA SLEEVE 2.998-3.006
10025,DW2038-20,T880 WINDSHIELD
10026,E2518APDC,"AIR CHAMBER BRACKET FOR 5"" RD"
10027,29513736DD,METAL PTO GASKET
10028,30N283,QUICK CONNECT HOSE COUPLING
10029,DH8000,"KEY,CODECUT"
10030,DL-BU-1-ALX,LOCK ROD ASSY KIT
10031,EFI-2467OEM,"TUBE,FUEL"
10032,SC2400,SERVICE CHAMBER
10033,STELL75,"3/4"" 90 STR ELBOW"
10034,PHM11926,EYELET BLUE
10035,PHM11984,M/BULLET BLUE
10036,STB36,36SADDLE BOX
10037,Q21-6170-002K1T,DEF LEVEL SENSOR
10038,SC6984DI,EVAPORATOR FOAMING CLEANER 17
10039,SCREW,MISC.
10040,S-D422,CAP & CHAIN
10041,STP132HC,YELLOW BUTT CONNECTOR HEAT SHR
10042,NEB-POC-0005,NEBO INSPECTOR RC
10043,RD-0001,DRAIN PAN REVHD
10044,RM-S05,SEAL
10045,S-10256,50 GAL ALU SM TANK
10046,MS-M2011,GOLDEN WHEAT MACK LOGO
10047,MS-M5766,MACK ICONOC CAMO PATCH CAP
10048,ROGKIT570,BOLT KIT SQHD/SQHP/SQ100
10049,PHC10626-16-16,FTG
10050,S-18089,BEARING CAP
10051,TFS0004-20,100R4-20 1 1/2 INCH
10052,TRUBRAC,TRUNION BRACKET FAB
10053,STB24,24SADDLE BOX
10054,TW90,TUB O' TOWELS 90 COUNT
10055,SOLPI20000X,INVERTOR
10056,TS31,"31""EPDM TARP STRAP W/HOOKS"
10057,RFK241570283BGC,"U-BOLT KIT RD 3/4"""
10058,SPC7G001,FONT FSTPL7000 TOP PLATE
10059,TGGSKA1,SEAL KIT
10060,TMEG730,7' X 30' MEGA MESH TARP
10061,TU-9214,"""Stainless Steel 30"""""""" Mudflap"
10062,RA-302-100,SQUARE RADIAL PATCH
10063,TLL64FB,LED WORK LIGHT
10064,S-28890,CAM SERVICE KIT
10065,TR275491,D-2 GOVERNOR
10066,S-E211,VALVE COMBO KIT
10067,SR2000021-,BLOWER WHEEL
10068,W54210,12 HD FLEX HOSE
10069,RF500-12,VALVE CAP MACHINED GREY IRON
10070,WC11668,WATSON CHALIN REGULATOR
10071,TRUACC1002,TRUE- KNIFE SHARPENER
10072,S770-12,#12 CLAMP
10073,USA3271S,WIDE BASE SQUARE 7MM
10074,WEN12378521,SEALANT TRIBOND
10075,RAIR61709,ELEMENT-FUEL FILTER
10076,S-23819,"DOOR LATCH, LH"
10077,USA3229S,7MM TIRE CHAIN
10078,S-2581CCC,SHIFT KNOB
10079,VDO-230515,SWITCH 15PSI CLOSED FG
10080,W-4100-FE,1OZ STEEL CURVED WEIGHTS
10081,TAP2-3,"FOIL TAPE 6""W X 33.6""""L ALUM"
10082,WENLL6049003,CAB MARKER LIGHT
10083,R201610F,KINGPIN KIT
10084,OTR8-1612K,"Round U-Bolt Kit, 1"" Dia., 5"""""
10085,OTRABSEXT0300,ABS CABLE EXT 118 INCH
10086,NEB-KEY-0001,MYPAL ALARM RC KEY
10087,MS-M0047,MACK ANTIQUE BRASS KEY RING
10088,NEB-WLT-0005,SLIM PLUS
10089,P500-HM-KIT,REBUILD KIT FOR P500-HM HYD
10090,MSB169-11-4050,TUBE
10091,MSCREW,MACHINE SCREW
10092,NP69-4-6-ALX,"1/4"" x 3/8"""" Brass Elbow"
10093,MWG2482W,24.5 STEEL WHEEL
10094,PT2602A,MARKER LAMP
10095,NPA49362,RED MRKR LAMP
10096,PHC801-12BLK-RL,HOSE
10097,PHI23-4625SAL,SINGLE POLE CHORD
10098,PHM11964,BUTT SPLICE PINK
10099,PH1TWIST-MON,DOC HOLDER
10100,PHC387TC10RL,3000 PSI
10101,PHC16-24FTX-S,REDUCER
10102,OILSAMPLE-YAK,PC OIL SAMPLE
10103,OPT-STL003RB,TAIL LAMP
10104,PACCSLICKCLIP,RETAINER
10105,OR72403,"ATF FLUID, NON SYNTHETIC D"
10106,1414XL,GRAIN COWHIDE GLOVES
10107,WL-4,"4"" ROUND SPOT 1800 LUM"
10108,13MK5709,.20 8 BOLT GASKET
10109,1466X6X2,FITTING
10110,131672PAI,EXHAUST GASKET
10111,1471X6,FITTING
10112,132058E,"KIT,GASKET,UPR"
10113,126CT,DUO-FLIP NUMBERED PLACARD
10114,1700522,Aluminum Side Mount Latchplate
10115,1809284,Pivot Pin Replacement Kit_Swt
10116,1809168,SWAT® Pivot Pin
10117,GRCL4450909S4,"ELBOW,4 45DEG,09X09 ID/OD"
10118,379502CCC,CHELSEA PRESSURE SWITCH PTO
10119,30-760-01K,BRACKET EXHAUST
10120,03027-999,Knock'er Loose
10121,15-7568C,"1/4"" Straight-On Tilt Lock Chu"
10122,W1030,DURON SHP 10W30 SYN
10123,24610306,CONE FITTING
10124,0117-LOW,THROTTLE BODY CLEANER
10125,A06854B,HNGE PIVOT(TRAPDOOR)
10126,HDX400-20211,"SLACK ADJUSTER 1.50""-28 SPL AU"
10127,HERORCWM-GCK,WTRMLN LED MRKR LT CLR LENS/RD
10128,82640300,PTCN300
10129,TD110700,SEALCO BRAKE VALVE
10130,R1-T03-HAY,STANDARD TRAILER SEAL
10131,82820,21095726
10132,GBF-6440-PAI,BREATHER
10133,RX30116TUL,"16"" WIPER BLADE"
10134,99072002MR1329,RED GREASE
10135,HENS-24460,"BODY RAIL CLIP 1.375"" PIN 6"""""
10136,THUB-C1-END,COMPLETE KIT OF CHROME HUB COV
10137,MS-M4839LG,GREY MACK HOODIE
10138,CLE11181,"Wiper Blade 18"" Sentinel"
10139,NPA122485,MOBILE DELVAC 10W30
10140,NPAFEB1CA,GUNK ENGINE DEGREASER
10141,TR617SAL,LUG NUT INDICATIORS
10142,TR3434075,HUB CAP ALUM. REPL. 1682
10143,OTR1658BP,16.5X8 DRUM
10144,CR34384TUL,seal
10145,88002,CAT E MODEL CERAMIC MANIFOLD
10146,130001015,INSPECTED DS405 3.70 RATIO
10147,M6395XL,LONG SLEEVE NOTCH NECK SHIRT
10148,131N-2-329,FLANGE YOKE
10149,MGREASEXHP222,MOBILE GREASE XHP 222 TUBE
10150,6520579,"VALVE,AIR CONTROL SHUTOFF"
10151,055049-YAK,6-WAY PLUG W/SPRING
10152,TLED-VU1,4.5 ROUND SPOTLAMP
10153,TLEDW4,Universal White Rectangular Hi
10154,TRKN28510,RG2 TRAILER RELAY VALVE
10155,TR035165,GLADHAND BLUE
10156,TR10326-OKC,CHROME PUSH ON NUT CAPS
10157,TR1824C,AIR DISC BRAKE CHAMBER 18/24
10158,TRU-MTK-1007,TITANIUM BLK MULTITOOL
10159,W5204,COTTER PIN KIT
10160,06906D406,FITTING
10161,120-315-001,GASKET FILTER COVER 304
10162,WWS37127-3424,SPACER
10163,090068-100-YAK,"14"" BLK NYL CBL TIES - UV, 100"
10164,01-35632-200-FMT,BELT
10165,091180-5-YAK,ATC/ATO FUSE 10 AMP
10166,105483-MON,12JIC-12 BLKHD ADAPTER FITTING
10167,TLEDU120,Next Generation Universal Whit
10168,020158-YAK,"NYLON TUBING RED 1/2""OD"
10169,020106-YAK,"3/8"" SPLIT LOOM"
10170,TLEDU103,Next Generation Universal Whit
10171,10001801MIN,FENDER
10172,1771014FT,"POLY SPLIT LOOM 1/4"" PER FOOT"
10173,84707315,CORNER SUPPORT
10174,331335,"GASKET,EXHAUST"
10175,29559774SS,ALLISON TRANS MODULE SEAL KIT
10176,3667186C92,DRIVER SEAT
10177,484984-DEX,78575994 MACK MD CAB
10178,171PMT444,1/4X1/4X1/4 RUN TEE
10179,171702-HAY,DETROIT S60 12.7L NEW TURBO
10180,2191-P583998,FUEL FILTER
10181,1905-4604-20-16,"1"" MORB X 1-1/4""""HS BARB"
10182,25159833,FITTING 5659
10183,25164141,SOCKET 8211
10184,10753-FMT,"5/8"" NTA AIR BRAKE UNION"
10185,341SL45,O RING 6429
10186,446GC242,OIL SEAL 1239
10187,24841758,EMBLEM
10188,1000-BD5710B,16.50X5-HUB PILOT-BALANCE
10189,058076-YAK,BATTERY LUG 4 GA 5/16 STUD
10190,058083-YAK,BATTERY LUG 1/0 GA 5/16 STUD
10191,745-K297277,"BRAKE PAD KIT, 9.503KG"
10192,78543892,VALVE
10193,22096783VO,<NEW DESCRIPTION>
10194,NEPN62749,Flange Yoke 1710 Series
10195,564VGY120016,Bumper Chrome Mack Anthem 16in
10196,FL12104A,"5"" Aluminized Splitter Pipe"
10197,FULK2977-TUL,LEVER HSG KIT
10198,925228-HAY,SHOCK
10199,GWBN44100-YAK,BLACK NITRILE MED
10200,GWRBN46100-YAK,BLUE NITRILE L
10201,TR004-VLCB,CENTER BUMPER VOLVO
10202,0986445011-GCK,UNIT INJECTOR E7
10203,A4600700987-143,"KIT, SEAL, INJ PT"
10204,HE9AG-U-KIT,POLY BUSHING KIT WELD ALIGN
10205,P00032,DOT MALE CONNECTOR 5/8 X 1/2
10206,HOWE103062-TUL,HOWES DIESEL TREATMENT 6/1QT
10207,S-22162-SPK,COOLANT RESERVOIR
10208,S-34367-SS,ABS RELAY VLV W/PWR CABLE
10209,HW-105274,CONN MORBXFPT 1-1/4X1-1/4
10210,AP-111-100,"TIRE PATCH 2 3/8"" PAIL OF 100"
10211,MS-M4765LG,LADIES BLACK SEQUIN MACK TSHIR
10212,RT44-2244FT,"ROLL TARP 44'X123"" 22OZ"
10213,JWL1029-GCK,JEWEL HERO MINI CL/AM 8PCK
10214,113-65225P,AD 9 AIR DRYER
10215,NPA785770,4 WIRE CABLE
10216,NPA90302,VALVE STEM EXTENSION
10217,PHIL3157A,PHILIPS 3157A
10218,VPHPVCT8,PTO & Hoist Control Tower
10219,VS-33769-2,THERMO TIRE HOSE
10220,107934-FMT,1/4 X 1/4 NTA TEE
10221,TR077-CF,CARBON CABIN AIR FILTER-VOLVO
10222,124315-GCK,5W-30 OIL
10223,S-16987TYE,30/30 CHAMBER STD
10224,S-29943,AHI NOZZLE 21407772
10225,OTG120FTW,8MIL NITRILE TEXTURE LG
10226,SEAA1000S,RELAY/EMER.VALVE
10227,1564091,MODEL: 4500RDS SERIES:
10228,PHIL9006,PHILIPS 9006
10229,PTL1912A,"OTR 3.75"" Rectangular Thin Lin"
10230,10001944MINI-,FENDER 4001 BLK
10231,112RFE,PIPE NIPPLE
10232,14566-LOW,PLUG
10233,0461,O-RING
10234,A2297D5334RPB,DIFF FILTER
10235,FLT033-08001PX,MUDFLAP 24X24 STRAIGHT
10236,GKT1009,HD AXLE FLANGE GASKET
10237,IH2812,PROSTAR BLACK GRILLE
10238,A114-143,1/2-20 HEX NUT
10239,M2519,LH STUD 18X953
10240,M571,SCAM BUSHING
10241,MS-M2600LG,BLACK SOFTSHELL JACKET
10242,J37-1004RPB,POWER STEERING FILTER
10243,MECHMG03011,MECHANIX GLOVES GLOVES XL
10244,MS-M6350MD,MACK VINTAGE TSHIRT
10245,MHC-K371032,FILTER
10246,NEB-LTN-0011,LUNA 400+ COLOR/STRING LIGHT
10247,NEB-PBK-0014,NEBO 20K POWER BANK
10248,FPAF500IL61GRD,ILAST RED 50/50 JUG
10249,MAG166077,MAG1 FS SAE 0W-20 6 GAL. BIB
10250,GWBN46100-YAK,BLACK NITRILE LG
10251,B8773MHD,CAM KIT
10252,JSTA400LT17-MSO,<LANDING LEGNEW DESCRIPTION>
10253,LFR100050-FMT,"LOOM-SPLIT 1"""
10254,LFR25250-FMT,"LOOM-SPLIT 1/4"""
10255,HEROACWMLP-GCK,WATERMELON FLAT CL/AMBER
10256,EX-125SG3-VNL,GENERARATION 3 LOW PROFILE SIL
10257,70-200-36,HOSE SILICONE
10258,BK1308QAR2ARD,BRK KIT 1308Q
10259,APL-100023DFW,3030 STD BRAKE CHAMBER
10260,HD315723R,3157 23 LED RED
10261,HDV9122PDC,AIR SPRING
10262,9004S,GLAD HAND SEAL
10263,800260BXW-FMT,VALVE
10264,680402,1/8 pipe to 1/4 push
10265,FP75900EV055G5,EVEREST75W90 FULL SYN 55 GAL
10266,571CT0506-143,SHOOL BUS YELLOW CONSPIC TAPE
10267,MS-M2662,MACK NAVY ROPE CAP
10268,925342-HAY,SHOCK
10269,CAT3406,CAT 3406 5EK13910
10270,925043-HAY,SHOCK
10271,925160-HAY,SHOCK
10272,HWPERM24163,PRMTX SURFACE PREP 4.5OZ
10273,M2623,125th PVC/Gray Black rope cap
10274,75-200-LOW,DEXRON III
10275,72199BARB,hose barb
10276,M3112R,S-CAM
10277,100451522,Brake Kit
10278,104-7104,HOOD SPRING
10279,1047104,Hood Spring Kenworth
10280,11616244,Camshaft Tube
10281,1382832,Gunite Type Slack Adjuster 6in
10282,1372830,Bendix Type Slack Adjuster 6in
10283,1382810FC,Gunite Type Slack Adjuster 5.5
10284,1484715Q23,Shoe Box Kit - Value
10285,150T1105,Inboard Mount Wheel Hub
10286,150T1107S4,Outboard Mount Hub Assembly
10287,170109493,ADIP Type Cartridge Kit
10288,158K149714,Air Disc Caliper w/Carrier ADB
10289,170110500,Spring Brake Control Valve
10290,17012745,Red & Yellow Knob Kit
10291,170950127ST,Wabco Modulator/Adapter Kit
10292,170AV195AP,Control Valve Hoist APSCO
10293,158K149715,Air Disc Caliper w/Carrier ADB
10294,170065104,R12 Type Relay Valve
10295,170107798,AD9 Type Purge Valve Kit
10296,170800516,MV3 Type Dash Control Module
10297,1722002,Air Tank 2850 Cubic in Vol 12.
10298,17771402P,Air Brake Hose 3/8in Repair Ki
10299,17712C698B,PLC Swivel Male Elbow DOT 1/2i
10300,17712C746B,PLC 45 DEG SWL M Elbow DOT 3/8
10301,1772106,SAE 100R5 Hose #06 5/16in ID X
10302,17713B6910D,Brass PLC Male SWL Elbow 5/8 X
10303,17713B724A,Brass PLC Male Branch Tee 1/4
10304,17714726B,Male Branch Tee DOT 3/8IN x 1/
10305,1777548,Air Hose Assy 1/2in 1/2in SAE
10306,17712C748C,PLC 45 DEG SWL M Elbow DOT 1/2
10307,1774011LP,Drain Valve LoPro 60in Unclinc
10308,1775001,Nylon Tubing 1/8in OD X 100FT
10309,17711696B,PLC Swivel Male Elbow 3/8 X 1/
10310,1773006,Tender Kit 25in Single
10311,1776001,Hose Support Spring 1-1/16in X
10312,177TG3,Tire Gauge 10-150PSI
10313,17786910,Push-On Fitting 5/8in Hose Spl
10314,1779112A,Close Nipple 1/8NPT
10315,1779101D,Female Tee 1/2NPT
10316,56496381,Front Bumper Center Volvo
10317,566CT64708,Continental Air Spring Rolling
10318,562U3205SS,Band Clamp Flat 5in S.Steel
10319,56475116C,Bumper Chrome Peterbilt 18in M
10320,5611540080,CAC Connector Hose Hot Side
10321,56175699,"""Coolant Hump Hose Hot Side 4"""""
10322,56446313K,Bumper End Kit LH Freightliner
10323,566CT64255,Continental Air Spring Rolling
10324,5622221,EPDM Tarp Strap 21in HD Goldli
10325,56496019,Turn Signal Lamp LH & RH Volvo
10326,566CT64395,Continental Air Spring Rolling
10327,56446379,Bumper Mesh 1-Piece Freightlin
10328,566CT64560,Continental Air Spring Triple
10329,56446315,Center Bumper Fascia Freightli
10330,463DS5922A,DRAG LINK
10331,5629126,Single Axle Fender Post Mount
10332,56462022,Headlamp Assembly LH Mack
10333,562U3205A,Band Clamp Flat 5in Aluminize
10334,1781011,Electrical Coolant Temp Gauge
10335,1782074,Wire Auto Quadraplex 14/4 100F
10336,1782566,Relay Mini Skirted 5 Pin 12V 4
10337,56125400B,Constant Torque Clamp 3.25-4.1
10338,1785302N100,Butt Conn 16-14 GA Nylon 100 P
10339,179300320,Air Coils 20FT
10340,46094,Lower King Pin Cap
10341,562122430B,Black Poly Anti-Spray 24 x 30
10342,5629141,Fender Half Tandem Poly 66in P
10343,56446059,LED Turn Signal Amber LH/RH Fr
10344,463DS7584,Drag Link 31.000in C to C Pete
10345,5639002,Convex Mirror w/ L Bracket 6in
10346,463DS5542A,Drag Link 37.750in C to C IHC
10347,56129481,V-Band Clamp
10348,562SB24A,Step Saddle Box 24x25x28 Alumi
10349,179302712,Tailgate Lift Cable Dual Pole
10350,1793042,Gladhand Grips Aluminum Hex
10351,18010705OE,Hub Cap Gasket Hendrickson/Tur
10352,1812262,Oil Seal Kit Fuller
10353,2017006R,Double Ended Stud
10354,460538,King Pin Kit LH-RH
10355,1782020RD,Cable Overmolded Harness 2/0 7
10356,1782025BK,Battery Bar Negative Black
10357,1791016,Plug 7 Pin
10358,460286X,King Pin Kit Pre-Sized No-Ream
10359,179302915,Airpower 3in1 Line w/Ext Gladh
10360,17930111548,Electric Cable ABS 15FT W/ 48i
10361,179DT30,Diaphragm Type 30
10362,571LG152L,License Light 1inX2.5in
10363,571PT124,Pigtail 2 Wire
10364,76250351326,Hydraulic Tank 35L x 13W x 26H
10365,621108,4 Leaf Parabolic Spring 3PD/4
10366,75-173OE,SINGLE LEAF Z SPRING L/H 53375
10367,755FW113,Flywheel Volvo I-Shift
10368,755CK102,Clutch Installation Kit Fuller
10369,57723512,Coolant Level Sensor Freightli
10370,566ER9069,Econoride Air Spring Rolling L
10371,57762001,Turn Signal Mack
10372,571LD10R11,Marker Light LED 2-1/2in Red 1
10373,571LD28AR52L1,Pedestal Light Square Double F
10374,571LD957WL6,Work Lamp LED 6in Flood 1140 l
10375,571CT0703,Solid White 150ft Roll 7yr
10376,5721011,Fuel Cap 4in
10377,571LD10A13K,Marker Light Kit LED 2-1/2in A
10378,577CB1002,CB Antenna 24in Black
10379,5722010,Coolant Reservoir Pressure Cap
10380,571LD35R7,Marker Light LED 3/4in X 4in R
10381,5724009,Power Steering Reservoir Cap
10382,573B330FHHD,Flat Hook Ratchet Strap-HD 3in
10383,573A230JHWM,J-Hook Ratchet Strap 2in x 30f
10384,57796506,Headlamp and Hazards Switch Vo
10385,5751054,Washer Fluid Reservoir Mack
10386,5751038,Coolant Reservoir IHC
10387,5751085,Washer Fluid Reservoir Volvo
10388,57762314,Wiper Motor Mack
10389,571LD30R9,Marker Light LED 2in Red
10390,5771920A,Circuit Breaker Maxi 20A
10391,571LD10R13K,Marker Light Kit LED 2-1/2in R
10392,577AMF100KT,Mini Blade Fuse Assortment 100
10393,571LD48A241,Warning Light 4in Amber 24-Dio
10394,571LD44R10K,S/T/T Light Kit LED 4in Red
10395,571LD87AL18M,Warning Light LED Magnetic Amb
10396,5777180650,Fuel Sensor Harness Paccar
10397,83045014BE,Evaporator Volvo Behr
10398,A83042,Gabriel Shock Absorber
10399,A83207,Gabriel Shock Absorber
10400,8305240610,Port Cap Eaton Type 16mm 10pk
10401,83061025,Cabin Air Filter Kenworth
10402,8154081063X,Conti Extreme Poly-V Serpentin
10403,81522550,Continental V-Belt OE Technolo
10404,81649608,Continental Elite Tensioner As
10405,M1158N,Trunnion Cap Cast New Style Ma
10406,HLK2807,Cab Vent Window Latch Kit Mack
10407,KP141,Bracket Pin Kit Fontaine
10408,M1176,Hanger Hendrickson
10409,EQ019HD,Equalizer HD Hutch
10410,M1216,MACK ANTHEM DIGITAL CAMO
10411,KP6000L,Rebuild Kit LH Fontaine
10412,KP10605UB,Bracket Pin N Cushions ILS Pol
10413,KPFWSAL,Rebuild Kit FWS1 Holland
10414,CATUSBCA001,4-in-1 USB Charger Cable
10415,A89408,Gabriel Shock Absorber
10416,AB1DK23M9654,Air Spring Rolling Lobe
10417,AUBK5161124,U Bolt Kit 7/8in X 3in X 12-1/
10418,A85188,Gabriel Shock Absorber
10419,A85058,Gabriel Shock Absorber
10420,ABP2,Insulator Mack
10421,ABP38HK,Insulator Kit Poly Lower Mack
10422,ABSP2B07RA7505,Air Spring Double Convoluted
10423,ABSP2B12RB6886,Air Spring Double Convoluted
10424,MHS238,Alignment Kit Hendrickson
10425,MR894,Silent Block 5-7/16in C to C K
10426,MFBS1660CGR109,Flanged Bolt Rear Engine Mount
10427,MLC3,Load Cushion Hendrickson
10428,M5043,Bolt 20mm-2.5 X 180mm Peterbil
10429,M5413,Spring Pin Freightliner
10430,M834,Spacer Front Spring Peterbilt
10431,M1494,Hanger Hendrickson
10432,M1213,Trunnion Stand Replacement Mac
10433,M12900UB,Bushing Poly Hutch
10434,M1618,MACK GREEN KNIT CAP
10435,M17402PRKUB,Guide Assembly Poly Kenworth
10436,M62567,RADIATOR MOUNT BRACKET LH/RH
10437,M584,U Bolt Top t Plate Ford
10438,M5360,Threaded Spring Pin Kenworth
10439,M1705,SPRING HANGER FRONT OF REAR LH
10440,M1655,BLACK ZIG ZAG BEANIE
10441,MV96319,Cabin Support Bracket Volvo
10442,TMRN1054,Narrow Rod 24.813in Hendrickso
10443,PRX80050,Clear RTV Silicone Adhesive Se
10444,RD90686,Adjuster Plate Ridewell
10445,MVT32,Trunnion Volvo
10446,MR862UB,Silent Block Poly
10447,PHI845194,Dual Clamp Cable Ties Black 19
10448,MUBW194,U Bolt Washer 1in
10449,PHI124908,Gladhand Swivel Emerg. STA-LOC
10450,4298975,"NUT,LOCK"
10451,TRS4014,Equalizer Shaft Reyco
10452,4928599,"SEAL,O RING"
10453,4929864,"CONNECTOR,INJ FUEL SUPPLY"
10454,4384569,"SENSOR,TEMPERATURE"
10455,4384811,"SENSOR,TEMPERATURE"
10456,4919105,"PLATE,REMOVER"
10457,4316067,"SEAL,O RING"
10458,4955366,"KIT,PISTON RING"
10459,4965273,"MODULE,OUTLET"
10460,4975214,"SEAL,ROCKER LEVER HOUSING"
10461,4960206,"SEAL,RECTANGULAR RING"
10462,4975284,"SEAL,GEAR HOUSING"
10463,4984929,"SENSOR,DFN PRESSURE"
10464,5261322,"SUPPORT,FAN"
10465,5274381,"CLAMP,V BAND"
10466,5339042,"TUBE,OIL FILLER"
10467,5269779,"GASKET,EXHAUST MANIFOLD"
10468,5461596,"SENSOR,TEMPERATURE"
10469,5461600,"SWITCH,COOLANT LEVEL"
10470,5679573,"BREATHER,CRANKCASE"
10471,6429516,"KIT,OVERHAUL"
10472,5581380,"KIT,EXH RCN COOLER"
10473,5581556,"EXTENSION,IGNITION COIL"
10474,5526441,"PAN,OIL"
10475,5563061,"FILTER,FUEL"
10476,5462277,"SENSOR,PRESSURE"
10477,5413193,"BELT,V RIBBED"
10478,5443777,"GASKET,CYLINDER HEAD"
10479,5461557,"SENSOR,PARTICULATE"
10480,FF5974,"FILTER,FUEL"
10481,C6204131610,"SCREW,HEX FLANGE HEAD CAP"
10482,LF677,HYDRAULIC
10483,2870114,"TUBE,EXH CLR WATER INLET"
10484,216484,DIPSTICK
10485,2872858,"SENSOR,TEMPERATURE"
10486,2865048,"SEAL,DIAMOND RING"
10487,3081695,"SEAL,O RING"
10488,3066291,"ROD,PUSH"
10489,3090126,"SEAL,O RING"
10490,3056158,"NUT,HEXAGON FLANGE"
10491,3037537,"SEAL,O RING"
10492,3331873,UNION MALE
10493,3101459,"SCREW,TWELVE POINT CAP"
10494,3098985,"GASKET,CYLINDER HEAD"
10495,3862674,"SEAL,OIL"
10496,3901969,"PLUG,EXPANSION"
10497,3682710,"GASKET,EXHAUST MANIFOLD"
10498,3684359,"GASKET,EXH OUT CONNECTION"
10499,3936027,"GASKET,COVER PLATE"
10500,3920781,"SCREW,HEX FLANGE HEAD CAP"
10501,3920779,"SCREW,HEX FLANGE HEAD CAP"
10502,4010077,"VALVE,CHECK"
10503,3977913,"SET,LUB OIL COOLER GASKET"
10504,ME121653,"ELEMENT,SEPARATOR,EG"
10505,MK399490,"BRAKE CABLE,FE6,MT,9"
10506,QC000521,"*GASKET,EGR PIPE,4P1"
10507,QC000511,"*BOLT,EGR EQUIP,4P10"
10508,4304186,FRO ECU GASKET
10509,4773037090,CYLINDER ASSY - DISC RR RH
10510,52618,Timken - 52618 20024 Tapered
10511,632,Timken - Tapered Bearing Cup
10512,5112,PIN
10513,85710E0030,MOTOR ASSY- P/WIN REGULATOR RH
10514,87245E1T81,HOSE - WATER
10515,82121E0611,HARNESS INJECTOR
10516,8972456320,NUT;STRG LNKG O
10517,8976110800,GASKET; DPD
10518,8980317550,STAY; BUMPER
10519,8943972860,STUD;EXH MANIF
10520,8973598070,NUT;FRT WHL
10521,8941743540,SHIM
10522,8973877507,FLAP ASM; MUD (
10523,9017012005,NUT - HEXAGON
10524,8980283980,"SENSOR; THERMO,"
10525,8941743560,"SHIM; KING PIN,"
10526,89429E0011,SENSOR - TEMPERATURE
10527,8980220240,HORN; HIGH NOTE
10528,9451201200,WASHER - SPRING
10529,A1228H1308,BEARING 29675-902B7
10530,A3280F9366,SHIFT KNOB 5/32 LINE
10531,3679-PF00041,PKR PTC DOT UNION -6 TUBE
10532,3679-KP60797,1/2T X 1/4P PRESTOMATIC A
10533,3679-C85376,"CON, MALE, NTA AIR BRAKE,"
10534,3889-RK17111079,REPLACEMENT KIT-HANDLE
10535,3912-9910238,"CLUTCH, ASSY,RCV250,MACK,"
10536,3889-XB10605,"CUSHION, BRACKET"
10537,3986691,CABLE SEAL
10538,3917686,BULB
10539,3679-BD1245,(BD1245-1)COATING SCHLMBR
10540,4007-314071,LH HTD AERO MIRROR
10541,4095-MLW276722R,M18 FUEL. 1/2 HIGH TORQUE
10542,4095-OTCJ45753,SPRING PIN WRENCH
10543,1000-ACT6817,FLUSHING KIT
10544,1000-BUL70,"BACK UP 6 SEALED, POLY,RO"
10545,1000-AH82466,HOSE ASSEMBLY -FIXED ENDS
10546,1000-ACC4004,SANDEN STD COMP 8 GR 119M
10547,1000-OR11013,ORING - 20 PER BAG -STAND
10548,1000-CHE1408,OIL - PAG 100 W/UV DYE
10549,1000-CLAK2468,"INSTALL KIT RT SERIES, W/"
10550,1000-CON0423,CONDENSER
10551,1000-OR11504,SEALING FLANGE - 10 PER B
10552,1075753,CLAMP
10553,1092392,PLUG
10554,1000-CON6421,CONDENSER - AFT
10555,1000-EC151,COIL
10556,1000-ECA22,ELECTRIC SOCKET
10557,1204-RNT370001A,OIL BATH SEAL
10558,1000-CON1023,CONDENSER
10559,1147-2520,12.5 OZ PENRY MSS ARFLO S
10560,1147-6032,32 OZ PENRAY HD DOT3 BRAK
10561,1000-CAF8235,AIR FILTER - CABIN
10562,1000-SA5000,SHOCK ABSORBER
10563,1000-HP22590,ACTUATOR - MACK
10564,1000-GH11R,LOCK
10565,1000-SWI2515,SWITCH - PRESSURE
10566,1000-ACC1011,CCI COMP 2 GR 6 12V 2 WIR
10567,1000-OR11099,ORING KIT - SINGLE JOB
10568,1000-OR11224,ORING - 10 PER BAG -STAND
10569,27313,BARRICADE FUEL LINE HOSE
10570,3082434,EXHAUST PIPE CLAMP
10571,124SX29,GLASS(PK25)
10572,1381-0111PFLPP,33MM ABS THREADED POINTED
10573,24250,STRAIGHT COOLANT HOSE (HEAVY-D
10574,3S0153030000,RADIATOR
10575,415960,Timken - Seal - 415960
10576,43-415,SPRING
10577,361-190,U-BOLT KIT
10578,3918558,SCREW
10579,M5323-LG,MACK LIFE IS GOOD T-SHIRT
10580,3081171,CYLINDER AY
10581,M2277,YOUTH KNIT CAP BORN READY
10582,382-8036,FRONT WHEEL SET
10583,904-6013,Nox Sensor
10584,8060024,5/16-18X1 DCS SST HEX BO
10585,831127,GASKET GEAR COVER
10586,8901N,FAN CLUTCH 2.56 PILOT
10587,8168696,U-BOLT
10588,720242,ASSY RH SINGLE PANE MIRROR BLA
10589,A1030219-001,DIPSTICK
10590,880830,"PUMP,FUEL"
10591,99A8177,"CLUTCH*DMA2S SE 24*MACK MP7,13"
10592,7537S,Timken - Seal - 7537S
10593,900435,"YOKE,RELEASE,CL."
10594,8397079,FLANGE SCREW
10595,99354,SHAFT REPAIR SLEEVE
10596,8072888,HOSE CLAMP
10597,70680,LOL PLUS LOCK-ON HOSE
10598,64179-048,TIE-BAR SPRING KIT W/WEAR
10599,502506,STEER AXLE ASSY
10600,6-28-347,TUBE YOKE
10601,5707,Timken - Cylindrical Bearing
10602,651520F,"KIT,BRG,CAM"
10603,A6280052-001,WINDSHIELD WIPER MOTOR ACTT
10604,A6611434-001,"PUMP_CAB TILT HYDRAULIC, POLY"
10605,ER21140,ASSY.
10606,A2010135-001,SEALING STRIP
10607,A3711302-001,HANGER-FRT SUSP RR
10608,A6151126-001,AUTOCAR RECEIVER DRIER A615112
10609,A6280033-003,"HARN_WIPER, ACTT"
10610,A6110017-001,COMPRESSOR
10611,A2351067-001,BLANKET EXHAUST LHVE ISX
10612,A2351232-001,BLANKET_PIPE TURBO (RH) ISL9
10613,GSV-3676,"VALVE,ASSY"
10614,FST-5741,STEP-CAB
10615,A3711377-001,SPRING CLIP-FRONT 9IN
10616,A2190177-001,HOSE-3.5IN ID X 6IN LONG
10617,A4380240-001,FLTR_FUEL RMT MNTD FS90395
10618,334-2323,Valve Kit
10619,BU2000C,97 DB BACK-UP ALARM
10620,KIT948,BOLT KIT
10621,KIT2637,KIT2637
10622,KM-690384,POLYFORCE BRACKET W/PULLEY
10623,M1040X1233,PINION NUT
10624,LG4001-710000000,L/G-LH STD FTWARE
10625,S170EE0010,PIPE SUB-ASSY- EXHAUST PRESSUR
10626,SG400E0091,SENSOR ASSY - UREA
10627,S825601200,CONNECTOR ASSY
10628,SZ10520015,BOLT FLANGE - FR SPRING
10629,XB-11298,"Air Fitting, 1/4 Quick Connec"
10630,1227A937,NUT
10631,14361,PIN
10632,8941760310,GASKET;OUTLET
10633,8971016602,CABLE; HTR CONT
10634,1745178070,GASKET - EXHAUST PIPE
10635,17N28347,WELD YOKE
10636,8981885960,PLATE; INDICATO
10637,9047310250,"STUD;TURBO,EXH"
10638,8973263040,SEAL; STARTER
10639,8976000963,PLUG ; GLOW
10640,8971846943,GAUGE; OIL LEVE
10641,8974098160,"HANDLE; INSIDE,"
10642,8972055760,FILTER; M/VAC
10643,8974872470,"BOX ASM; FUSE,H"
10644,8974077640,COVER; INDICATO
10645,1505357,WOODRUFF KEY
10646,29404R7300,ROTOR; DISK BRK
10647,8115466000,BOLT; EXH MANIF
10648,8192079290,"GASKET, INT MAN"
10649,1884-086001,BRASS FORGED MALE BRANCH TEE 1
10650,1638049,COMPRESSION SPRING
10651,1458-9815,SHAFT SEAL
10652,1546458,BALL STUD
10653,8038178800,RETAINER
10654,2908690500,FUEL TANK;W/O P
10655,8125727050,SENSOR; OXYGEN
10656,421629,RUBBER MOULDING
10657,4215-OADGW16,ONE AND DONE AERSOL PAINT
10658,2104-30892520,CLUTCH
10659,2104-30892568,CLUTCH
10660,2104-211941X,"KIT,SPRING TAB"
10661,2104-25045611,END YOKE
10662,20775143,ADJUSTING SCREW
10663,20539108,BRACKET
10664,20540670,HUB CAP
10665,21017923,BRACKET
10666,21024534,TUBE
10667,20705345,SCREW
10668,20706567,INSERT
10669,20811261,BRACKET
10670,20904644,PANEL
10671,20907100,TERMINAL
10672,20705891,HEXAGON NUT
10673,20592119,CAP
10674,20817047,FUSE
10675,21026831,SPEEDOMETER
10676,20704691,FITTING
10677,20704732,HEXAGON SCREW
10678,20925089,SHACKLE
10679,20704739,HEXAGON NUT 1239
10680,20705344,LOCK WASHER
10681,20768042,TURN CATCH
10682,20837247,PROTECTING PLATE
10683,20937174,HOSE
10684,20704991,HOSE CLAMP
10685,20705513,NUT RETAINER 5/16
10686,20948412,WIPER MECHANISM
10687,20457410,HOUSING
10688,20791222,SEALING RING
10689,20956655,BRACKET
10690,20705967,GASKET 1239
10691,20462706,VALVE
10692,20812943,VALVE
10693,20706050,SCREW
10694,20429843,HOUSING
10695,20432061,LAMP
10696,20497942,FITTING
10697,20499720,DECAL
10698,20826679,ELBOW
10699,20706292,PLUG
10700,20706560,FLANGE NUT
10701,20801117,SWITCH
10702,20805850,SEAL
10703,20890279,ENGINE COOLING FAN
10704,20898040,SWITCH
10705,20708247,O-RING
10706,20728759,CONNECTOR
10707,20836934,BRACKET
10708,21025303,PIPE
10709,20501651,SPACER SLEEVE
10710,20378821,RUBBER BUSHING
10711,20557459,SPACER PLATE
10712,20984270,SLIDE
10713,20870671,BELT
10714,20870709,BELT
10715,20974821,O-RING
10716,20867711,HORN
10717,20462810,VALVE
10718,2096-1360223,GASKET
10719,20462497,CONNECTION PIPE
10720,20978469,RING
10721,20870773,BELT
10722,20705243,BIG-END BEARING SHELL
10723,20469944,POST
10724,20590987,PLUG
10725,20704748,TAB WASHER
10726,20704744,NUT RETAINER
10727,20769166,COVER
10728,4379-RD537280,O RING
10729,5462-17517,VALVE QR ASV410F ALUMINU
10730,5462-93034701Z,LWR AL CAST ARM W/POLY
10731,5-106,E-TECH MANUAL
10732,4379-RD575230M,CAP - R-134A LOWSIDE SP B
10733,5396-SC16,CHAMBER
10734,5166-24163,PRIMER FOR ANAEROBICS
10735,5435-65420,GAS - MAGNUM 65
10736,5462-ACK55,ACK MANUAL W/ AIR RIDE
10737,5396-40020241,SLACK ADJUSTER
10738,5554-3531851,BRAKE CHAMBER
10739,5839-AF25337M,AIR FILTER-PRIMARY
10740,56AX348,GASKET
10741,570AMM1M,SEAL
10742,5839-AF27693,AIR FILTER-PRIMARY
10743,5839-AF1968,DIRECT MOUNT AIR SYSTEM
10744,5839-AF25454,DIRECT MOUNT AIR SYSTEM
10745,5839-AF27958,AIR FILTER-CABIN
10746,STM4530273,R 40 K STEEL WHEEL IRON L
10747,STM3B12310,3B12-310 BELLOWS A
10748,STM7014605,PLUS KIT KING PIN KIT
10749,TDA2210B7464,CAMSHAFT/RH
10750,TDA2210W7537,CAMSHAFT/LH
10751,TDA3131704S,MTIS THRU TEE
10752,TDA2210Q8155,CAMSHAFT
10753,TDA1229Q771,WASHER - SPACER
10754,TDAR810023,"CLEVIS-YOKE KIT, LW"
10755,TDAR30U516112,U-BOLT ASSEMBLY
10756,TDAD33376X24,CHAMBER
10757,TDAR0010215,STUD
10758,TDAR002436,GASKET
10759,TDAR803110,BRAKE SLACK ADJUSTER 1.50-28
10760,TDAR955276567N,NEW CONTROL VLV
10761,TDAN5141,NUT
10762,TDAR005560R,STUD - RIGHT HAND
10763,TDAMER0273B20,WHEEL SEAL DRIV
10764,TDAR005766R,STUD
10765,TDAR008969L,STUD - LEFT HAND
10766,VEL017991,"45DEG SWIV ELB,PUSH-LK 1/"
10767,THORN-1,Train Horns - 3 Bell Chrome Tr
10768,VEL320132,REPL. COIL FOR 320178
10769,V84733671L0007,PAINTED DEF DOOR
10770,TL10250R,LED 10 SERIES M/C LAMP
10771,VEL022028,5TH WHEEL SLIDER COIL
10772,VEL142001,SWIVEL BODY ADAPTER 3/8 X
10773,TL4550A,LED SIGNAL STAT S/T/T & R
10774,VEL148060,AIR HOSE ASSEMBLY 1/2 X 3
10775,VPT82741342L0007,PAINTED AERO RH SWO W/LAM
10776,TL98175Y,REFLECTIVE TAPE 3 ROUND
10777,TLED-H7K,H7 LED HEADLIGHT
10778,VEL016244,90 DEG. MALE SWIVEL ELBOW
10779,CHO223079DRUM,"DELO SYN-TRANS XE, 75W-90"
10780,DNDBC4088,"COOLANT FILTER, SPIN-ON D"
10781,DNDBL7483,"LUBE FILTER, SPIN-ON FULL"
10782,DNP165332,HYDRAULIC SPIN-ON
10783,FGFS19521,FWS CARTRIDGE METAL
10784,DNP550674,"FUEL FILTER, WATER SEPARA"
10785,FGQ79699,HYDRAULIC SERVICE PART
10786,FGLF16101,OIL FILTER CELLULOSE SPIN
10787,DNP554685,"COOLANT FILTER, SPIN-ON N"
10788,DNP828889,"AIR FILTER, PRIMARY RADIA"
10789,FGFS19513,F/W SEPARATOR
10790,FGAD27750,AIR DRYER
10791,FGFS19763G,PLUS SIZE ELEMAX
10792,DNP533653,"AIR FILTER, SAFETY RADIAL"
10793,FGFS1065,FUEL SEPERATOR
10794,FULK3739,GEN 3 - INERTIA BRAKE REL
10795,FUL5564547,"LUBRICANT-TRANS,SYN PS-278 (5"
10796,FGFS19687,FUEL/WATER SEPERATOR
10797,FGFS53014,NANONET ADVANCED MEDIA FU
10798,DNP551124,FUEL FILTER KIT
10799,DNP551740,"FUEL FILTER, SPIN-ON"
10800,DNP176324,HYDLC SPNON 04.65X06.22
10801,DNP182007,"AIR FILTER, PRIMARY ROUND"
10802,DNP573359,"HYDRAULIC FILTER, CARTRID"
10803,FGAF25590,AIR FILTER-RADIAL SEAL PR
10804,DNP550057,FUEL SPIN-ON
10805,DNP550299,"LUBE FILTER, SPIN-ON FULL"
10806,DNP580780,"LUBE FILTER, CARTRIDGE"
10807,DNP502597,"LUBE FILTER, CARTRIDGE"
10808,DNP182096,"AIR FILTER, PRIMARY ROUND"
10809,DNP550830,POWER STEERING FILTER
10810,DNP610905,"AIR FILTER, PRIMARY RADIA"
10811,DNP502051,"LUBE FILTER, SPIN-ON FULL"
10812,DNP611440,"AIR FILTER, ROUND VENTILA"
10813,DR8600127,ALTERNATOR 36SI 12V 170A
10814,HOHRK3311,"KIT,LOW LUBE PLATES(XA-33"
10815,HOHLG0050,"SHOE W/A,10X12X4-1/2"
10816,GRO47973,"CLR/MKR, YELLOW, LED, MIC"
10817,GROG6003,STOP TUAIL TURN YELLOW HI COUN
10818,GEH5051,"SEALED BEAM, HIGH"
10819,GRO54342,"STT LAMP, RED, 4 ROUND, F"
10820,IS6712,EXPNSN PLUG 1-1/4 CUP
10821,IS41151,FN HEX 8 PL 1/4-28
10822,IS6837,TRD REPAIR I NSERT 3/8-24
10823,IS76501,COPPER WASH 1/4IDX5/8OD
10824,IS70739,COTTER PIN 3/16X1-1/2
10825,IS72102,GREASE FIT 1/8-90
10826,IS71174,12-10 RING 3/8 STUD
10827,IS72375,HOSE CLAMP CONST TORQUE
10828,IS72337,HOSE CLAMP 32 LINED
10829,IS40156,FN HEX 8 PL 7/16-14
10830,IS74823,RUBBER CUSH CLIP 1/2
10831,IS90020,INV FL M CON 202X4
10832,IS71892,SEAL-A-CRIMP BUTT 22-18
10833,IS90334,PIPE RED CUP 3300X4X2
10834,IS88612,THICK WSHR 5/16 G8 FLAT
10835,IS90617,A/B ML CONT SPRNG1/2X1/2
10836,IS90738,A/B 45 MALE ELB 1/2X1/2
10837,IS70747,COTTER PIN 1/4X2-1/2
10838,IS70732,COTTER PIN 5/32X1-1/2
10839,IS71861,4 3/8 BATTERY LUGS
10840,IS76051,SAE FLAT PL 6
10841,IS71887,YELLOW MALE QUICK DISC
10842,IS6979,FREEZE PLUG 1-7/8 CUP
10843,IS12805X1,FLNG BOLT MM M8-1.25PX50
10844,IS16250,HX CP PL USS 5/8X5 8
10845,IS34420,PH PAN MACH 8-32X3/4
10846,IS15243,HEX CAP 10.9 M16-2.0X40MM
10847,IS15254,HEX CAP 10.9 M16-2.0X100
10848,IS17156,HX CP PL SAE 3/8X3 8
10849,IS17174,HX CP PL SAE 7/16X1-1/2 8
10850,IS17178,HX CP PL SAE 7/16X2-1/2 8
10851,IS17310,HX CP PL SAE 1X5-1/2 8
10852,IS16129,HX CP PL USS 5/16X2 8
10853,IS15176,HEX CAP 10.9 M10-1.5X40MM
10854,IS16106,HX CP PL USS 1/4X1-1/2 8
10855,IS17269,HX CP PL SAE 3/4X3-1/2 8
10856,IS19244,FLANGE BOLT 5/8X3
10857,IS16108,HX CP PL USS 1/4X2 8
10858,IS12457,HEX NUT CL10 M10-1.50 DIN
10859,IS91204,A/B UNION 3/4 PUSH IN
10860,IS92101,BARB CONN 5/16 X 1/4
10861,IS96035,SWIVEL ADAPT 9405X16X16
10862,8982146500,COOLER; CHARGE
10863,8980366540,ELEMENT; FUEL F
10864,8982959210,THERMOSTAT
10865,8982422500,"PUMP ASM; OIL,P"
10866,8982999460,VALVE KIT;EVAP
10867,8982385000,HEATER UNIT
10868,8980067942,LINK; DRAG
10869,8981773181,"PIPE; EXH, LH"
10870,8980222680,CAP; OIL TANK
10871,8980064500,HOSE; FUEL FILL
10872,8980748002,BRACKET; CAB MT
10873,8973759801,GASKET; EGR PIP
10874,8974155410,LID; TRAY INST
10875,8976026753,PIPE; INJ NO.2
10876,1547975,SHIM
10877,1547971,SHIM
10878,1669376,COVER
10879,1808872,TRAY-TARP GUIDE
10880,1885-04005,MALE CONN NYLN 3/8TX1/8MPT
10881,1544710,SEALING RING
10882,1800132,Tarp M/C Mesh 96 X 28
10883,1826951760,TERMINAL; BATTE
10884,8209149610,CAP ASM - F/TNK
10885,29406B0210,RADIATOR
10886,5883000020,LINING KIT; BRA
10887,2906546000,OIL FILTER; MAI
10888,8125977740,TUBE ASM-PCV
10889,8127078760,"HARNESS, F/INJR"
10890,2104-2320422,DEFLECTOR
10891,4250-126411,M-DEXRON VI ATF CASE 6X1U
10892,4250-102515,M-LUBE HD + 85W-140 PAIL
10893,4215-DES20,DYNAMO ELEC SHINE FOAM GL
10894,4215-OLRDS,OL RUSTY PENETRATING
10895,20797838,TURN SIGNAL SWITCH
10896,20905156,BRACKET
10897,20980880,GLOVE COMPARTMENT
10898,20503552,RUBBER CUSHION
10899,20510747,VALVE COTTER
10900,20538904,WASHER
10901,20551628,SHOCK ABSORBER
10902,21025780,BRACKET
10903,21010779,MANIFOLD
10904,20562032,LOCK BRACE
10905,20705679,O-RING
10906,21024246,HUB
10907,21024260,TANDEM PUMP
10908,20917026,ENGINE MOUNTING
10909,20704688,FITTING
10910,20912839,SENSOR
10911,20933999,HEXAGON NUT
10912,20853821,BRACKET
10913,1940-67,SIGNAL LAMP
10914,20706011,BRACKET
10915,20706095,FLANGE SCREW
10916,20706114,GASKET
10917,20461976,ADAPTER
10918,20779171,SWITCH
10919,20485633,SHOCK ABSORBER
10920,20802313,PANEL
10921,20802371,GUIDE 8211
10922,20816521,STEP
10923,20799474,PULLEY
10924,20428167,RUBBER BUSHING
10925,1940-9006XS,BULB
10926,20710706,NIPPLE
10927,20512050,FUEL TANK
10928,20828489,BUSHING
10929,20709545,RELAY
10930,20722632,STEP
10931,20377035,BRACKET
10932,20542349,INSULATOR
10933,20850490,OIL PIPE
10934,21025817,CABLE
10935,20745721,CONNECTOR
10936,20960412,CROSS MEMBER
10937,20496540,HOSE
10938,20387470,SPACER SLEEVE
10939,20739621,SEAL
10940,20727160,EXTENSION
10941,21031382,Cable
10942,20378923,FUSE
10943,20760135,HOSE
10944,20989415,VALVE
10945,20764728,FAN RING ATTACHMENT
10946,20442147,SPACER SLEEVE
10947,2104-127760,CLUTCH BRK(PKG 1PER)
10948,20491791,ELBOW NIPPLE
10949,204SX202A,KIT
10950,20894629,CLAMP
10951,469846,SEALING RING
10952,4379-RD354740,SPACER/GASKET CORE
10953,4732-12011043,SHOCK ABSORBER
10954,5435-65101,GAS - MAGNUM 65
10955,5166-25308,PX FO XTREME BLACK FROST
10956,5839-AF25707,AIR FILTER-OPTIAIR PRIMAR
10957,5479-102425,"COLLAR, CLAMPING"
10958,5554-3433851,COMBINATION - WITH NEOPRE
10959,5435-65110,GAS - MAGNUM 65
10960,5435-65158,MAGNUM SHOCK
10961,5396-GC3030CW,BRAKE CHAMBER
10962,4482-WCUSA2255SC,PEWAG USA MADE 7MM SNOW C
10963,4379-RD539331,BLOWER WHEEL
10964,4801-PSH221,SILICONE PLUS BLADE 22
10965,49AX96U,PLUG
10966,5396-BE22302,BUTT CONNECTOR
10967,4379-RD588120,"KNOB,ROTARY CONTROL"
10968,5396-GC2424L,BRAKE CHAMBER
10969,5235-AO20024510100,BAJA 24.5X8.25 HIGH LUSTE
10970,5396-AL919339,ELECTRONIC CONTROL UNIT A
10971,4379-RD105500,HEATER CORE
10972,4379-RD344050,HARNESS
10973,4736-466425,FIRE EXT.
10974,4379-RD566910,INSERT
10975,5396-45210058,BUSHING
10976,4379-RD584900,SWITCH
10977,6450-452118,"HOSE ASSY, 1/2 X 18, 3/8"
10978,6635-208211212,NON-STOCKED PART
10979,6635-1620F5OXS,TRIPLE-LOK - ORB
10980,6450-462272,"AC DISCHARGE HOSE, 72, 1/"
10981,6450-422015,"ELEC CONNECTOR, BUTT, CRI"
10982,6450-51302,"TRAILER EMERGENCY VALVE,"
10983,6635-06882020,REUSABLE FITTING
10984,6450-401237,D2 GOV - HIGH TEMP
10985,6450-421129,"CABLE, COIL, 7-WAY, 12, 1"
10986,6450-422009,"ELEC CONNECTOR, RING, CRI"
10987,6450-S68PMT66,3/8X3/8 MALE CONNECTOR
10988,5839-FS1098,"FUEL/WATER SEPARATOR, CAR"
10989,5839-FS19770,FUEL SEPARATOR SPINON
10990,633-J445141A,"PLATE, GAUGE"
10991,60113311,WASHER
10992,6019-550054693,ROTT4NGPLUST15W40CK4_1X55
10993,6300-8940416302,SWC PRB 200 PTC N/A NNUT
10994,6300-RBE13250,SWITCH
10995,6300-RKN20561,TRAILER HAND CONTROL VALV
10996,5887-MM5620SSC,SSC MK CXU AEROCLAD BPR
10997,6300-4324219222,SK-SYSS 1800 COALESCING C
10998,5839-WF2054,DCA2 WATER FILTER
10999,5839-FF5480,IN-LLINE PLASTIC FUEL FIL
11000,5839-LF560,OIL FILTER CELLULOSE CART
11001,7413-10083208,ASSY PRESET HUB/ROTR AFTM
11002,7413-107479,WHEEL STUD
11003,7376-52513,"TURN LAMP,YELLOW,TORSION"
11004,745-801693,VALVE ASSY
11005,7376-60701,"LICENSE LAMP, CLEAR, MICR"
11006,745-K072856,SENSOR STEERING
11007,6971-MT221095,O-RING
11008,7376-67070,"PIGTAIL, SHORT WIRE W/GRO"
11009,7376-49262,"CLR/MKR, RED, LED, ROUND,"
11010,745-283590N,PRESS RED VALVE
11011,7376-54183,"STT LAMP, YELLOW, LED, SI"
11012,745-800471,RELAY VALVE
11013,7376-63611,"FORWARD LIGHTING, CLEAR,"
11014,7376-64G11,"FORWARD LIGHTING, BLACK,"
11015,7413-103929,"HUB, CUP & BOLT ASSY"
11016,7376-944115,"FORWARD LIGHTING, 4 X 6,"
11017,7376-401523,"REFLECTOR, 3 1/4 ROUND, R"
11018,745-801993,ABS MODULATOR VALVE
11019,7376-53973,"TURN LAMP,YEL,SUPERNOVA L"
11020,7376-543623,"STT LAMP, RED, 4 ROUND, H"
11021,745-277215N,PRESS RED VALVE
11022,7376-812302VM,"EZ CLAW, PLATE BRACKET, V"
11023,745-808297,CAMSHAFT
11024,745-225720N,12 VOLT BUZZER
11025,6971-MT221108G,"GASKET,TRUNNION COVER"
11026,7065-315424,KENWORTH/PETERBILT
11027,7843-3634024,DEFENDER HUB CAP W/RED PL
11028,7843-6100084,HUBO BRACKET
11029,7843-7098118,PLUS KIT KING PIN KIT
11030,7843-3303025,GASKET
11031,7843-3604024,DEFENDER HUB CAP W/RED PL
11032,7843-K160S,QWIK KIT KING PIN KIT
11033,745-K141495,TRANSMITTER ASSEMBLY
11034,745-K148719,DASH VALVE
11035,745-K126580K,KIT - CAM / BRACKET
11036,7526-12193552,COVER ASSY
11037,7623-K1165SF,VALVE ASSY
11038,745-K182235,BRAKE PAD KIT
11039,8083848,CROSS RECESSED SCREW
11040,8116-72196,ATM MINI FUSE 15 AMP
11041,8116-57116,LOCK NUT C P 9/16-12
11042,8116-75038,TUBE CLIPS 1 3/4 RBBRZD
11043,8074960,HOUSING
11044,8116-6252,BATTERY CBL 6 GA 2 COND
11045,8116-6034,HOLD DOWN NT 3/8
11046,8116-16233,HX CP PL USS 9/16X5 8
11047,8116-16150,HX CP PL USS 3/8X1-1/2 8
11048,8074524,CONTROL VALVE
11049,805-1884081001,DOT AB CONN NYLON 1/4 TUB
11050,8116-75080,TUBE CLIPS 1-1/2 RBBRZD
11051,8116-75132,SPLIT LOOM 1/2 X 100
11052,78630697,BRACKET
11053,800-6222133001,"KIT,ISOLATOR SPRING"
11054,78546471,EXTENSION KIT
11055,78599869,DECAL
11056,800-6222077001,AIR VALVE
11057,800-6222086001,KIT
11058,800-6235122C03,SEAT COVER KIT
11059,80015,MALE PIPE (NPTF - 30 CONE SEAT
11060,78561438,SHIELD
11061,8116-91309,A/B ML CONN 3/4 X 1/2 PU
11062,8116-90331X2,PIPE COUPLNG 3300X4
11063,8116-91393,A/B ML EL 45 3/4 X 1/2
11064,5839-AF27684,AIR FILTER- METAL PANEL
11065,5839-AF4195,AIR FILTER-PRIMARY
11066,5554-1427718,SERVICE CHAMBER - AIR DIS
11067,5839-AF4286,AIR FILTER-RADIAL SEAL PR
11068,5554-1621901,BRAKE CHAMBER
11069,5828-235230132,U-ARM RH CHARCOAL MORDUR
11070,5554-3431954X,COMBINATION - WELDED YOKE
11071,5396-SC24XLCW,BRAKE CHAMBER SERVICE T24
11072,5435-66145,GAS MAGNUM 60
11073,4379-RD5119960M,CAGE - #16 EZ-CLIP
11074,465784,SEALING RING
11075,5165-CPI3000W,COBRA POWER 3000W INVERTE
11076,5166-80050,SEALANT
11077,4379-RD545830,TRINARY SWITCH
11078,4379-RD594191P,RECEIVER DRIER R134A
11079,5396-40010211,SLACK ADJ KIT
11080,4736-46611201,FIRE EXTINGUISHER
11081,4379-RD566511,BLOWER WHEEL (CW)STEEL
11082,5165-PP107202,DEA739-AM/FM/WB/FRONT-REA
11083,5165-PP107014,Volvo radio
11084,5396-11903,FITTING HOSE END
11085,5396-BK313,BRAKE ASSY.
11086,6450-451039MVR,"COILED AIR, RED, 15, 12 &"
11087,6450-S779AB66,3/8X 3/8 45DEG ELBOW NO S
11088,6635-2082188,NON-STOCKED PART
11089,66-181704XN1161,COVERALLS - HIGH BACK
11090,6635-1220F5OXS,TRIPLE-LOK - ORB
11091,6635-42F6,UNION
11092,6450-S623,3/16 COMPRESSION UNION
11093,6635-11203ABLK,AIRBRAKE TUBING 1000 LENG
11094,66-189017VN601,SEAT-HERITAGE LO MB 20 15
11095,66-189803VA601,SEAT-HERITAGE SILVER MB 2
11096,66-189803VA605,SEAT-HERITAGE SILVER MB 2
11097,66-181704XN1163,COVERALLS - HIGH BACK
11098,66-181759PS,HINO ADAPTER PLATE KIT
11099,5839-FS1003,FUEL SEPARATOR SPINON STR
11100,6300-4329012482,AD-SK-COALESCING CARTRIDG
11101,5839-FS20073,FUEL SEPARATOR SPINON
11102,60112887,FLANGE SCREW
11103,60111878,HEXAGON SCREW
11104,60111966,FLANGE SCREW
11105,60113429,HEXAGON SCREW
11106,6322-132553,SENSOR KIT
11107,6019-550045347,ROTELLA T6 5W40 CK4_3X1UG
11108,5839-FK13924,FUEL FILTER SPINON/FUEL C
11109,5839-AF821M,AIR FILTER-SECONDARY
11110,5839-FS20201,FWS CARTRIDGE METAL
11111,5839-FF42128NN,FUEL FILTER
11112,60111888,HEXAGON SCREW
11113,60111983,WASHER
11114,5839-LF637,ELEMENT
11115,6300-4410309102,WHEEL SPEED SENSOR KIT -
11116,6301-15480686,COVER
11117,7376-812300,EZ CLAW TENSIONER SYSTEM
11118,7376-40053,REFLECTOR
11119,745-5001247,MTG BRKT KIT
11120,7376-44530,FLASHER 2 PRONG H/DUTY
11121,745-K070974,VALVE
11122,745-K040025,BRACKET ASSEMBLY
11123,745-803116,RELAY VALVE
11124,745-107516N,CYL HD MAINT KT
11125,7376-49332,"CLR/MKR, RED, LED, ROUND,"
11126,7376-49343,"CLR/MKR LAMP, YELLOW, MIC"
11127,7376-54752,"STT LAMP, 6, RED, LED, OV"
11128,745-228431N,HORN VALVE
11129,745-800523,DASH VALVE
11130,7376-66812,"6"" 3-WIRE PLUG IN PIGTAIL"
11131,7376-43960,"BRACKET, GRAY PLASTIC, FO"
11132,7376-841038,"HARNESS, HEADLAMP, 2 PRON"
11133,7376-841081,PIGTAIL FOR H8/H11 BULB
11134,7413-102280,"STUD,WHEEL(3/4-16NF)"
11135,745-1003000N,BUSHING
11136,745-801742,RELAY VALVE
11137,745-802319,BRAKE CHAMBER (DISC)
11138,745-801315,DASH VALVE
11139,7065-317943,HENDRICKSON/MACK
11140,7065-315546,MACK
11141,7843-4004864,ZIP TORQ - MACK STEER
11142,7753-PF426416QSRL,MUNCIE PUMP
11143,7753-TG8DS6813A1KH,MUNCIE PTO
11144,7843-2B9229,SPRING
11145,7787-564700,O-RING(#8)
11146,7843-K200S,QWIK KIT KING PIN KIT
11147,7843-KH931L,QWIK KIT KING PIN KIT
11148,7843-7012009,PLUS KIT KING PIN KIT
11149,7833-575,"BRACKET,FENDER STRAIGHT B"
11150,7753-PL12702BPBB,MUNCIE PUMP
11151,7843-K180E,QWIK KIT KING PIN KIT
11152,7843-3727099,TRAILER WHEEL SET
11153,7843-KG931R,QWIK KIT KING PIN KIT
11154,7753-35T62496,SOLENOID EHPR-12V MODULAT
11155,745-MKD769PREM,PAD SET
11156,745-K128499,POTENTIOMETER KIT
11157,7623-3398699133,"NOZZLE, RH"
11158,8116-16162,HX CP PL USS 3/8X5 8
11159,8074710,MANIFOLD
11160,8075535,SHIM
11161,8081549,RETAINER
11162,8116-6693,BATTERY CLEA NER
11163,8086597,SPLIT PIN
11164,8116-71379X4,NYLON STR HD 14-1/2 120
11165,8116-73681,HOSE CLAMP EURO SAE 1
11166,8116-72454,S/S MARINE CLAMP 12
11167,8116-75056,TUBE CLAMPS 2 1/4 VINYL
11168,8116-6589,P1 CONTACT CLEANER 13.5
11169,8116-71668,ELECTRICAL TAPE 3/4X60
11170,8071207,AIR INLET
11171,8116-75257,RELAY 12V 20 AMP
11172,8116-71894,SEAL-A-CRIMP BUTT 12-10
11173,78611238,HORN
11174,78551045,CAP
11175,78554550,WINDOW
11176,7843-STMSET424,ASET555S-52A (K555S+K552A
11177,800-6222141001,LUMBAR KIT
11178,800-2339904N60,T915 MID MACK BLK CTH
11179,8116-90928,3/4 DOT AIR BRAKE TUBING
11180,8116-91387,A/B ML ELBOW 3/4 X 1/2 SW
11181,8116-90556,PIPE ADAPTER 3200X6X4
11182,8116-90339,PIPE HX NIP 3325X4
11183,8116-90370,PIPE 45 ST E 3350X2
11184,8141562,SHOULDER SCREW
11185,8178-132099,"PIN, ROLLER"
11186,8116-92818,HOSE END MED 21304N-664
11187,8116-9502,THREADLOCKER H/D-RED 35ML
11188,82278962,SWITCH
11189,8131292,GEAR
11190,82249058,RUBBER SPACER
11191,8235-1229W4521,WASHER
11192,8116-93502,MED PRES HO H21306
11193,8116-92332,INSERT 3/8
11194,8235-KIT5431,"HARNESS, KIT"
11195,8235-A11205Y2729,SEAL
11196,8235-A3211P3448,BRAKE SPIDER
11197,8235-KIT225255,WEAR INDICATOR
11198,8235-M807027,PREMIUM ASA
11199,8235-M808028,PREMIUM ASA
11200,8235-MER0273,WHEEL SEAL
11201,8235-A1805S539,SEAL
11202,8235-4X1921,"STUD(5/8""-11NC/18NFX2-1/2"
11203,8235-3131704S,MTIS THRU TEE
11204,8235-26X1003,"SCREW,STOP(1/2-20)"
11205,8235-2210W7537,CAMSHAFT
11206,85111898,CAMSHAFT
11207,85111920,CAMSHAFT
11208,85140584,CONNECTOR
11209,85140599,CONNECTOR
11210,85140607,CONNECTOR
11211,8446-S24679,"PIVOT BOLT KIT, QUIK-ALIG"
11212,84752065,HOOD CATCH KIT
11213,85114066,FILTER
11214,8498-229921,CABLE ASSEMBLY - NON-ABS
11215,85141929,BRAKE DRUM
11216,85116639,INSTALLATION KIT
11217,85142742,FILTER KIT
11218,85144631,MIRROR
11219,85124339,CAMSHAFT
11220,8498-1181150,AIR LINE - RED & BLUE RUB
11221,85144630,MIRROR
11222,8413-25254Y,"SVCE-LMP-LED,SURF MNT"
11223,8498-120163125,GLADHAND SEAL - POLYURETH
11224,8498-12008,GLADHAND
11225,85110113,CLEVIS
11226,85125989,SOLENOID
11227,85104234,KIT
11228,85130765,CONNECTOR
11229,85135343,SEALING COLLAR
11230,8413-97861,"WEST COAST MIRROR, SS"
11231,8498-5534,"SPIRAL WRAP - 1 I.D., BOX"
11232,82696906,HOSE ASSEMBLY
11233,8498-154014,"SPADE TERMINAL - PVC, 22-"
11234,84719514,HOSE ASSEMBLY
11235,84719921,BRACKET
11236,84722932,STEERING SHAFT
11237,85113358,WHEEL STUD
11238,85135960,CONTROL
11239,8498-801161,"DISPLAY - GLADHAND SEALS,"
11240,8498-17148,TENDER SPRING ASSEMBLY -
11241,85137728,VALVE
11242,85154050,FITTING KIT
11243,82677191,HOSE ASSEMBLY
11244,84569247,SHOCK ABSORBER
11245,8397697,TUBE FITTING
11246,82726699,EXTENSION
11247,84224346,EXTENSION
11248,8413-80394,SEALED BEAM UNIVERSAL MOU
11249,84734895,RETAINER
11250,84744696,GRILLE
11251,8236-SET445,MILEMATE SET
11252,8413-30700,"GROMMET FOR 2"" M/C"
11253,8413-1259A,MARKER LAMP
11254,82602148,GLASS
11255,8446-S14187,LINK ASSEMBLY - BOLTED
11256,84180462,DOOR
11257,BD10833,"ADAPTER, BRASS PIPE, 1/4"
11258,ATRTH5722264,HOLLOW MOUNT BUSHING
11259,ATREA38000,END BUSHING & ADAPTER KIT
11260,BDKP23828,PSH-TO-CONNTBEFTGS5/32X1/
11261,23-13833-112,NUT
11262,2206BRYM,ELECTRONIC CLEANER 11 OZ
11263,240-30VA,COUPLER
11264,240-PTCN200N,WELD KC NIPPLE
11265,2384664C,STUD BOLT
11266,2154313PE,OIL PAN
11267,BDBD1125,(BD1125-1)CUTTING/DRILLNG
11268,2400-89477,23669027 TENSION
11269,BDKP79908,MICRO HOSE CLAMPS #12 - 5
11270,274-320-407-005Z,"OIL LINE 6.75"""
11271,277-HU1E,EQUALIZER
11272,29543434,"SENSOR ASSEMBLY-SPEED, RETARDE"
11273,229859P-ALX,"QR VALVE 3/8"""
11274,280-355-368,"FLANGE ELBOW 3"""
11275,23-12625-002,"SPRING NUT-METRIC,U TYPE"
11276,23019664,"O-RING-UDN-908, VITON"
11277,28600P,"FF2 VALVE 3/4""RES"
11278,23047854,BRG ASSY
11279,29505605,BUSHING 28 INPUT/OUTPUT
11280,29536482,"PLATE-REACTION, C5(SEE CHRT DW"
11281,27183,THREADLOCKER
11282,29536478,GASKET MAIN HOUSING
11283,BD36708,HARDENED FLAT WASHER- 3/4
11284,BD39728,LOCK WASHER 7/16 ZY
11285,BD36707,HARDENED FLAT WASHER- 5/8
11286,BD39571,GR. 8 HEX NUT 1/4-28
11287,4300184,SPACER
11288,3126M,26 INCH WIPER BLADE
11289,3-3-1502KX,SLIP YOKE
11290,29546539SS,GASKET
11291,313761-1X,4TH-5TH FORK AND RAIL
11292,401612,CRC COPPER COAT
11293,360-8960,FUEL FILTER
11294,4042,LOCK ROD GUIDE BUSHING
11295,4050-LL5B1-7078-R,LANDING LEG 5 BOLT
11296,4-1974-2,LOCK ROD CAM
11297,46X5,FM CONN
11298,34215X98WH-ALX,"15"" INTERMEDIATE PANEL WH"
11299,3550X6,45 DEG FITTING
11300,409569SAL,SERVICE CAP
11301,439-5037,FUEL WATER SEPERATOR
11302,321285PAI,CAT INJECTOR ORING KIT
11303,46X8X8,FITTING
11304,30253,#10 STUD EYELET
11305,40VALWT,"4"" DUST CAP"
11306,6040856C1,CABIN AIR FILTER
11307,5404-12-08,MP x MP - Hex Pipe Nipple - St
11308,54X8X8,FITTING
11309,631387,GASKET
11310,571PT113-12,PIGTAIL
11311,5582-10-BX,SW TGL SPST HENCOL
11312,5060525,POLY RIB BELT
11313,5051236,CLAMP
11314,5060458,POLY RIB BELT
11315,5-349,SHORT SANDSHOE
11316,62006,GAS INJECTION VALVE
11317,53996,3/4-16 NYLON LOCK NUT GRADE 8
11318,6L8562,STUD
11319,665087002072,MYSTIK JT6 PRPL 460 GREASE #2
11320,71856,CURVED RADIATOR HOSE
11321,510870,SHIFT FORK KIT 129856-129859
11322,6465A,"""LED BEACON,360*,AMBER"""""
11323,730005PTV,RADIATOR
11324,70-225,2.25 SILICONE HOS(PER INCH)
11325,6262,MAGNA LUG 1&2 GA HEAVY
11326,7353,TRANSMISSION FLUID / QT
11327,68100024-MON,ALUM TOOL BOX 24X24X60 2 DR
11328,74009B,HUBCAP
11329,7010201,APOLLO BR3/8
11330,665005002072,MYSTIK JT-6 RED #2 120# KEG
11331,3J7352,CONNECTOR
11332,34LW8,LOCK WASHER
11333,48X8,48X8
11334,33-75190,SCOTT SHOP TOWEL
11335,29558420,"HARNESS ASSEMBLY-WIRING, INTER"
11336,4305413TUL,STUB LEVER
11337,3350X2,1/8 45 STREET ELBOW
11338,36-30-102,4.59 .180
11339,3-2048-2,PETERBILT HEADLIGHT BEZEL
11340,3151X2,FITTING
11341,3151X6,"3/8"" PIPE PLUG"
11342,3136JJ,ANNU VEH INSP DECAL
11343,45478,WASHER
11344,300247STC,TERMINAL FEMALE
11345,384139C3,POWER STEERING HOSE
11346,8130112MVP,OIL PAN D2D
11347,A4600700887,INJECTOR O-RING KIT W/ BOLT
11348,A06-94214-000,HARNESS JUMPER
11349,77575,Y-STRAINER 1 60 MESH BRONZE
11350,83996,1/4 X 1 1/2 OD FLAT WASHER
11351,91227,A/B ML CONN 1/2 X 3/8
11352,A8929387,SENSOR
11353,AD12MB-16MJ,MBXMJ
11354,A9904,ECCO MOUNT BRACKET
11355,A46PB,PIGTAIL:2WIRE STRGHT;6LEAD
11356,ANC-52210GL,10 BUNGIE
11357,C5405X8X8,ELBOW
11358,BCB-1265,TIE BOLT
11359,B81-1043-001,SPRING-13 2K COMMON CHASIS
11360,B92240238,CLAMP
11361,ALU2-7,5 ALUMINUM CROSSMEMBER
11362,BHT-D3521-5,FRT CENT/COL CHARGE AIR COOLER
11363,BAV050SA,4-WAY 2-POSITON VALVE
11364,CR600,5/8 HUB CAP
11365,ALN29551556,SHIFT PAD
11366,C0075-ID,DOC
11367,C0127-ID,KENWORTH DOC
11368,C1124A-L,EXTREME CAM 24-3/8 1-7/8
11369,C1311O-R,EXTREME CAM OVER SIZE
11370,CR1,CHAIN RACK
11371,CTT00009000OTT,MIRROR
11372,A0001427857TUL,SEAL RING
11373,D1164X6,COUPLER
11374,DAY-HD19M,DRUM 3687X
11375,98-465-4,COLLAR 98-465-1
11376,C0107SA,DPF FILTER (2510795C1)
11377,B92220325B,T-CLAMP 3-1/4 - 3-9/16
11378,CHR453868,HUB OILER GASKET
11379,C40-150X36,1 1/2 IN SILICONE HOSE
11380,D1165X6,BR 1100 DOT 3/8 TUBE 90
11381,D1165X8-YAK,BR1100 DOT 1/2 TUBE 90
11382,AA01045,"NUT, HEX, CASTLE, 1.5-12"
11383,BDXK041772CCC,BENDIX SLACK ADJUSTER POS N
11384,D1162X2,DOT UNION 1/8
11385,86738BGC,004 ST/STEEL HOSE CLAMP
11386,891989,"KIT,INJ"
11387,90907,MALE CONN 282 X 2
11388,77188GL,"STRAIGHT RADIATOR HOSE, HD GL"
11389,1785301HS,BUTT CONN 22-16 GA HEAT SHRINK
11390,90341,PIPE RED NIP 3325X4X2
11391,904-7441,Speed Sensor
11392,77263GL,"STRAIGHT RADIATOR HOSE, HD GL"
11393,801100OEMEND,"FAN HUB, MACK 22929437"
11394,9433344,RACE
11395,90555,PIPE ADAPTER 3200X4X2
11396,802539EPAI,MODULE VALVE
11397,8T9655,MOUNT
11398,91430,"ELBOW 3/8"" X 1/4"""""
11399,7821132,MINI 20 AMP FUSE
11400,8116-35032,NAPA DOT 3 BRAKE FLUID
11401,91782,SILICONE SEALANT 2.8OZ
11402,77150GL,"STRAIGHT RADIATOR HOSE, HD GL"
11403,7W5340,GASKET
11404,84310,3/8 X 1/4 AR BRK 45 MALE ELBOW
11405,K1862X8,FITTING
11406,K1862X6,FITTING
11407,FL220,SPRING
11408,INS,INSP FORM
11409,FBC101-R,FLAG BRKT CLAMP
11410,HM218248-PDC,BEARING 218248
11411,I-04-3150-A,04 ARM W/ WHEEL PIVOT
11412,FA68054,7/16-14 X 3 HHCS
11413,HE10AA,FLANGED WASHER
11414,H1-019-1242,SPRING COMPRESSION
11415,FCS,FENDER CENTER SUPPORT
11416,KC125,1 1/4IN PLATED KC NIPPLE
11417,HDRVS29859FIP,AIR SUS BEAM BRKT
11418,L45-1032-100,GRILLE MESH LH
11419,FB7,BRACKET
11420,HENS-24459,SLIDER CLIP
11421,K1869X4X6,FITTING
11422,LSV3766,SELECTOR VALVE
11423,H5125-0658,CHAIN BINDER
11424,KF2-700-250-LH,A-FRAME-100 SET
11425,KN0115,KW T-2000 BUMPER AIR DAM LH
11426,LUC-10030,5TH WHEEL LUBE/12X1/16 OZ
11427,MBA6099810105K,INPUT BEARING SET
11428,FSFRBRAC,REAR FENDER BRACKETS FOR FSF
11429,MBRAKE,BRAKE FLUID
11430,KN0114,KW T-2000 BUMPER AIR DAM RH
11431,MEK514144400,CHROME MIRROR
11432,MCC-200,2 OZ MC WT
11433,FA68321,3/4-16X3-1/2 HEX CAP SCREW GRA
11434,JL50AA,PREFORMED ALUMINIZED CLAMP
11435,H1-026-2919-057,RETAINING RING
11436,H10-9004,9004 LOW BEAM LED
11437,HDVAW245H,24.5X8.25 ALUM WHEEL
11438,K080820HDBGC,BELT
11439,LUCA10003,LUCAS FUEL TREATMENT 12/1QT
11440,FH32,DOT 3 BRAKE FLUID
11441,HE10AB,CONCENTIC FLNG WASHER
11442,HH-050X25,1/2 SILICONE HEATER
11443,K1869X4,FITTING
11444,EGK-3426,VALVE COVER GASKET (554GB321)
11445,DW2433,VN WINDSHIELD W/CAMERA
11446,ECANTE-5,ANTENNA
11447,DEXRON3,DEXRON 3
11448,321230,O-RING
11449,334739-YAK,BOLT
11450,32382UP,4X6 HEADLAMP BEZEL
11451,32GB515M,FUEL FILTER ADAPTER
11452,DRC6014,"1/4""NPT TURN AIR DRAIN VALVE"
11453,EZ3,"VALVE,DRAIN 20MM-1.5"
11454,STELL200,STREET ELL
11455,P99150202,THERMOMETER BLUE DISPLAY
11456,RA472,AXLE GEAR
11457,SLV6NA,BRASS
11458,OPT-MCL59RB,2-1/2RD RED 8DIODE
11459,RT-0003,TEMP BOLT
11460,SDV40-K-2,WORK SECTION REPLACEMENT
11461,RK35107296,FIFTH WHEEL JAW KIT
11462,RTC-1718534PE,PACCAR FILTER KIT
11463,S-A278,WELD YOKE 2-28-367
11464,MS-M2675,MACK WAX COTTON BROWN & KHAKI
11465,PROLG-KIT1,HARDWARE KIT LANDING GEAR
11466,SHS2AW32TUL,HYDROLIC OIL SHELL
11467,R404A-24,R404A 24LB CAN
11468,T212A,3/4 2 WIRE HYDRAULIC HOSE
11469,ST70RB,TAIL LIGHT OVAL SEALED;RED
11470,PHC10143-4-4,FTG
11471,PHC387TC6,HOSE
11472,RF500-51RU,OIL LINES W/FITTINGS RU PUMP
11473,SP559069-KP,Service & Complete Air Spring
11474,SP-558864KP,AIR SPRING 8864
11475,SP-559616KP,AIR SPRING 9616
11476,TS-RBH177591,SERIAL RN2717
11477,RACK7586,HEADACHE RACK
11478,TR8050,AIR SPRING
11479,S-C730,RATIO GEAR
11480,TR8813,AIR SPRING
11481,TR8709,TRAILER AIR SPRING
11482,ST1908,3-1/4 6POINT BRG NUT SCKT
11483,R56-1206,2018 KW T880 DOOR LATCH
11484,SP-559372-KP,AIR SPRING W/PLASTIC PISTON
11485,TRU-FMK-0004,TACTICAL KNIFE
11486,VS-415-40,"1-14"" LGRIM HOLE VALVE STEM"
11487,VQ1204-C,DPF Volvo/Mack D13/MP8 and D16
11488,S684A-MON,1/8 NPT FITTING
11489,TSK65-B036,6-5 REDUCED BULLHORN 36
11490,SB1300,"13"" SCRUBBLADE"
11491,TTN-105,3/8DOT-1/4MPT FITTIN
11492,USAZZ2249S,SINGLE 24.5 ZIG ZAG
11493,S-16455,AIR SHIFTER COVER 16TA3803
11494,WF10458,FUEL FILTER
11495,SC3003DI,AC UV SUPER DYE 1OZ
11496,SP121000-1,SP-SOLO DM2 7SP 1700
11497,USA2221SC,Pewag Light Tr Square 5.6mm SC
11498,S-25691,NITROGEN OXIDE (NOX) SENSOR
11499,SP559375-KP,Service & Complete Air Spring
11500,T107FIP,CLUTCH ALIGNMENT TOOL
11501,RB21D,21 STRAP
11502,WHIP,BATTERY PROTECTOR/PENETRATING
11503,T3598,7' X 12' HD BLACK MESH TARP
11504,WHI1209-A,END HINGE
11505,QDWC1212FP,"""3/4"""""""" Wing Style Coupler, 3/4"
11506,OTR1656B,DRUM
11507,MS-M4473XL,DOG IS MY CO-PILOT PURPLE HAZE
11508,R134A30W-1,FREON - 1LB
11509,NP62-10-ALX,"NYLON PUSH-ON UNION 5/8"""
11510,PPX6218,2X30HD RATCHET STRAP
11511,MS-M4471LG,DOG IS MY CO-PILOT PLUM WINE T
11512,PCTRSY50-DRUM,SYN 50W TRANS OIL - PINT
11513,NP69-6-8-ALX,"3/8"" x 1/2"""" Male 90° Brass Elb"
11514,NP69SW-4-2-ALX,"1/4"" x 1/8"""" Male Swivel Elbow"
11515,PREK8607,ball joint
11516,PHC12C6X-S,FTG
11517,PT9058090,SINGLE PRESSURE TIPPER VALVE
11518,OPT-MCL21RB,R LED BEEHIVE MARKER
11519,QKN71-6127-110LH,PB BUMPER END LH
11520,PLUG100,"1"" PIPE PLUG"
11521,1118951,"""Arm-Matic™ Tarp Crossover Tub"
11522,11585,"NIPPLE, CLOSE PIPE"
11523,1440093-01,KANN HYD FILTER
11524,1602283,GASKET
11525,1678120C1,TWO SECOND TIME RELAY
11526,17202,Oxygen Sensor
11527,1208003,1/8 AIR LINE
11528,131591,AC SUPPORT GASKET
11529,1801281,"""Arm/Pull Tarp HD Black Mesh 8"
11530,120-064-003,O-RING 2-240 VITON
11531,1404-12-12,MP x FPX - NPSM Adaptor - Stee
11532,1802007,Side Plate w/Bearing Zinc Pla
11533,10669,Deep Clean/24x1/ 5.25 Ounce
11534,11141,ALL/WIRE
11535,1705100,"TOOLBOX, ALUMINUM 18X18X24"
11536,1105-0055,"""HOSE,STICK"""""
11537,1812348C1,"""SLEEVE,TUBE3/8"""""""""""""
11538,1800437,Rubber Bumper - Bullet™
11539,1830720C94,HEAD GSKT KIT
11540,15-OTR6818,OTR 3 IN 1 AIR/ELECTRICAL SET
11541,1884-092005,brass hex nipple mpt 3/4
11542,1802163,"""Arm/Pull Tarp HD Black Mesh 9"
11543,131332,CLUTCH
11544,084256,COMPRESSION UNION 5/8
11545,1105-0128,"""HOSE,COOLANT"""""
11546,102-10013,LUCAS FUEL TREATMENT GALLON
11547,120-055-367,GASKET BRNGS COVER FRONT
11548,120-083-001NV,FAN CCW
11549,0951G08-08,JIC Female 37° Cone - 90° Swep
11550,03-35804-000,"""ISOLATOR,A/CLNR"""""
11551,116-TBC250,CLAMP
11552,120105112,SOLENOID
11553,10877,Extreme Duty Gun Oil - 4 oz -
11554,136102,"SEAL,FUEL FITTING"
11555,1143589,263 PRIMERLESS THREADLOCKER
11556,1002-1407-KIT-F,CAPPED AXLE TUBE W/CLIP
11557,1014-0005,"3"" weldable elbow sr type 90"
11558,WLT1003,SLYDE KING 2K
11559,0850G12-12,JIC Male 37° Cone - Straight -
11560,0850G04-05,JIC Male 37° Cone - Straight -
11561,0188210,"PUSHER AXLE BAG - ""DOWN"""""
11562,053-85724,PRIMARY WIRE
11563,0850G08-10,JIC Male 37° Cone - Straight -
11564,1000-CLU1044611,"CLUTCH, 430MM PUSH TYPE,"
11565,250SK,2.5 Stud Kit
11566,24314845,LINK ROD
11567,24198702,TORQUE ROD
11568,M1221,SATIN CHROME ZIPPO LIGHTER
11569,M5322-MD,WOMENS LIFE IS GOOD HOODIE
11570,215SB213B,LINER KIT
11571,8972615503,KNUCKLE; FRT AX
11572,56133500B,Hose Clamp Hi-Torque 4.25-5.12
11573,24539195,HOSE
11574,571LD68CG241K,Warning Light Kit 6in Green 24
11575,PHI157292,QCS2&reg; Socket 7 Pin w/Bulle
11576,2-1569,1330/3R U JOINT
11577,2040-27,"4""X27' TOW STRAP"
11578,5479-485022DAV,"KIT, DRAIN SERVICE"
11579,20010Y,2 AMBER LED LAMP
11580,465TRWSG08,Steering Gear Volvo
11581,202-2006-3NPT,"""PSO 20"""""""" X 6"""""""" 3"""""""" NPT"""""
11582,57796505OE,Binary Switch AC Mack
11583,671611,"BEARING,MAIN"
11584,18N-53-171,STUB SHAFT
11585,29562548,TRANS CONTROL UNIT
11586,30ZY81,LEAK LOCK
11587,310-54-PP,RIGHT WEIGHT GAUGE W/BOX
11588,20914731FIP,WIRES
11589,3096226,SEAL
11590,85107095,ABSORBER
11591,24344608,SENSOR
11592,23849186,SEAT
11593,21403611,EXHAUST PIPE
11594,M-4352145,Upper Gasket Kit
11595,113552MD,HYBRID JACKET
11596,674-5011,Exhaust Manifol
11597,BOW-ST04-ALX,ROOF BOW W/ BRKTS
11598,SP-C7-V-001S,TOP PLATE - JOST
11599,WEN29502439,YOKE O-RING
11600,P552709-ALX,F/W FILTER
11601,MPB7546K,Air Spring Stud Kit Peterbilt
11602,56129494B,V-Band Clamp Breeze
11603,1105-0084WF,COOLANT HOSE
11604,1105-0097-101,COOLANT HOSE
11605,57796518SAL,OIL LEVEL SENSOR 23285701
11606,57762526,HVAC Controller Mack
11607,100A169032,Caliper Boot Kit EX225H
11608,WAB4721700020BGC,SOLENOID
11609,10006552,"24x36 1/4"" Black Econo Poly Mu"
11610,EVR948439,AC Compressor Clutch York Type
11611,MLC5KTAUX,BOLSTER SERVICE KIT HENDRICKSO
11612,170K078219,ATR6 Type Traction Relay Valve
11613,840TM994295,Turbo Mounting Gasket Caterpil
11614,104559,"PATRIOT 75W90, 5 GALLON"
11615,550502FIP,BUZZER
11616,ST338HDV,"50' 300 PSI 3/8"" MPT Shop Hos"
11617,TR9307,AIR SPRING
11618,TRA2741A-NL,3 LEAF SPRING 365-01
11619,TRU-TOL-0001,SHARKEY 12-in-1 KEYCHAIN
11620,PERM80632,PERMATEX THREAD SEALANT W/ PTF
11621,PTTGM4948-TUL,SCREW DRIVER SET
11622,UP-35861,FOG LIGHT
11623,640048,capscrew
11624,M1650,BLK CUFF KNIT CAP
11625,636020PAI,KIT SEAL CRNK DDC23516969
11626,EWP-8699-TUL,pulley
11627,HDV-NT2606RED50,"3/8"" NYLON TUBING-RED-50"
11628,3W7Z12029AA,"""COIL ASM,IGN"""""
11629,M5350-2XL,GUNMETAL CAMO HOODIE
11630,PRESAF3100F,PRESTONE ALL VEHICLE YELLOW AF
11631,PRIMPGSYN530,PG SYTHETIC 5W30 QUART
11632,98HX54WEL,MOBIL DELVAC SYN ATF
11633,24533434,SWITCH PANEL
11634,24608794,SPRING LEAF
11635,24470890,FILTER KIT PRIMARY
11636,24627034,U-BOLT ANCHORAGE
11637,78598725,BRACKET KIT
11638,3443-9500HP,9.5 FAN CLUTCH KIT INCLUD
11639,M4745SM-VB,LADIES BLACK MACK LOGO
11640,M7235,Tan w/Charcoal Patch Cap
11641,25158639,BRACKET
11642,23589815,CHARGE AIR COOLER
11643,23619327,ADAPTER
11644,500905-01,"Air Bellow, Without Shock Abso"
11645,29503283-YAK,GASKET
11646,24412815,FLAP
11647,38BD00BW,DRUM 15X4
11648,50842P,"0.709"" PVC Compression Fitting"
11649,441243P,Maxxgrip Gladhand - Red
11650,5177-143,1/4 X 1/8 SAE MALE ADPT
11651,52088915AA,POWER STEERING O-RING
11652,50830P,Round Filler Plug - Grey
11653,5107-143,MALE BRANCH TEE 1/4X1/8
11654,5-281X-HAY,1810 U-JOINT
11655,50-2510,HOSE CLAMP
11656,502833,Shock Absorber
11657,550062008,SPIREX S6 ATF A668_3X1UGL
11658,23722944,AIR DEFLECTOR
11659,6347911XWEL,YOKE
11660,611-003010PDC,WHEEL NUT M22-1.50
11661,HOHRK2311,"KIT, LOW LUBE PLATES (FW8"
11662,24519746,PARKING BRAKE CONTROL
11663,LNL65196,Tire Inflator Adapter (“196”)
11664,HM-SDV70-K-213,"491-2873-203, SDV70 Air Shift"
11665,6723384,AB PUSH-ON ML BR T SWV 1/2X1/4
11666,828905-1A,SEAL
11667,JDC201A,Volvo CE Diagnostics cable
11668,HAL963228005-143,T/S BULB SOCKET
11669,CGP3089110277,PUMP
11670,HC125BPC,"1-3/4"" T-BOLT HOSE CLAMP"
11671,K0407-LOW,MOUNTAIN TARP STANDARD ARM 12'
11672,M1776-LG,USA BULLDOG BLUE TEE
11673,FURK3420CTG,KIT FRO C RATIO
11674,K125329NBXW-END,SPIDER ASSEMBLY
11675,785500F,14GA WIRE
11676,FA68110,5/8-11 6 HHCS
11677,CHL489QQLZX-D3XD,PTO ASSY
11678,AIR-TOGGLE-5223,AIR TOGGLE SWITCH
11679,BTPIN01,SNAPPER PIN 3/8X2-1/2
11680,GS-AFP-1041-E10A,FILTER CARTRIDGE
11681,SP6-4-8981-1X,END YOKE
11682,R801700PDC,Meritor Automatic Slack Adjust
11683,STP126,WIRE TERMINAL
11684,LF3970HHD,FILTER
11685,PW9101PNNNNN,SEARS SEAT
11686,PWGDHDLL5055,HD EXT LIFE RED 50/50 DRUM
11687,PSVC9264,POWER SERVICE CLEAR DIESEL 64O
11688,GT-4230SB58,HEATER HOSE
11689,SP7703-5204SF,UNWELDED D/SHAFT 1350
11690,SP558637KA,Service & Complete Air Spring
11691,QX2097A,Power Steering Pump
11692,QX378,Power Steering Pump
11693,M2620,White & Black / GOLD STRIPES
11694,M5418-AMA,BLK CADDY CAP
11695,M5720-MD,MACK 60'S RETRO BLK TEE
11696,P164PTC-6,DOT UNION TEE 3/8 X 3/8
11697,SP309701-34,CLUTCH-ADVANTAGE SELFADJUST 15
11698,SP5-1410X,U- JOINT KIT
11699,RR102272,AXLE SPLICE
11700,SP6-3-4-5221-1X,END YOKE
11701,MS-M6523,MACK RED WHITE & BLUE SUPERLIN
11702,MS-M9111,MACK CAMO BACKPACK
11703,MOR006720057-ALX,CORNER CAP-ROAD SIDE
11704,84283-143,1/4X1/4 90
11705,7373WKS,5 AMP MINI FUSE
11706,F37-1018-K-RPL,CABIN FILTER
11707,6741288,BRASS PIPE ST ELBOW 1/2
11708,CHL328591-16X,KIT
11709,9455-YAK,V-BELT
11710,708559-YAK,"8.5""SS CONVEX HD HTD,SS CENTER"
11711,618-TUL,bumper
11712,FA68126,3/4-10 X 5 1/2 HHCS
11713,BTSTOPBS,EZ MOUNTING BRACKET STEEL
11714,750396SAL,CENTER BEARING LOCK NUT
11715,90-0012RTC,"4"" V-CLAMP"
11716,CHL28-P-216,PTO - OIL SEAL
11717,6I2509,ELEMENT
11718,949677590GE0813WM,DRY GEARALL ELITE 75W90 PL
11719,8942481171-FMT,WHEEL SEAL
11720,BBQGLOV,Mamba BBQ Glove
11721,SP6-5-4-1891-1,END YOKE
11722,AFZGAL5050,ANTIFREEZE
11723,BTPIN08,CLEVIS RING ONLY (NO PIN)
11724,QX528,Power Steering Pump
11725,HF85302,FAN GUARD
11726,QX718-2,Power Steering Pump
11727,EVA2653PAI,VALVE 63AM28
11728,NP62-8-143,1/2 PTC BRASS UNION
11729,K061280-YAK,SERP BELT
11730,M2327-2XL,BALLISTIC DUCK INSULATED JKT
11731,891003F,VALVOLINE 10W30 BULK
11732,A6611346000-143,"MODULE - INFORMATION CENTER, E"
11733,K352-217,BUG SCREEN
11734,SP-559935-KP,AIR SPRING
11735,MS-M3065XXXL,CAMO BULLDOG LS
11736,MS-M4758,LADIES JUST MY SIZE TSHIRT-XXL
11737,2191-P574959,"FUEL FILTER, SPIN-ON"
11738,2191-P584000,FUEL FILTER
11739,194NATP-FP,194NA MINI BULB
11740,1892645PE-,IDLER PULLEY
11741,24670341,CONTROL PANEL
11742,3088-10005055,SEAL - TOP COVER MTM
11743,38501-143,BELT TENSIONER
11744,TB-SS,HOSE ASSEMBLY
11745,24704568,WIRES
11746,TFEN-SKITP,STAINLESS STEEL MOUNING KIT
11747,TR0173,WHEEL SEAL/370003A
11748,TR035164,GLADHAND RED
11749,WEN12162193,METRI PACK 150
11750,344-10558,SLICK MIST DETAIL KIT
11751,P00004MSC,DOT UNION 1/4
11752,MS-M2039XL,LADIES BLACK MACK LS
11753,MS-M4839XXL,GREY MACK HOODIE
11754,SP350-74-23806,NUT
11755,PIG45300,UNIVERSAL SPILL KIT
11756,FMP-4941235-RECON,TRANSMISSION ADAPTER
11757,APP04171,HEXNUT FLANGE SERRATED 3/8 SS
11758,88702-143,2.25 SILICONE HOSE
11759,L150SPIDERPOLY-END,L150 SPIDER BLUE POLYURATHANE
11760,TRCAC4080,"CAC 4X8"" WITH CLAMPS"
11761,TRCS100,"4""STANDARD PORTABLE WINCH"
11762,TRTK989642,REEFER ROADSIDE OUTE PANEL
11763,BSS120,BLACK GRIP GLOVE L
11764,96795-GCK,3/8X3 LNG NIPPLE BRASS FITTING
11765,JJ2012-300-4,Side Flange Gasket
11766,CCC35P8,CHELSEA SHIFT COVER GSKT
11767,62769-GCK,M16X2X110 HEX CAP SCREW
11768,MD-HBRS60,HEAD BOLT SET
11769,KIT5385-143,TRANSMISSION - SLAVE VALVE ASS
11770,PHILH11C1HW-143,H11 HEADLAMP BULB
11771,436-440-0255,BM: A/C FILTER
11772,463714,BRASS TEE
11773,DT670011,Fuel Tube
11774,NT06RD1,TUBING 3/8 RED
11775,CHL5-P-1428-11X,GEAR
11776,TUL03-35804-000,ISOLATORS
11777,5545G-143,12GA GRN PRIM WIRE
11778,CRK4620,CRKT AVANT KNIFE
11779,CRK7270,CRKT RIPSNORT FOLDING KNIFE
11780,TUL39220030,ENGINE FAN
11781,MAC4710NPA,ELECTRICAL CLEANER
11782,S-19164SS,CLUTCH SHAFT
11783,674-9016WF,EXHAUST GASKET
11784,132098PAI,COVER GASKET
11785,5839-FS20385,FUEL SEPARATOR STRATAPORE
11786,100132-FMT,AIR CYLINDER
11787,115223WKS,10W30 PATRIOT ULTRASHIELD
11788,1221034,TEK SCREW 10X3/4
11789,1228114,TEK SCREW 8X1-1/4
11790,TD1381030,GUNITE SLACK 6IN
11791,TR005VLMCCR,LH BOTTOM DOOR PLATE 98-17
11792,TR064-FRCT,COOLANT TANK 08-17 CASCADIA
11793,TR065612,AD-IP AIR DRYER
11794,TLEDU116,Radiant Double Faced Spot/Floo
11795,TLEDVU2,"""Value Series - 4.5"""""""" Round Wo"
11796,UP42505,RT BUMPER COVER 2018+ CHROME
11797,058314-10-YAK,HEAT SHRK BUTT CON 12-10(10)
11798,10C5E-10RFJSX90WKS,#10 90D FITTING REUSABLE
11799,UST11224,UB SPRING ASSEMBLY PASS SIDE
11800,04375X175NC,7/16 X 1 3/4 Z.D. BOLT CAT 8
11801,102-10006,LUCAS ORIGINAL GUN OIL
11802,003-MK-7101-R,MACXK CV713-HEADLIGHT CROME
11803,102425FIP,FILTER COLLAR
11804,091182-5-YAK,ATC/ATO FUSE 20 AMP
11805,TBC300-TUL,3 ID T BOLT CLAMP
11806,090066-100-YAK,"7"" BLK NYLON CABLE TIES-UV 100"
11807,091306-5-YAK,ATM/MINI FUSE 15 AMP
11808,T4THD24ELB,HD ALUMINUM TARP SYSTEM
11809,WENK021562,SPRING BRAKE VALVE
11810,1064-YAK,64OZ POWER SERVICE FUEL SUPPLE
11811,TUL75212,LEAF SPRING
11812,29412V0010,FV PAD KIT; 19.
11813,24704756,COVER
11814,500031-FMT,"3/8"" HOSE UNION"
11815,3687007CUM,SEAL-RECTANGULAR STRIP
11816,3052587OKC,"SEAL, O RING"
11817,44080E01910F,Brake Mod
11818,22-907PDC,ECCENTRIC COLLAR
11819,28-30-62-84,"3.5 X .083 84"" TUBING"
11820,M2526,GREY BLACK 125 MACK HAT
11821,RCFF33120,FUEL FILTER
11822,ATRPL1012,MOTOR MOUNT K066-282
11823,ATRPL1063,RADIATOR MOUNT
11824,16-34593-CM-FMT,"47"" ECCO LIGHT BAR"
11825,10216-GCK,M8X1.25X35 HEX CAP SCREW
11826,1810063,TARP TUBE BRKT PAIR SWT
11827,24HL,SS LINER HOSE CLAMP
11828,1170-532-TUL,5/32 AIR BRAKE TUBING
11829,1283969-143,M10X1.5 12 PT NUT
11830,10001554,STNL STL BKT
11831,FGAF24302,AIR FILTER UNIQUE MEDIA
11832,BGK-3829,Gasket
11833,878422S-LOW,SAND DISK
11834,LNL81300-L,Psi return valve
11835,90549F,DRN COC FIT
11836,925125-HAY,SHOCK
11837,925271-HAY,SHOCK
11838,M2624-AMA,MACK RAISE THE BAR CAP
11839,GWONSIDE-SPK,<NEW DESCRIPTION>
11840,TRMFH412,45 HANGER W/REFLEC 1 1/8
11841,HD921018R,921 18 LED RED
11842,HH075X25-PDC,3/4 SILICONE HEATER HOSE
11843,TISET406,SET406 BRG SET
11844,WAB432-480-920-2,SERVICE KIT
11845,IMCE3XL12702BPRL,DUMP PUMP
11846,10766-FMT,1/2 X 1/2 MALE NTA
11847,R1LPPA,"""Mini Lightbar, CON3™ Super-LE"
11848,SB200-145,CLUTCH BRAKE
11849,JJ28214,"1/2"" HEAVY HEX NIPPLE"
11850,113712-1-99,VOLVO - Iron Mark Tee
11851,PURP4115PS,PURPLE POWER ALUMINUM CLEAN 32
11852,NBKM9-4707QP,4707 23k BRAKE SHOE NO CORE
11853,BC20SC,179.SC20 CHAMBER
11854,EX-150G3-OK,SILVER GEN3 GRILL GUARD
11855,QWORK-999,Wire Cutter Tool
11856,RAIN113555,RAINX DE-ICER SPRAY
11857,110835-FMT,"PLUG, HEX HD BRASS PIPE 1/4"""
11858,11101X-FMT,"ELBOW, 90 DEG 3/8"""
11859,114-OTR26020,RT4 MULTI-FUNCTION VALVE
11860,S-19805,BEARING
11861,131377-TUL,GASKET
11862,NPA7701712,ELECTRICAL TAPE
11863,1486836,solenoid
11864,SP1354VW,SPRING PIN DOUBLE LOCK
11865,TLED-2X6A-,AMBER TRAILER LED 20 DIODES
11866,UKSR4184G8,U BOLT KIT
11867,SPKIT05,CONVERSION KIT
11868,1118628-GCK,1-1/2IDX3/16THK O RING
11869,XG-295BG3,BLACK GEN 3 EXTREME DUTY GUARD
11870,053-7822089,ATM 10
11871,CLE11221,"Wiper Blade 22"" Sentinel"
11872,GWBN48100-TYE,BLACK GLOVES XL
11873,FI1272CPRO,CABIN AIR FILTER
11874,H30002-04-999,ABH 1/4 INCH
11875,M2812,RETRO ALLENTOWN GRN CAP
11876,M88,13-1203L STUD
11877,CRS1612,"HUBCAP 6 HL OIL,4.5"" BC, BLACK"
11878,5791129-TUL,TELESCOPING MIRROR
11879,AL89,AUTOSOCKS
11880,HD21FOGH11Y,"H11 (H8, H9) LED FOG YEL 780LM"
11881,FSW409-TUL,WASHER- ROUND 5/8
11882,JAK2430S,RUBBER CHEVRON FLA
11883,MCL57AB,"2.5"" 3 DIODE AMBER"
11884,A9360981180FIP,DETROIT EGR VALVE GASKET
11885,EM25660,INJECTOR LINE
11886,500001-FMT,"1/2"" PIPE X 3/8"""" HOSE"
11887,621162,COVER WATERTIGHT
11888,BHB313310-143,5/8 BARB TEE BRASS
11889,AS3B12322,AIR SPRING 8042
11890,AULAL529HD-133,HEAVY DUTY VEHICLE CODE READER
11891,F506308-FMT,"HOSE-COOL 2 1/2"""
11892,GWGN46100-END,GLOVEWORKS RDT GREEN LG
11893,C96023,CABLE TIE BLACK 9/64 X 5-5/8
11894,6747004FIP,DPF CLAMP
11895,FULESURCHARGE,FULE SURCHARGE
11896,M12NFFP2P-TUL,12MM HEX NUT FINE THREAD
11897,1071091,Washer
11898,1351032,Haldex Type Slack Adjuster 6in
11899,1484719E20,Shoe Box Kit - Value
11900,157A225X825HP,Hub Pilot 22.500in X 8.250in A
11901,158K081143,Air Disc Brake Caliper w/Carri
11902,1716300BFAB13OE,Use RW6300BFAB13
11903,1715431101COE,OE Lift Axle Control NC Act Ch
11904,1705002984,Air Compressor TF550 Type
11905,170107796PG,AD9 Type Coalescing Cartridge
11906,170110197,Sealco Type Valve
11907,17090554107,Pressure Protection Valve
11908,170950014,Wabco Type Purge Valve Repair
11909,170950068,Wabco Type Coalescing Dryer Ca
11910,17710136,Discharge Hose 2 Fem SAE Swive
11911,17255330MC,Cable Air Tank Mounting 33in I
11912,17716936D,Hose Coupling w/Spring 3/8IN x
11913,17716966,Castellated Sleeve 3/8IN
11914,17712C696C,PLC Swivel Male Elbow DOT 3/8i
11915,17713B688D,Brass PLC Male Connector 1/2 X
11916,1774011,Drain Valve w/60in Unclinched
11917,1778428,SAE Union Coupling 1/2in
11918,17712C716C,PLC SWL Male Run Tee DOT 3/8in
11919,17716978,Hose Union 1/2IN
11920,1773017,Tender Kit 15in Single Spring
11921,1775004,Nylon Tubing 1/4in OD X 100FT
11922,177SW114,Spiral Wrap 1.12in ID - 100FT
11923,1778694,Push-On Fitting 1/4in Hose Spl
11924,562U5536C,Chrome Stack 36in Length 5in I
11925,56496016,Headlamp LH Projector Black Vo
11926,56125250B,Constant Torque Clamp 1.75-2.6
11927,5622009,Rubber Tarp Strap 9in
11928,463DS4619B,Drag Link 31.000in C to C Frei
11929,463DS9809,Cross Tube Assembly Mack
11930,56496075F,End Bumper Aero LH Fog Volvo
11931,56446226,Bumper End LH M2-106 Freightli
11932,462ESPFL6S,Clutch Rod End 3/8in Kenworth
11933,56446360F,Bumper End RH w Fog No Air Fre
11934,562U4590E10A,Exhaust Elbow 90 Deg 5in ID-OD
11935,562U6232612A,Exhaust Pipe ALZ Mack
11936,56109350,Silicone Hose 3.5in x 36in 4PL
11937,56111062250,Silicone Heater Hose 0.625 in
11938,5639018BK,Fender Tripod w/8.5 Mirror SS
11939,5621001,Boot Cleaner
11940,179YK5812,Clevis Kit 1/2in Pin 5/8in-18
11941,18010619K,Hub Cap With Hardware
11942,462ES423L,Tie Rod End
11943,562042418,Standard 24 x 18 x .31in - 5.5
11944,562U3206SST,Band Clamp Flat Torca 6in S.St
11945,562U723525G,Flex Tubing 3.5in X 25ft Galva
11946,562U7350-18SS304,5INX18IN FLEX PIPE
11947,561230406,HD T-Bolt Clamp 4.06in to 4.38
11948,56359031C,Mirror Cover RH Chrome Kenwort
11949,56359042C,Mirror Assy RH Heated Chrome K
11950,562U75166048L,Exhaust Slider Clamp Assy Pete
11951,5639031,Convex Mirror w/ L Bracket 7.5
11952,562444,Conspicuity Plate Angled Alumi
11953,5629102,Quarter Fender Mount
11954,56162549,"""Hose Radiator 2.5"""""""" ID"""""
11955,181CR46300,Replaced by 181.CR46300XT
11956,182594A,Wheel Bearing Cone
11957,179303515,When Inv Depleted No Longer Av
11958,18010611,Drive Flange Gasket
11959,2016247,Wheel Stud
11960,1783075RD,Tubing Heat Shrink 8-2 GA 6in
11961,1785108HS50,Ring No 10 16-14GA Heat Shrink
11962,179301220NB,Airpower 3 in 1 Line 20 Feet w
11963,179CP14,Clevis Pin 1/4in
11964,1791057,Socket 7 Way Solid Pin
11965,179302615,Tailgate Lift Cable Single/Dua
11966,2101923,Socket Wrench 2-3/4in 6PT
11967,179M8017730X,MGM Easy Fit Diaphragm Rubber
11968,18010624,Hub Cap
11969,81517535,Continental V-Belt OE Technolo
11970,59408,4 Leaf Parabolic Spring PD/4/S
11971,755127879,Clutch Bearing Cage Stamped St
11972,75499325,SKF Speedi-Sleeve
11973,755BHC101,Bell Housing Cover
11974,566ER8468,Econoride Air Spring Rolling L
11975,5681030K,Cushion Foot Pad Assm Holland
11976,577A23940,ABS Sensor Bracket Universal
11977,577ABF40,Blade Fuse 40 Amp - 5pk
11978,7525675X,U Joint - 1710 Series - HR Typ
11979,5722004,Washer Reservoir Cap
11980,577CB1004,CB Antenna 48in Black
11981,571RF2X12QMW,Reflector White Rectangular Qu
11982,571LD522R42,S/T/T Box Light LED Kenworth
11983,573A235JH,J-Hook Ratchet Strap 2in X 35F
11984,5791223,Easy Start Suction Hose
11985,571LD982WL4TC,Work Lamp LED Temp Control 275
11986,571LG261A,Marker Light 4in Oval Amber
11987,577A919806,ABS Sensor Extension Haldex Ty
11988,571CT0502,12in Red/White 150ft Roll 5yr
11989,57510324,Coolant Reservoir IHC
11990,571LD17154,License Light LED Round 1-1/2i
11991,57762501,Speed Sensor HD Mack
11992,571LD40RW14,S/T/T and Back-Up LED Light 4i
11993,571LG30R,Marker Light 2in Red
11994,57746923,Wiper Motor Freightliner
11995,571LD501R42,S/T/T Box Light LED w/ o Side
11996,5791135K,Pry Bar Set 4pc
11997,571LG505R,S/T/T Box Light Metri-Pack LH
11998,57759362,Electrical Switch Kenworth
11999,82090434G1,Turbo Mounting Gasket Cummins
12000,820B62699P,Exhaust Bellows Kit Mack Premi
12001,83042011,Expansion Valve
12002,818703650604,Steel Adapter JIC Male/NPTF Ma
12003,8154120872X,Conti Extreme Poly-V Serpentin
12004,81649601,Continental Elite Tensioner As
12005,81765112,Conti Washer Tubing 7/32in X 5
12006,8154080605X,Conti Extreme Poly-V Serpentin
12007,KP154UB,Fifth Wheel Bushing Poly Holla
12008,KP11736UB,Bracket Pin N Cushions Poly Ho
12009,KP194TC,Fifth Wheel Pin Puller Univers
12010,CATHR038,Automann Air Brake Hose Rack 3
12011,HLK2331,Exterior Handle RH Peterbilt
12012,HLK2437C,Hood Cable 650mm Freightliner
12013,CATMFL001,Automann Mini Flashlight LED
12014,AB1DK23M-9372,AIR SPRING ROLLING LOBE
12015,AB1DK20J9626,Air Spring Rolling Lobe
12016,AB1DK20L9554,Air Spring Rolling Lobe Hendri
12017,AUBK8354112,U Bolt Kit 3/4in X 4in X 11-1/
12018,ABSP3B22R-8027,AIR SPRING TRIPLE CONVOLUTED
12019,A85320,Gabriel Shock Absorber
12020,A85315,Gabriel Shock Absorber
12021,ABSP3B22R8018,Air Spring Triple Convoluted
12022,ME26259,Spacer Block Mack
12023,MR902,PIN
12024,M9K,Insulator Kit Mack
12025,MN95339,Alignment Plate Neway
12026,M75681,Hood Bumper Support Peterbilt
12027,M20310KUB4H,Motor Mount Kit Poly Peterbilt
12028,M1985,Auxiliary Spring Plate Hendric
12029,M17431,Cabin Mount Freightliner
12030,M75105BN,Fuel Step 1050mm Peterbilt wit
12031,M6522,MACK 3D RETRO BLACK MUG
12032,M17406UB,Motor Mount Bushing Poly Kenwo
12033,TR052,Torque Rod Rigid Chalmers
12034,PHI1200623,Gladhand Standard Mount Servic
12035,PHI16722,Socket 7 Pin Ring Terminal STA
12036,PHI173500,Tracker Bar Extension 3/4in X-
12037,TMR545A,Torque Rod 14.400in Mack
12038,MSK458,Saddle Cap Stud Kit Hendrickso
12039,PHI12600,Gladhand Grips - Anodized Alum
12040,MTA507,Maintenance Kit 3-1/2in HD Mac
12041,PHI16125,Plug Insert for QCP (Quick-Cha
12042,NEPN211359X,Center Bearing
12043,PHI17111,Tender Spring 11in length - 1.
12044,PHI304624,ABS Cable PERMACOIL 15ft with
12045,MSRK6,Beam Bushing Kit Watson & Chal
12046,TRS6326,Torque Arm Bolt Hutch
12047,MHPTMQT,TRUCKERS MAGIC POLISHED A
12048,LOC80370,PX BATTERY PROTECT SLR 5
12049,MHPTWSQT,T.W. SPARKLES GLASS & SUR
12050,MON66653,SHOCK ABS.
12051,MIDAQ960208,ANTI LOCK BRAKES KIT WITH
12052,LOP10003,ADDITIVE
12053,NTS51100665A,CORSAIR BLK/CHR MRD ARMS
12054,NTNLM104949,BEARING
12055,PHVS269NTA86,1/2 X 3/8 ELBOW MALE
12056,PNSPRO510XL,40 CHANNEL COMPACT MOBILE
12057,PHT3600085,REPLACEMENT CORD - HEAVY
12058,PHVS279NTA66,3/8 X 3/8 AIR BRAKE NTA AS ELB
12059,RCACC3540,COMPRESSOR
12060,RCACC2516,SANDEN STD COMP 2 GR 132M
12061,PH639F8,PLUG
12062,RCRD12325,RECEIVER DRIER - OEM
12063,RCPAI16GLBK,GLOSS BLACK
12064,RCPAI16VOGN,VOLVO ENGINE GREEN
12065,SNV2624,MICHELIN WINTER BL
12066,SNV451039N,"COILED AIR, SET, 15, 12 &"
12067,SNV6716,"HYBRID BLADE, STEALTH 16"
12068,SNV461216,AIR BRAKE DIAPHRAGM - TYP
12069,SNV6816,MICHELIN WIPER BLA
12070,SNVSV404P128,TRUCK VALVE 3/4 HOSE TO 1
12071,SNV422184,"LUG, STARTER, LIGHT DUTY"
12072,RCSEA370065,WHEEL SEAL NATIONA
12073,SNVSV404P66,TRUCK VALVE 3/8 HOSE TO 3
12074,SP127740,TORQUE LIMITING CLUTCH BR
12075,SPKPK3001,KING PIN KIT SPIRAL
12076,SPRW7820IN,WIPER HOSE 20IN
12077,STM4530243,"TR, N, 25K, 4.16 STUD, IR"
12078,TDAR303195,SPRING CTR BOLT
12079,TDAR009008L,STUD
12080,TET670DDSG,DOUBLEDUAL PLUG ASSY
12081,TDAKSMA23014707QP,PLT KIT-MAJ O/H
12082,TDAR607325,CAMSHAFT. LH
12083,TDARSL110800,VALVE
12084,TDAR615025,KIT-CAM REPAIR
12085,TDAG863299P6256,AY-BKT CHMBR
12086,TGSAS8453,TRIANGLE AIR SPR - ROLLIN
12087,TDAR30700,WELD ON KING PIN
12088,TDAR002433,FLANGE GASKET
12089,TDAR002464,LOCK WASHER
12090,TL26250Y,LED 26 SERIES M/C W/.180
12091,TL10276Y,LED 10 SERIES BEEHIVE LAM
12092,TL60275Y,MID TURN
12093,VEL05605150,BUTT CONNECTOR VINYL 22-1
12094,WAB8950723004,0
12095,VEL090115,9 ALUMINUM DOCUMENT HOLDE
12096,VEL708509,7-1/2 OFFSET MOUNT CONVEX
12097,VEL708556,8.5 CONVEX HEAD CHROME CE
12098,WEB68921F,BRAKE DRUM 16.50 X 7.0
12099,VEL05830450,HT SHRNK RING TNG 16-14 1
12100,VEL05831950,HT SHRNK FMAL QCK SLIDE 1
12101,WUR0890101101,CONTACT CLEANER OL
12102,WUR0664130761,SPEED GREEN CUT-OFF - 3 X
12103,VEL017946,"MALE PSH-LK, BRS, 1/2 X 3"
12104,VEL032142,P.T.O. & DUMP PUMP CONTRO
12105,VEL05605350,BUTT CONNECTOR VINYL 12-1
12106,VEL058128,STUD TOP BATTERY CABLE 2/
12107,TL25765Y,25 SERIES CAB MARKER LAMP
12108,VEL014808,45 DEG.FLARE MALE CONN 5/
12109,WUR188504010,DOT AB PTC MALE CONN NYLN
12110,DNP150135,"AIR FILTER, PANEL ENGINE"
12111,80-6541-050,"6"" HINGE REAR RAMP LID"
12112,PRL-MMY6305,PUMP MOTOR
12113,RAY010028006-143,FL EXHAUST CLAMP
12114,FUL15719-TUL,PLUG
12115,ICEMIMJUG,ICE MELT ROAD RUNNER 12LB JUG
12116,KP71274WKS,"3M ROLOC SRF.COND DISC, 2"" DIS"
12117,TR207-VLHL-L,D/S CHROME VOLVO HL 04-17
12118,TRMFHREFS24,STRAIGHT MUD FLAP REFLECTOR
12119,JWL1002-GCK,JEWEL HERO WM R/R
12120,P169PTCNS-6-8,PKR 90DEG ML EL -6 TUB X-8MNPT
12121,CCC489XQAHX-A3XD,"W/ AIRSHIFT, 1-1/4"" RND SHFT"
12122,M75821-PAI,HOOD CABLE STUD
12123,SCB200-999,Clutch Brake Hinged
12124,CHEV1040,CHEVRON SUPREME 10W-40
12125,CHL3-P-1008,SHAFT
12126,MS-M5403LG,BLACK/ARMY GREEN HOODIE
12127,APP03347IF,AMBER LED W/ SEALED PIGTAIL
12128,TR3303009,HUB CAP GASKET
12129,500677590S60810PT,75W90 OIL DRUM
12130,TRMFH405,MUDFLAP HANGERS 45 / BLACK
12131,TRU-FXK-0006,NEKKID SEAX
12132,5544G-143,14GA GRN PRIM WIRE
12133,XA351ALP-PDC,FIFTH WHEEL TOP PLATE
12134,5545E-143,12GA BLU PRIM WIRE
12135,M5194-2XL,MACK CLOUD HEATHER/BLK HOODIE
12136,M5194-XL,MACK CLOUD HEATHER/BLK HOODIE
12137,CRK6280,CRKT OVERLAND OD GREEN
12138,FDRLRE01HW-143,1.5OZ PENETRATING OIL
12139,RWLIGHT4-GCK,HERO LIGHT TABLE TOP DISPLAY
12140,10008860,24 X 34 BRUCKNER MUD FLAP
12141,10013WKS,FUEL TREATMENT-GALLON
12142,TR583-TWC,FRONT WHEEL COVER SET 33MM
12143,TJD-7000,TOP WIND 7000 WELD ON DROP LEG
12144,TR85066,SHOCK ABSORBER MACK/VOLVO
12145,TULSN73200213,O-RING
12146,058306-50-YAK,HT SHRNK RING 12-10 8-10 (50)
12147,109871NPDC,BENDIX ADAPTER HARNESS
12148,116-L150X118,COUPLING
12149,TRKW017R,T680 BUMPER BLACK PASS SIDE
12150,TW24-SPR,HD CLEANER & DEGREASER
12151,025X300NC,1/4 X 3 Z.D. BOLT CAT 7X-026
12152,1014076,"DOOR SEAL 1 1/2"""
12153,050X150NC,1/2 X 1 1/2 P&O BOLT CAT 0S-1
12154,05625SAEFW,9/16 WASHER CAT 5P-8246
12155,04-30774-001-BGC,"HDR, CUMMINS, DEF 6 GAL"
12156,120-060096,Gear Cover
12157,V-5-OKC,PUSH PULL VALVE 3 WAY
12158,V82741340P3029,PAINTED BULK PARTS
12159,0052-Q12OKC,AMAZING RTU
12160,TCXAMS014AM-143,CLAMP KIT
12161,WEN925P46,AW46 HYD OIL(5 GAL)
12162,09160101124VB,"14 LED 12"" FLUSH MOUNT"
12163,1060735-999,Sensor
12164,VNLG2S103,PAINTED HOOD
12165,TLEDU104-YAK,Mini Square LED Worklight 900
12166,XG-175SG3,SILVER GEN 3 GRILLE GUARD
12167,020065-YAK,"5/32"" SYNFLEX AIR LINE"
12168,053-BLUETWL,SCOTT BLUE SHOP TOWELS BOX
12169,10002WKS,HD OIL STAB-GALLON
12170,10003438,24X24 PLAIN MUDFLAP
12171,78743577,GRILLE
12172,4677-BD16701-GCK,16.5 TURKISH BRAKE DRUM
12173,12Y-979-6180TUL,CABIN AIR FILTER
12174,10001418,B9900 PDL BKT-K
12175,996195,HOSE CLAMP
12176,M2829-VB,MACK GREY ALLENTOWN
12177,78656742,BRACKET
12178,750CB2100203XSA,Center Bearing Self Aligning M
12179,1702206D1226,Safety Valve 150 PSI
12180,17QF423P6,TORQUE ROD 6521
12181,24473205,HEADLAMP
12182,M1214F,Black Water Bottle
12183,M2867-VB,TAN MACK CAP
12184,24723962,DOOR PANEL
12185,50-2516,#16 CLAMP
12186,4158-2420-378970,STREET TEE
12187,3530069-2,RH POCKET
12188,1802061-WKS,61G TARP MOTOR
12189,M4451-VB,MACK ANTHEM TSHIRT
12190,M8128,MACK GREEN 125TH AC FLATBED
12191,M8210F,Mack Granite Toy Transport Tru
12192,11932-FMT,ADAPT 3/16X1 FEM SWVL
12193,APL100023,3030 Spring Brake
12194,STM4290006,PINION SEAL ASSEMB
12195,RCFH51637,HYDRAULIC FILTER
12196,1905-2404-16-20,1620FTXS - 16MJ X 20MP
12197,1905-6801-16,16C5OXS 16MB-16MJ 90
12198,24120653,PIPE
12199,TDAR806022,CLEARANCE ASA
12200,095249,V ARM
12201,2MR3102M,RELAY 3723
12202,170-70-18X-HAY,STRAP KIT
12203,KP79952-FMT,HOSE CLAMP #12
12204,NT08GR1-LOW,GREEN 1/2 TUBING
12205,FA1950CSI,FORD AIR FILTER
12206,13979-LOW,TARP SWITCH
12207,SP558091KPC,AIR SPRING
12208,TRQF311-SPK,BLACK POLY QUARTER FENDER SET
12209,0332002156-END,RELAY
12210,M6051,SILIPINT GOLD 16OZ
12211,63500PDC,"6"" Filter Wrench Strap Type"
12212,HD315623W,3156 23 LED WHITE
12213,PE163,Z AIR RIDE SPRING 2 LEAF
12214,RK351A02,REBUILD KIT RH HOLLAND
12215,PRIMPTHF5,HYDRAULIC OIL 5 GAL
12216,PROBF4-21B,"HOSE FITTING 3/8""H X 3/8""""P, M,"
12217,S-23122FT,5/8 AIR LINE BY FOOT
12218,S-33075,DEF PUMP
12219,AAMVP22777560,GASKET VALVE COVER 22777560
12220,RS406HP,"4"" x 6' Roll-Off Winch Strap"
12221,MS-M6007,MACK PERFORMANCE COUNTS MAGNET
12222,MS-M6352MD,MACK 1900 FLAG TSHIRT
12223,PHI15-796-LOW,LID REPAIR KIT
12224,RT24-22,ROLL TARP 23'6 22OZ.
12225,12244-LOW,TROMBETTA CONTACTOR
12226,TDPWGDHDLL5055,HD LL RED 50/50 AF 55 GAL
12227,QX-2840-1,P/S PUMP CROSS 4256116C91
12228,TMEG7222,"86'X22"" MEGA MESH TARP"
12229,PW169PTC-6-4,MALE ELBOW SWIVEL 3/8 X 1/4
12230,TRFT0041PSAL,Brass DOT Push-in Fitting Asso
12231,TRU-FXK-0008,PRIMAL NAKIRI
12232,SP1310FO,PIN FORD
12233,SPI-449D-TUL,SCREW
12234,1118663SH,"2"" U-CLAMP KIT QTY 14"
12235,13T64246ITP,SHIFT COVER GASKET
12236,M7230,Brown Duck Canvas Cap
12237,MS-M6008,MACK GOLD MAGNET
12238,MS-M2830,MACK HEAVY METAL HAT
12239,MS-M4654XXL,KING OF THE LOAD TSHIRT
12240,DTP06-4S,4 PIN FEMALE CONNECTOR
12241,MEGUX2020,MEGUIARS MICROFIBER TOWEL 3PK
12242,NEB-PBK-0015-HAY,WIRELESS POWER BANK
12243,ADFCN,DIESEL CONCENTRATE ADDITIVE
12244,MAG161652,MAG 1 SAE 5W30 QT
12245,NGP21918,M/S GEAR
12246,HDVSW245S,24.5X8.25 STUD PILOT STEEL
12247,8318811S-143,MAXIFLEX GLOVE XL
12248,M1409,CAM WASHER
12249,C1221A-L,CAM KIT
12250,7T4Z9439E,GASKET
12251,M2527,MACK BLK 125 RETRO CHILL CAP
12252,90342F,PIPE RED NIP
12253,BSH-5448-LOW,AXLE
12254,949677590GE0810-PT,DRY GEAR ALL 75E90 PINT
12255,5825-FMT,"ADAPTER NUT, 5/8"""
12256,C445BL,Q PLUS CAMSHAFT
12257,CHL8000-46X,PTO MOUNTING KIT
12258,M2638,CAM WASHER
12259,M1495,DOOR HOLD-BACK
12260,M2649,LOCKRING E STYLE 1 1/4 SHAFT .
12261,100A136910,GUIDE PIN BOOT SEAL KIT
12262,1102505HD,Camshaft Repair Kit Heavy Duty
12263,1042514,Hood Spring Mack
12264,1110033,PIN
12265,12228081404,Camshaft RH
12266,12528110202KT,Camshaft RH W/Hardware
12267,1391032,Meritor Type Slack Adjuster 5.
12268,1392835,Meritor Type Slack Adjuster 5.
12269,141D1777FSBGC,Air Disc Brake Pads Fleet Stan
12270,15168602,Brake Drum 16.500in X 8.625in
12271,1701020,Air Manifold
12272,170286364,SR1 Type Spring Brake Valve
12273,56496074,End Bumper Aero RH No Fog Volv
12274,171H107OE,Barksdale Type Height Control
12275,171H102OE,OEM Barksdale Height Control V
12276,170103028,R14V Type Relay Valve 4PSI
12277,170279615,Compressor Unloader Kit
12278,1722001LH01,Air Tank 1425 Cubic in Vol 9.5
12279,17255240MC,Cable Air Tank Mounting 24in I
12280,17711506,Nylon PLC Plug 3/8in
12281,17711686A,PLC Male Connector 3/8 X 1/8in
12282,173V34205,Solenoid Air Valve 4 Way
12283,1777230,Air Hose Assy 3/8in 3/8in Pipe
12284,17713B1525A,Brass PLC Male Elbow 5/32 X 1/
12285,17716938C,Hose Coupling w/Spring 1/2IN x
12286,1777242,Air Hose Assy 3/8in 3/8in Pipe
12287,17713B6246,Brass PLC Reducing Union 3/8in
12288,1778258C,Hose Fittings 1/2in Barb X 3/8
12289,17711504,Nylon PLC Plug 1/4in
12290,1777248,Air Hose Assy 3/8in3/8in Pipe-
12291,1777818,Air Hose Assy 1/2IDx3/8NPTx18I
12292,562Q4001SS430,Light Bar 2 Pc Set w/Lights 43
12293,56496006K,Grille W-Screen Volvo VNL
12294,56496020,Headlamp LH Volvo
12295,56496027,HEADLAMP ASSEMBLY RH VOLVO
12296,56346095,Mirror Back Cover LH Black Fre
12297,56496042L,Fog Lamp & Driving Lamp LH Vol
12298,5639047,Blind Spot Mirror 3in Dia
12299,5639117,Wide Load Mirror Assembly
12300,56496042R,Fog Lamp & Driving Lamp RH Vol
12301,462ESPF6S,Clutch Rod End 3/8in Kenworth
12302,181CR35066,CR Scotseal
12303,5629229,Fender Full Round Poly Super S
12304,562U3105SST,Band Clamp Preformed 5in S.Ste
12305,56446695,Bumper Support RH Freightliner
12306,2092250K,Spindle Nut Kit
12307,56462023,HEADLIGHT ASSEMBLY RIGHT (CXN)
12308,56121440B,Lined Clamp 2.06in to 3.00in B
12309,56346096,Mirror Back Cover RH Black Fre
12310,1785301HS100,Butt Conn 22-16 GA Heat Shrink
12311,56359025,Mirror Glass Heated Kenworth
12312,56396048,Convex Mirror w/Turn Indicator
12313,562490C,When Inv. is Depleted Try 562.
12314,562495SS201FS,Spring-Loaded Hanger Tapered S
12315,56446064,LED Cab Marker Amber Freightli
12316,56175716,"""Coolant Hump Hose Hot Side 4"""""
12317,462ES6251L,Tie Rod End
12318,5611106225,Silicone Heater Hose 0.625 in
12319,56129475,V- Band Clamp
12320,56359045,Mirror Glass Flat Heated Kenwo
12321,56346092C,Hood Mount Mirror RH Chrome Fr
12322,562496BFS,Spring-Loaded Hanger Tapered B
12323,562U74518A,Exhaust Repair Section 5in ID
12324,56446001MK,Headlamp Set LH/RH Black LED P
12325,56129588,V- Band Clamp
12326,56162923,"""Turbo Inlet Hose Mack-Volvo 3"
12327,178EK80RT,Electrical Kit Ring Terminals
12328,1791008,Shutoff Gladhand Service
12329,2011006L,Inner Cap Nut
12330,179SC30LW225,Service Chamber 30LS Welded Cl
12331,180CR1869,CR Hub Cap Aluminum TP Oil
12332,181A47697,Oil Seal Automann CR Type
12333,460537C,King Pin Kit
12334,2091307,Spindle Nut
12335,1782057BK,Wire Starter Cable 6 GA 100FT
12336,1782114BU,Wire Primary 14 GA 100FT Blue
12337,2094973TL,Unitized Spindle Nut Temper-Lo
12338,2101914,Socket Wrench 4in 6PT
12339,1782050BK,Wire Starter Cable 4 GA 100FT
12340,178305310,Lug Copper 2/0 GA 3/8in Stud -
12341,81196100,Radiator Volvo
12342,80085124623,Water Pump Mack Volvo
12343,571LG10A,Marker Light 2-1/2in Amber
12344,5721016,Fuel Cap 3in Freightliner
12345,81375103,Condenser Kenworth/Peterbilt
12346,573D430FH,Flat Hook Winch Strap 4in X 30
12347,57725100A,Circuit Breaker Auto Reset 100
12348,8020053,NUT
12349,57759511,SENSOR-COOLANT LEVEL
12350,571H9004,Halogen Capsule 9004/HB1 12V
12351,577A801544,ABS Sensor
12352,571BU110,Hella Back-Up Alarm 110DB
12353,571LB194NA,Miniature Bulb 194NA Amber 10p
12354,577A5338,ABS Sensor Kit Straight Head 6
12355,577A801550,ABS Sensor 90 Degree Head Leng
12356,571LD27A16,Marker Light LED 2in X 6-1/2in
12357,57296006,Power Steering Dipstick
12358,571LD60R7,S/T/T Light LED 6in Oval Red
12359,5731190654,Roller Whiting Type
12360,571LD66R10,S/T/T Light LED 6in Oval Red
12361,571LD7W5,Headlamp High/Low Beam 7 IN LE
12362,566ER8050,Econoride Air Spring Rolling L
12363,5681010,LANDING GEAR HANDLE 19IN
12364,57796518,Oil Level Sensor Mack - Volvo
12365,571LD40R101,S/T/T Light LED 4in Red 10-Dio
12366,577A4410323810,ABS SENSOR KIT
12367,5773072K,Master Disconnect Switch Kit
12368,571LD341R2,Marker Light LED Mini Red
12369,83041006,Air Conditioning Receiver Drie
12370,A85062,Gabriel Shock Absorber
12371,A83101,Gabriel Shock Absorber
12372,A83203,Gabriel Shock Absorber
12373,83041029,Air Conditioning Receiver Drie
12374,83047107BE,Heater Core Volvo Behr
12375,81765028,Continental Heater Hose 3/8in
12376,81765127,Conti Fuel Line Hose 5/16in X
12377,81649111,Continental Elite Pulley
12378,8154080797,Continental V Serpentine Belt
12379,8154060635,Continental Multi V-Belt OE Te
12380,81765033,Continental Heater Hose 3/4in
12381,HLK7045,Washer Fluid Pump Volvo
12382,KP155,Fifth Wheel Slider 54in Coiled
12383,HLK1022,Hood Latch IHC
12384,HLK1021,Hood Latch IHC
12385,HLK2015,Hood Latch Bracket LH Mack
12386,HLK2395K,Universal Latch Kit
12387,HLK2224,Door Latch Assembly RH Peterbi
12388,AB1DK23H9105,Air Spring Rolling Lobe
12389,AB1DK23IA959,Air Spring Rolling Lobe
12390,AB1DK23L-9265,AIR SPRING ROLLING LOBE
12391,AB1DK28AA706,Air Spring Rolling Lobe
12392,A85959,Gabriel Shock Absorber
12393,A85656,Gabriel Shock Absorber
12394,AUBK8164122,U Bolt Kit RND 7/8in X 4in X 1
12395,ABSZ70-641,AIR SPRING CABIN AND STAR WASH
12396,MK16911,Air Bag Spacer Kenworth
12397,MLC1K,Load Spring Kit Hendrickson
12398,MHS460,Body Rail Clip Hendrickson
12399,MHS85UB,Pivot Bushing Kit Poly NS Hend
12400,MHSK487,Axle Set Hendrickson NXT
12401,M20304V,Motor Mount Bushing Volvo
12402,M203488,Fuel Tank Strap Mack
12403,M203075UB,Radiator Mount Bushing Poly Pe
12404,M4812A,Tandem Bolt Kit 1in-14 X 9-1/2
12405,REY0798001,Ax Seat-5 Sq. 3/4In 21B
12406,REY085000,Eql Assy Hd Cast
12407,TMR537CR,T-Rod Crimped w Rubber Bush 25
12408,TMR518E,Torque Rod 22.875in Poly Peter
12409,PHI124906,Gladhand Swivel Service STA-LO
12410,TMR616,Torque Rod 17.750in Sealed Mac
12411,TR7637,Torque Rod Rigid Reyco
12412,TMR9665,Torque Rod Volvo
12413,PHI244621,Non-ABS Cable PERMACOIL 6/14;
12414,PHI82133,Battery Lug Copper 2 GA 3/8in
12415,PHI11250,Air Brake Tubing 1/4in Single
12416,4298629,CAMSHAFT
12417,4298242,STUD
12418,TRI61150,Wiper Blade TRICO HD&reg; 15in
12419,4042573,"KIT,MOUNTING"
12420,TRK1306,Bushing Kit Neway
12421,4921475,"SENSOR,PRS TEMPERATURE"
12422,4399793,"HARNESS,WIRING"
12423,4377682,"SCREW,HEX FLANGE HEAD CAP"
12424,4352348,"KIT,EXH RCN COOLER"
12425,4330977,"TUBE,FUEL DRAIN"
12426,4934279,"WASHER,SEALING"
12427,4998542,"SEAL,O RING"
12428,5260632,"PUMP,FUEL TRANSFER"
12429,5271331,"CAP,FILLER"
12430,5405325,"NOZZLE,PISTON COOLING"
12431,5255739,"TUBE,BREATHER"
12432,5633625,"KIT,OVERHAUL"
12433,5633336,"KIT,SERVICE"
12434,5633534,"KIT,ENGINE PISTON"
12435,5418430,"TUBE,PRESSURE SENSING"
12436,5594275,"SENSOR,POSITION"
12437,5415562,"SENSOR,OXYGEN"
12438,5481953,"TUBE,INJECTOR FUEL SUPPLY"
12439,FG-CC2610,RESTORE
12440,110855,"GASKET,FUEL PUMP"
12441,LF17536,"PAC, LF"
12442,196057,"DISC,VALVE"
12443,2871861,"CLAMP,V BAND"
12444,213079,"SEAL,RECTANGULAR RING"
12445,2872317,"RETAINER,INJ FUL SUP CNR"
12446,2884837,"NOZZLE,PISTON COOLING"
12447,2892030,SLEEVE
12448,3053477,"LEVER,ROCKER"
12449,3092005,COVER
12450,3082464,"TUBE,FUEL SUPPLY"
12451,3054260,"CONNECTION,OIL SUPPLY"
12452,3282433,"SCREW,HEX FLANGE HEAD CAP"
12453,3348332,"VALVE,CHECK"
12454,3102109,"SEAL,O RING"
12455,3102403,"MANIFOLD,EXHAUST"
12456,3103423,"SCREW,TWELVE POINT CAP"
12457,3627961,"SEAL,THERMOSTAT"
12458,3417138,"ELBOW,MALE ADAPTER"
12459,3865251,"SEAL,O RING"
12460,3900958,"PLUG,EXPANSION"
12461,3903990,"SCREW,HEX FLANGE HEAD CAP"
12462,3687214,"SEAL,GROMMET"
12463,3687536,"BELT,V RIBBED"
12464,3678606,"SEAL,O RING"
12465,3678804,"SCREW,FRACTURE RESISTANT"
12466,3678873,"PLUG,THREADED"
12467,3684293,"BRACE,TUBE"
12468,3684384,"SEAL,O RING"
12469,3685701,"SEAL,O RING"
12470,3686838,"CLAMP,T BOLT"
12471,3959128,"SCREW,RKR LEVER ADJUSTING"
12472,3966805,SWITCH
12473,3948636,GASKET
12474,3955114,"ISOLATOR,VIBRATION"
12475,3917990,"HOSE,FLEXIBLE"
12476,3916071,CONNECTOR
12477,55202,4 IN. ROUND LED STOP TAIL TURN
12478,71-13,"FLAT WINDOW HD BLADE 13"""
12479,MR258477,"GASKET,T/C OIL RETUR"
12480,MK667051,"**CIRCLIP,BREATHER,4"
12481,MH005068,WSHR PLAIN
12482,MF430127,NUT RR SUSP 20
12483,MH035626,O-RING
12484,ME071966,VALVE SPRING RETAINER
12485,MT420342,*NUT WHEEL 19
12486,P7399,Lube Element
12487,MS450995,WASHER FRONT SUSP
12488,QC000528,"EXH MANIFOLD,4P10,12"
12489,QC002216,"OIL FILTER,6L,GAS"
12490,4303185,WASHER
12491,4304497,FULLER AUXILIARY MAIN DRIVE BE
12492,495,Timken - Tapered Bearing Con
12493,44361EV020,FILTER - OIL P/S RES
12494,55175C,Timken - Tapered Bearing Con
12495,56111E0150,WINDSHIELD CONVENTIONAL GLASS
12496,8200433,MOTOR 39MT 12V
12497,8980797550,GASKET;JOINT BO
12498,8983363930,COVER; BATTERY
12499,89463E0700,SENSOR - NOX MY11-16 ONLY
12500,9091602594,BELT
12501,90054007,NEWAY LEVELING VALVE
12502,8973870090,"GASKET; INTAKE,"
12503,A1205Y2833,SEAL-WHEEL
12504,1000-ACL2050,"CLUTCH - CCI YORK 2 GR, 1"
12505,1055-1059,"ALARM,DUAL FUNC,87-112DB("
12506,1000-WBW22,WIPER BLADE
12507,1000-UJ677,UNIVERSAL JOINT
12508,1000-CML71AL,"MDSHP EP2, AMB, POLY, ROA"
12509,1000-CON0430,CONDENSER
12510,1000-CON1031,CONDENSER
12511,1000-STA6881,STR-DR 39MT 12T 12V
12512,1000-FLX50024G,5 X 24.00 GALV FLEX
12513,1044-223021PAIL,"DELO GEAR EP-5, 85W-140"
12514,1000-STT2AL,LED TAIL LIGHT 6 OVAL SEA
12515,1055-SW15,"SWITCH,HEAVY DUTY"
12516,1090096,SHIM
12517,1000-SWI7074,HARNESS - 2 WIRE - SWITCH
12518,1000-RDP1222,RECEIVER DRIER - OEM
12519,11994,GASKET
12520,1204-415009N,SEAL
12521,1000-GHA11L,LOCK
12522,1000-ACT5090,KIT - MASTER SERVICE PART
12523,1000-RDP1110,ACCUMULATOR - OEM FORD
12524,1000-OR11502,ORING - 10 PER BAG -YELLO
12525,1000-EV01050,EXP. VALVE - BLOCK-STANDA
12526,1000-EV01230,EXP. VALVE - BLOCK-FLANGE
12527,1000-BM67301,BLOWER MOTOR - FLANGE 12V
12528,1000-EVA2432,EVAPORATOR
12529,1000-SWI6020,SWITCH - RESISTOR
12530,1000-ACC3424,SANDEN AFT COMP 8 GR 176M
12531,27563001,KIT-SERVICE SHOCK ABSORBER
12532,22989,MOLDED COOLANT HOSE
12533,341308,Oil Pump
12534,31096,OIL FILLER CAPS
12535,3-3-508KX,SLIP YOKE ASM
12536,3967285,WIRING HARNESS
12537,3740,FHP LOW HORSE-POWER V-BELTS
12538,417487,Timken - Seal - 417487
12539,450550,BRAKE PRESSURE SWITCH 2-6 PSI
12540,4765,Timken - Seal - 4765
12541,1349-3398699069,NOZZLE(WIPER)
12542,1450-35P151,GASKET
12543,72478,"SUSPENSION STRUT,STRUT"
12544,853709,"SENSOR, COOLANT TEMP."
12545,83029,SHOCK ABSORBER
12546,904-7435,Exhaust Gas Tem
12547,853714,SENSOR-OIL
12548,8067784,SPRING SHACKLE
12549,888-5506,Headlight Assem
12550,505-5407CD,Speed Sensor
12551,86610,C5C HYDRAULIC HOSE - SAE 100R5
12552,898,TAPERED BEARING CONE
12553,805046,"SET,RING(D12)"
12554,5288,Timken - Seal - 5288
12555,5532,Timken - Seal Kit - 5532
12556,645053,"VALVE,CHECK"
12557,5998,"SHOCK ABSORBER,AMORTIGUADOR"
12558,APL-100023,MATCHMADE SPRING BRAKE 3030 ST
12559,FMP370023A,OIL BATH SEAL
12560,G32134-0604,AIR BRAKE BRANCH TEE TO MALE P
12561,K033221,VALVE SPRING BRAKE SR-5
12562,A3581069-628,TORQUE ROD TRANSVERSE
12563,A3730011-001,MOUNT_FRONT SHOCK_KONI
12564,ISX118-017,"KIT,ENG."
12565,EM14070,ALTERNATOR
12566,0190,FHP LOW HORSE-POWER V-BELTS
12567,TR22570,TRUCK & BUS V-BELTS
12568,022-01013,FOUR-HOLE HINGE-STRICK STYLE
12569,327-483,Spring Pin
12570,14-256,FAN CLUTCH REPAIR KIT
12571,181887,THERMOSTAT-180
12572,040116,"KIT,BOLT,HEAD"
12573,13-811513,PIVOT SHAFT
12574,338-1499,Hanger
12575,210207-1X,CENTER SUPPORT BRG
12576,18804,MOLDED HEATER HOSE
12577,334-770,Bolt Assy
12578,1971-999,NG Oil Filter
12579,PLK-SB,BUSHING
12580,210281030XL0804,CHV DELO 400XLE 10W30 3/G CS
12581,22038,MOLDED COOLANT HOSE
12582,25-675X-HAY,U-JOINT
12583,SP559547K,C81-1004 AIR BAG
12584,220SA150-1,ARM - STEERING (FINISHED)
12585,SP5281X,U-JOINT
12586,21156744,SUPPORT
12587,WAB4324800022,VALVE KIT
12588,TL15200C,LENS
12589,STM4004904,ZIP-TORQ AXLE FASTENER
12590,TL97960,HOLDER
12591,TRB582,BEARING
12592,20357696,BRACKET
12593,20770677,FUEL FILLER CAP
12594,20543347,AIR DEFLECTOR
12595,20770742,SEALING RING
12596,20552887,RELAY
12597,MON65419,SHOCK ABS.
12598,20565926,RUBBER WASHER
12599,23251519,HOSE
12600,21050567,HOSE
12601,22418429,TRIM PANEL
12602,21589472,PANEL
12603,23096021,ADJUSTING BUTTON
12604,21793439,PIPE
12605,23378068,GEAR SELECTOR
12606,TDAKIT225277,KIT - SLIDE PIN AND BUSHING. E
12607,22566510,SWITCH PANEL
12608,23361335,STEERING SHAFT
12609,23961766,V-RIBBED BELT
12610,TDAR007895L,CAPNUT
12611,21908-0001,CLAMP
12612,1118489,KNOB
12613,1118881,OIL BAFFLE
12614,22579982,ANTENNA
12615,RCVB17500,BELT
12616,22626170,STRAP
12617,TL30700,GROMMET
12618,TL40242R,LAMP
12619,22421030,SHIELD
12620,TL94926,HARNESS AY
12621,20759821,WEAR SLEEVE
12622,22503802,HOSE
12623,23600022,BRACKET
12624,MGM1430001,BRK CHAMBER
12625,20782173,DRAIN VALVE
12626,21509119,ENGINE COVER
12627,22245314,AIR CLEANER
12628,20916824,LAMP
12629,21624535,DOOR PANEL
12630,23236685,HOSE
12631,23762221,SOUND INSULATION
12632,STM3730443,OIL SEAL
12633,20512912,TORQUE ROD
12634,21528055,HOSE ASSEMBLY
12635,23214600,BRACKET
12636,22935836,HINGE
12637,20510737,HYDRAULIC PUMP
12638,23961675,V-RIBBED BELT
12639,20359864,COVER
12640,20359992,BEZEL
12641,24007585,CONNECTOR
12642,22938292,HOSE ASSEMBLY
12643,SP6553181,STUB SHAFT
12644,3081411,"BOOT,PLUNGER"
12645,TDA1227Q901,NUT
12646,3081486,PIN
12647,23488804,LOUDSPEAKER
12648,PHVS48F108,NIPPLE
12649,25156060,RETAINER
12650,21392420,REMOTE CONTROL
12651,23638854,BRACKET
12652,20819296,SPRING
12653,23690427,SPLASH SHIELD
12654,23716426,GASKET
12655,83176063,ELECTRIC SOCKET
12656,84723693,MIRROR
12657,84723697,MIRROR
12658,FUL4304840,KEY
12659,FULK3327,PARTS KIT
12660,82755863,ENGINE COVER
12661,84733141,CHASSIS FAIRING
12662,FULK4148,KIT
12663,82780225,RETAINER
12664,84754533,BRACKET
12665,BW5005037,KIT
12666,BWK022105,VALVE KIT
12667,BDMP39029,GR. 8 HX HD CAP SCR 5/16-
12668,82718373,AIR DEFLECTOR
12669,82727562,EXTENSION
12670,84009063,LAMP
12671,84169521,LATCH
12672,FUL19481,GASKET
12673,82745151,AIR DEFLECTOR
12674,82768541,CHASSIS FAIRING
12675,BDP00039,DOT UNION TEE 1/4 X 1/4
12676,GRO44710,FLASHER
12677,GUN3721AX,BRAKE DRUM
12678,965828,BULB
12679,82720126,COWL
12680,976163,SCREW
12681,FGLF14000NN,FILTER
12682,FUL14750,RETAINING RING
12683,HOR993343,SOLENOID
12684,BDMP39155,GR. 8 HX HD CAP SCR 5/8-1
12685,83176043,LOCK
12686,BDPW169PTC62,DOT MALE ELBOW 90 - SWIVE
12687,85143203,LEVEL
12688,BDP00051,DOT MALE ELBOW 90 - SWIVE
12689,85108809,HORN
12690,82714320,ROOF PANEL
12691,84744774,SIX POINT SOCKET SCREW
12692,85120278,VALVE
12693,82750588,BUMPER
12694,GUN3018A,16.50X7.00 BRAKE DRUM
12695,BW065612,AIR DRYER
12696,FUL4305659,GEAR
12697,8080314,STRUT
12698,37301-0021,SHOCK ABSORBER
12699,511749,BRG.
12700,82713508,ARM
12701,82437425,RETAINER
12702,8077400,SWITCH
12703,60115330,SPACER WASHER
12704,8078173,SHAFT
12705,3176306,GAS SPRING
12706,60111753,FLANGE SCREW
12707,3183922,WASHER
12708,8082815,CABLE TERMINAL
12709,31806-5005,GASKET
12710,3949510,GROMMET
12711,3918980,U-JOINT KIT
12712,3947066,RING
12713,3949229,BRAKE DRUM
12714,8073380,STRAP
12715,8182135,HOSE
12716,701101,GLADHAND
12717,8076909,STUDS
12718,78551002,SUPPORT
12719,8024649,SWITCH
12720,8173069,SEAL
12721,KIT5389,OUTPUT SEAL KIT
12722,KITRPL2520,HARDWARE
12723,R803054,AY-ASA 1.50-28
12724,345-238,Torque Rod
12725,SH56241035,BOLT FLANGE
12726,V653299Q6257,AIR BRAKE - CHAMBER BRACKET
12727,056943-000,Spring Assembly - Air Leaf Sus
12728,10085R,"""LAMP,LED RED"""""
12729,0280508300,BOLT/SCREW;BAT
12730,15613E0110,OIL FILTER
12731,1227N898,NUT
12732,SZ31101045,SEAL OIL - CYL BLK - RR
12733,SZ17810007,NUT
12734,4006120160,2S/1M ABS KIT
12735,23701E0360,PIPE SUBASY - INJECTION - NO.1
12736,35200R,LED 35 SERIES M/C 12 VOLT LAMP
12737,35375Y,LED 35 SERIES LAMP W/COMBO 12
12738,23304EV570,"""FILTER,FUEL"""""
12739,2208E1123,GASKET
12740,18209,Oxygen Sensor
12741,18665,GASKET
12742,17801EW180,ELEMENT ASSY - ENG AIR CLEANER
12743,8981510040,GASKET; VAC PUM
12744,8981736130,"PIPE; EXH, BRK"
12745,8982169220,PAD KIT; CALIPE
12746,1094001181,NUT; ADAPTER/SE
12747,1094200050,NUT; TURBOCHARG
12748,8980520633,HOSE; PCV
12749,1090200660,BOLT/SCREW;ENG
12750,8980365255,PANEL FRONT SD
12751,8973586990,"PIPE ASM;H2O,TU"
12752,8973681071,"HARNESS;CABLE,B"
12753,8974051710,HOLDER; SUN VIS
12754,160AX526F,"HOSE HTR SIL (1""ID)"
12755,1660462,SPACER SLEEVE
12756,1770-SK7020208,SCREW CAP
12757,1547940,PIVOT PIN
12758,8123462900,COOLANT; DEX-CO
12759,1458-45099,SEAL
12760,8126302230,GASKET-W/PMP
12761,8125975670,VALVE ASM-EVAP
12762,5125650060,COLLAR; SPLIT
12763,4250-122485,M-DELVAC 1300 SUPER 10W-3
12764,4250-122205,M-DELVAC 1 TRANS FL 50 DR
12765,4215-KI5,KICK IT CLEANER / DEGREAS
12766,2104-5676X,U-JOINT KIT
12767,20508032,BRAKE HOSE
12768,20905158,SPRING
12769,20705936,FLANGE SCREW
12770,20587179,ADAPTER
12771,20590487,KING PIN
12772,20715943,MANIFOLD
12773,20819607,NIPPLE
12774,20704729,HEXAGON SCREW
12775,20706261,WASHER
12776,20704970,WASHER
12777,20374500,BRACKET
12778,20705432,EXPANSION PLUG 1239
12779,20388118,SEAL
12780,20951109,CAP
12781,20706015,HEXAGON NUT
12782,20706158,O-RING
12783,20794199,ENGINE HEATER
12784,20907677,FITTING
12785,20395036,FITTING
12786,20706169,WASHER
12787,20478064,HOLLOW SCREW
12788,20817742,GASKET
12789,20706300,ELBOW
12790,20706366,HOSE CLAMP
12791,20706399,SLEEVE
12792,20948201,BRACKET
12793,20443850,EXPANSION VALVE
12794,20828307,FLANGE YOKE
12795,20831882,DECK PLATE
12796,20831342,STEP
12797,20706609,YOKE
12798,20817473,COVER
12799,20556179,SHIM
12800,20836913,STEP
12801,1940-34680,H13 LED
12802,20972295,FUEL FILTER
12803,20499473,RUBBER CUSHION
12804,20755348,NUT RETAINER
12805,20570098,SHOCK ABSORBER
12806,20850506,GASKET
12807,20852762,SEALING RING
12808,20538251,BRAKE HOSE
12809,20704613,FUEL FILTER INSERT
12810,20877267,WIRING HARNESS
12811,20969522,CLEVIS PIN
12812,20863821,WIRING HARNESS
12813,20462928,TOP PLATE
12814,20704741,NUT RETAINER
12815,21024245,HUB
12816,20566049,FITTING
12817,20487222,U-BOLT
12818,20965670,BRACKET
12819,20469544,TAPE
12820,20999358,CHARGE AIR PIPE
12821,20885407,REINFORCEMENT
12822,20896421,BRACKET
12823,21030460,SPRING LEAF
12824,20504767,SPACER
12825,20508239,GUIDE SLEEVE
12826,4379-RD536470,RESISTOR
12827,5462-17234,ECCENTRIC COLLAR ADJUSTB
12828,5462-92051610Z,HANGER ASSY KW 14 SL119
12829,5435-65444,GAS - MAGNUM 65
12830,5435-65484,MAGNUM SHOCK
12831,5435-65488,MAGNUM SHOCK
12832,5462-1789002,SOLENOID VIK 5 PT 12V OE
12833,5396-BE22040,JUNCTION BOX
12834,5165-TJ18,"CABLE, COAX ASSEMBLY"
12835,5166-80279,"PERMATEX THROTTLE BODY, C"
12836,56AX128,GASKET
12837,5435-66648,GAS - MAGNUM 60
12838,5554-MJB2424DT751,COMBINATION - AIR DISC
12839,5554-3430051,BRAKE CHAMBER
12840,5396-3559568K,UNLOADER REPAIR KIT FOR C
12841,5435-66437,MAGNUM SHOCK
12842,4379-RD5453124P,THERMOSTAT - SIDE & BOTTO
12843,466653,COMPRESSION SPRING
12844,5100-435460030,"CONNECTOR,MALE(1/8NPT TO"
12845,4379-RD42210M,CLIP
12846,4379-RD599870,OIL FLUSH O-RING KIT
12847,5396-AL919806,CABLE EXTENSION FOR SENSO
12848,4559-1083,SEAL
12849,4379-RD347552P,MOTOR - 12V SINGLE SHAFT
12850,4379-RD544080,RELAY(12V)
12851,5165-C270,"ANTENNA, STEEL SLIM REPL"
12852,5166-85084,PX ULTRA GREY GSKT 9.5OZ
12853,5165-PC78LTX,40 CH TRUCK CB W/SWR (CHR
12854,5396-45210125,BUSHING
12855,4379-RD5100670,BLOWER WHEEL
12856,FGFS19732,FUEL WATER SEPERATOR
12857,FGFS19727,FUEL SEPERATOR
12858,FGFS19932,FUEL SEPERATOR
12859,DNP558616,"LUBE FILTER, SPIN-ON FULL"
12860,FGAF27958,CAB AIR FILTER
12861,FGLF17502,OIL FILTER
12862,FNTKITLAT6000L,LH SECONDARY LOCK KIT- NS
12863,FGFF63010,HD STAGE 2 FF WITH NANONE
12864,FGCC2825,ES COMPLEAT EG PREMIX GALLON J
12865,FGCS41000,LUBE CENTRIFUGAL BY-PASS FILTE
12866,FGFF256,NANONET ADVANCED MEDIA FU
12867,FGFF63040NN,NANONET FF/FWS SPINON MET
12868,FPDFP5143405,VALVE COVER GASKET
12869,FUL4308452,BEARING. ROLLER
12870,FGFF5160,FUEL FILTER- ISUZU
12871,FGFS19904,FUEL SEPARATOR SPINON
12872,DNP616641,"AIR FILTER, PRIMARY RADIA"
12873,DNP554470,FUEL FILTER
12874,DNP552000,"FUEL FILTER, WATER SEPARA"
12875,DNP551335,"FUEL FILTER, WATER SEPARA"
12876,DNP554071,"COOLANT FILTER, SPIN-ON"
12877,DNP558329,"LUBE FILTER, SPIN-ON FULL"
12878,DNP550012,"FUEL FILTER, IN-LINE"
12879,DNX007784,"CLAMP-STEPPED,PREFORMED,4IN,SS"
12880,DNP574888,"HYDRAULIC FILTER, CARTRID"
12881,DNP782106,"AIR FILTER, PRIMARY RADIA"
12882,DNP550463,FILTER
12883,DR8200986,MOTOR 42MT 24V
12884,FGAF25757,AIR FILTER- METAL PANEL
12885,DNP567035,"HYDRAULIC FILTER, CARTRID"
12886,DNP550632,"FUEL FILTER, CARTRIDGE"
12887,DR8600201,ALTERNATOR
12888,DNP551028,FUEL SPNON 04.23X09.60 B
12889,DNP551604,"LUBE FILTER, SPIN-ON FULL"
12890,HDR0649SSC,SSC MK CH XLBCK BPR
12891,HDRS25593,AIR SPRING ACTUATOR ASSEM
12892,GRO52562,"STT LAMP, RED, OVAL LAMP"
12893,IS71853,2 WIRE BUTT CONNECT
12894,IS74001,METRI-PACK MALE TERM
12895,IS70704,COTTER PIN 1/16X1-1/2
12896,IS70726,COTTER PIN 1/8X2
12897,IS69133,HX.HD.TYPE F 5/16-18X1
12898,IS69135,HX.HD.TYPE F 3/8-16X1
12899,IS53103,HEX MACH NUT 10-32
12900,IS6181,CABLE SPLICE 2 GAUGE
12901,IS77311,METRIC ROLL PIN M3 X20MM
12902,IS41157,FN HEX 8 PL 7/16-20
12903,IS6682,KNOCKER LOOSE PENT.
12904,IS90886,METRIC ADAPT BRAKE FITTG
12905,IS90916,3/16 BLACK BRAKE TUBING
12906,IS75207,MAXI 100A SMART GLOW
12907,IS78611,EXTRA THICK 1/4 G8 FLAT
12908,IS90340,PIPE HX NIP 3325X6
12909,IS72196,ATM MINI FUSE 15 AMP
12910,IS90655,A/B NUT 1/4
12911,IS90656,A/B NUT 3/8
12912,IS61415,PH PAN SMS 14X2
12913,IS90515,A/B ML CONT SPRNG3/8X1/4
12914,IS6179,CABLE SPLICE 6 GAUGE
12915,IS71072,RING CONN 4-6 STUD
12916,IS73830,DEUTSCH SEAL 2 CAVITIES
12917,IS74369,T-BOLT CLAMP W/S 4.06-4.3
12918,IS69132,HX.HD.TYPE F 5/16-18X3/4
12919,IS72239,SEALED RELAY BASE 12LEAD
12920,IS16265,HX CP PL USS 3/4X2-1/2 8
12921,IS17125,HX CP PL SAE 5/16X1 8
12922,IS17202,HX CP PL SAE 1/2X2-1/2 8
12923,IS15627,FLNG BOLT MM M10-1.5PX60
12924,IS11178,HEX CAP MM M10X1PX50MM
12925,IS11172,HEX CAP MM M10X1PX25MM
12926,IS15260,HEX CAP 10.9 M16-2.0X160
12927,IS15503,HEX CAP 10.9 M12X70MM
12928,IS15613,FLNG BOLT MM M8-1.25PX35
12929,IS34447,PH PAN MCH 10-32X1/2
12930,IS19150,FLANGE BOLT 3/8X1-1/2
12931,IS12512,M10-1.50 LOCKNUT CL10
12932,IS91234,A/B ML ELBOW 3/8 X 3/8
12933,IS97071,STL HEX NIP C3069X20
12934,IS95954,SILICONE HTR 3/4
12935,IS96315,STEEL FIT 37 C5229X12
12936,IS97069,STL HEX NIP C3069X12
12937,ACH18204,ABSNUTCVR- 33MM FLAT RIDG
12938,66-189802FN631,SEAT-HERITAGE SILVER MB 2
12939,6635-216P2,PIPE HEX NIPPLE
12940,6450-422007,"ELEC CONNECTOR, RING, CRI"
12941,6635-60NTA6,AIR BRAKE-NTA SLEEVE
12942,6450-S62PMT8,1/2 UNION CONNECTOR - PUS
12943,66-189800FN631,SEAT-HERITAGE SILVER HB 2
12944,6450-452128,"HOSE ASSY, 1/2 X 28, 3/8"
12945,6450-441739,"SEAL, GLADHAND, POLY, BLA"
12946,6450-451034,"NYL TUBING, J844, 0.75 IN"
12947,6450-451049,"SPRING, 25 SUPPORT"
12948,60112142,SIX POINT SOCKET SCREW
12949,6300-4784089262,HPB_ACC_SP-PUMPS_KIT
12950,60113902,PRESS SCREW
12951,60114459,STUD
12952,5839-FS1040,FUEL SEPARATOR SPINON
12953,62GB2396AP30,"BEARING PAIR,CONN ROD-.03"
12954,5839-AF888M,AIR FILTER-PRIMARY
12955,5839-CC36077,ES COMPLETE OAT 50/50 GAL
12956,5839-CV50634,CRANKCASE VENTILATION COA
12957,5839-LF9009,OIL FILTER COMBO SPINON
12958,5839-FF5767,FUEL FILTER SPIN-ON
12959,5839-FF215,FUEL FILTER SPIN-ON
12960,5839-UF106,SCR UREA
12961,7376-47243,OBSOLETE
12962,745-K041960,SPRING BRAKE (DISC)
12963,745-276567N,CONT VLV BASIC
12964,745-286500N,PRESS PROTC VLV
12965,7376-77352,"EMERGENCY LIGHTING, 4, RE"
12966,745-5008414PG,AIR DRYER CARTRIDGE KIT
12967,7376-54363,"STT LAMP, YEL, 4 ROUND, H"
12968,7376-670503,"PIGTAIL,RING TERMINAL GRN"
12969,7376-670903,"PIGTAIL, ECONOMY, 3 WIRE,"
12970,7244-MSP0100201UU,"MACK SEAT, BLK/TAN KIX"
12971,7376-54362,"STT LAMP, RED, 4 ROUND, H"
12972,7376-49363,"CLR/MKR LAMP, YELLOW, MIC"
12973,745-275491N,D-2 GOVERNOR
12974,7313-95943,ADJ SCREW
12975,7376-909515,"FORWARD LIGHTING, 5 X 7,"
12976,6990-452262X4,FOOT PEDAL KIT
12977,7843-3730443,"OIL SEAL, DISCOVER XR"
12978,7843-4474743,PR0-TORQ NUT (TR)
12979,7843-3303111,DRIVE AXLE GASKET
12980,7843-3634195,DEFENDER W/ MAGNETIC PLUG
12981,7753-PK11002,"O.B. BEARING,7/8 RND."
12982,7833-436,"DECK COVER,MODULAR (6 PLA"
12983,7843-7010209,PLUS KIT KING PIN KIT
12984,7843-3584195,INTEGRATED SENTINEL GREAS
12985,7843-3930204,DISCOVER SET - DRIVE
12986,7753-49T39511,PROTECTOR
12987,745-K117542N,CAMSHAFT
12988,7753-30T38111,SWITCH (NO BALL)
12989,8076804,NIPPLE
12990,8116-7671,LUBRIPLATE GREASE 10OZ
12991,8116-71386,WIRE TIE BLK .19 X 14.5
12992,8086231,TERMINAL
12993,8116-16211,HX CP PL USS 1/2X5-1/2 8
12994,8084010,THRUST WASHER
12995,8116-74872,WAVESEAL HOSE CLMP 22
12996,8116-72199,ATM MINI FUSE 30 AMP
12997,7860-RT35,REFLECTOR SET
12998,7843-K76F,QWIK KIT KING PIN KIT
12999,78645624,MIRROR
13000,78581716,GLASS
13001,78509906,BEZEL
13002,800-2343071544,T910 HI BLK VN
13003,801131,WATER PUMP
13004,8116-90391,PIPE PLG SKT 1/4 3149X4
13005,8116-913250X4,"DEER WARNING UNIT,CHROME,"
13006,8116-90274,45 FLR M ELB 49X10
13007,8116-91228,A/B ML CONN 1/2 X 1/2
13008,8116-91222,A/B ML CONN 1/4 X 3/8
13009,8116-91241,A/B ML EL 45 1/4 X 1/4
13010,8116-90697,A/B 90 MALE ELB 3/8X1/8
13011,8116-90369,PIPE ST ELB 3400X4W
13012,8116-81552,BULB 3157
13013,82244919,COVER
13014,8226-L20SV8150B14,SOCKET ASSY-RH
13015,82301558,SHAFT AND CLUTCH ASSEMBLY
13016,812AXF,RUBBER
13017,8131393,RETAINER
13018,82074649,SOUND INSULATION
13019,8235-2203M9997,SHIM
13020,8235-A1205V1556,SEAL
13021,8235-3XRY761,WELD YOKE
13022,8235-5X1217,O-RING
13023,8235-KIT8059,KIT-BK REP-MNR
13024,8235-PKSMA2124707QP,LINED SHOE KIT
13025,8235-3107S1397,CLUTCH COLLAR
13026,8235-25RY683,WELD YOKE
13027,8235-3131704,MTIS THRU TEE
13028,8235-25RC,25 RPL SHAFT
13029,8235-3208M1027,GASKET
13030,85136152,PROTECTING CASING
13031,85140610,CONNECTOR
13032,85155738,VALVE
13033,8413-50400,SURFACE MOUNT JUNCTION BO
13034,85101812,LAMP
13035,85111997,CAMSHAFT
13036,85140625,CONNECTOR
13037,8397708,FITTING
13038,8397711,FITTING
13039,84746042,BRACKET
13040,8609-843,WATER PUMP KIT
13041,84814185,BRACKET
13042,85144628,MIRROR
13043,8498-118115,"AIR LINE - BLACK RUBBER,"
13044,85131549,CONNECTOR
13045,8413-263303,"26 SERIES LICENSE LAMP, B"
13046,85105604,SET
13047,85111899,CAMSHAFT
13048,85147372,FAN KIT
13049,85130932,NUT
13050,85148634,KIT
13051,84168250,LATCH
13052,84167602,LATCH
13053,85151148,HOSE
13054,82732109,RETAINER
13055,84730636,EXTENSION
13056,8498-17180,HOSE HOLDER - QWIK-CLAMP
13057,82762175,PANEL
13058,82770603,COVER
13059,8413-50841,1/2 I.D. FITTING
13060,84721277,SEALING MOULDING
13061,82763139,HINGE
13062,84741419,BRACKET
13063,8397703,FITTING
13064,84805768,KIT
13065,8413-10050R,MARKER LAMP RED
13066,8413-6050A,LED SIGNAL STAT REAR TUR
13067,8413-30050R,MARKER LAMP RED
13068,8413-10700,OPEN GROMMET KIT FOR
13069,82694600,MATTRESS
13070,8413-33065C,LED 33 SERIES AUX. GROMME
13071,8413-15040,LED 15 SERIES LICENSE KIT
13072,82711749,SPLASH SHIELD
13073,8413-1960,LED SIGNAL STAT M/C RECTA
13074,8413-21200Y,"SUPER 21 M/C LAMP, 12 VOL"
13075,84169539,ROD
13076,8498-2326281,CABLE ASSEMBLY - LIFTGATE
13077,85111989,CAMSHAFT
13078,85114034,KIT
13079,84719515,HOSE ASSEMBLY
13080,8413-60075Y,LED MDL AUXILIARY T/TURN
13081,8498-9210,BATTERY CABLE - BATTERY-T
13082,8413-60256R,LED 60 SERIES S/T/T LAMP
13083,85129434,RESISTOR
13084,84753681,BRACKET
13085,85134348,NUT RETAINER
13086,8413-9007A,"LENS FOR 1201,1203,1204,1"
13087,8413-27270C,LED 7 HIGH/LOW HEADLAMP P
13088,8413-96107,PLUG MALE PIN 3 PIN
13089,8498-2326276,CABLE ASSEMBLY - WEATHER-
13090,85152447,AIR LINE TOOL KIT
13091,85153132,ATTACHING CLAMP
13092,82727842,STEERING COLUMN COVER
13093,85107045,BULB
13094,85108482,COLLET
13095,82768117,COMPRESSOR
13096,8235-RSL110597,VALVE
13097,8235-R803059,ASA W/O CLEVIS
13098,8235-R615024,KIT-CAM REPAIR
13099,8235-R304328,VALVE
13100,M2503,LADIES CAMO PONY TAIL CAP
13101,955082,CAP PLUG
13102,961614,WELD NUT
13103,964862,CLEVIS PIN
13104,9853-MMDRIVE75W80JUG,MACK M-DRIVE TRANSMISSION
13105,M4927,BLACK GREY NEOPRENE CAN SLEEVE
13106,951668,E-CIRCLIP
13107,990232,FLANGE SCREW
13108,990951,FLANGE LOCK NUT
13109,982541,CABLE TIE
13110,M5748,MACK WORK SHIRT GREY
13111,NTS23586303,CVR CSH VOLVO LT BROWN CL
13112,984488,SPACER SLEEVE
13113,984756,FLANGE SCREW
13114,961968,PLUG
13115,984859,FLANGE SCREW
13116,969278,SIX POINT SOCKET SCREW
13117,973AX441RF,HOSE
13118,945504,SNAP RING
13119,996120,SPACER SLEEVE
13120,994788,SIX POINT SOCKET SCREW
13121,994924,SIX POINT SOCKET SCREW
13122,9278-50STD,CLAMP
13123,21048677,GASKET
13124,947620,GASKET
13125,21202496,SHOULDER SCREW
13126,21073574,HOSE
13127,21294882,SPACER
13128,994785,SIX POINT SOCKET SCREW M6-12
13129,21306032,HOSE
13130,945512,O-RING
13131,21089557,TOWING HOOK
13132,978992,SPLIT PIN
13133,21092270,SPRING
13134,DNP550879,"FUEL FILTER, SPIN-ON"
13135,M0234,RETRO MACK MUG
13136,21110985,MOUNTING STRAP
13137,21127620,BRACE
13138,X1485212C,5/32 DOT AIR BRAKE TUBING
13139,21136471,SEALING RING 4658
13140,21237464,FUEL TANK
13141,21046528,ATTACHING CLAMP
13142,9278-40STD,CLAMP
13143,M7004,MACK TAG FRAM
13144,21589074,HOSE
13145,21376707,FILTER CAP
13146,2132-61013123,ALTERNATOR
13147,21404486,AIR PRESSURE GAUGE
13148,21501252,STRAP
13149,21322432,WIRING HARNESS
13150,21392400,FILLER CAP
13151,21525035,HOSE ASSEMBLY
13152,21434720,CONNECTION PIPE
13153,21169890,PRESSURE HOSE
13154,21525092,HOSE
13155,21455602,TIE ROD
13156,21462260,COMPRESSOR
13157,21194281,GASKET
13158,21404056,RING
13159,21542900,BATTERY CABLE
13160,21475329,BOLT
13161,21487571,GASKET
13162,21512541,SHIFT YOKE
13163,21344753,FLANGE SCREW
13164,21531322,BREATHER CAP
13165,956987,FITTING NUT
13166,21334768,CYLINDER LINER
13167,21329591,AIR VENT PIPE
13168,990970,HEXAGON NUT
13169,21307775,BRACKET
13170,21457961,CONNECTOR
13171,21554720,WIRING HARNESS
13172,21557202,BRACKET
13173,21668430,WIRING HARNESS
13174,970778,TERMINAL
13175,993665,HOUSING
13176,21341591,HYDRAULIC PUMP
13177,21438622,HUB
13178,21548264,TUBE
13179,21683017,GROMMET
13180,21475323,BOLT
13181,21568411,ACCESSORY BELT&TENSIONER
13182,21614089,BRACKET
13183,BERR0117,CARB CLEANER
13184,21046544,SENSOR
13185,21048696,INSULATING MATERIAL
13186,21634021,PRESSURE SENSOR
13187,M0078,GOLD HOOD ORNAMENT KEY CHAIN
13188,21475322,BOLT
13189,21580174,COLLAR
13190,M23356091P9188,ANTHEM BUMPER ( R/H )
13191,21372269,HUB
13192,8846-016950,45 DEG. MALE ELBOW 1/2 X
13193,8846-016283,90 DEG. ELBOW UNION 1/4
13194,8846-020066,NYLON TUBING 3/16OD X 100
13195,8726-3600059,O RING
13196,88800513,DRIFT
13197,8846-058374,CONSPICUITY STRIPS 2X12 W
13198,88800233,KIT
13199,8846-600244,2.25X7.0 ANTI-SIPHON FREI
13200,8846-058382,ELECTRICAL TAPE 3/4 X 60
13201,22732199,RETAINER
13202,21997579,TUBE
13203,22035960,WIRING HARNESS
13204,2191-P574195,"HYDRAULIC FILTER, CARTRID"
13205,2191-P124837,"AIR FILTER, SAFETY"
13206,22097766,PIPE
13207,2191-P548963,"AIR FILTER, PANEL ENGINE"
13208,2191-P576926,"FUEL FILTER, SPIN-ON SECO"
13209,21827926,BRACKET
13210,2191-P550386,HYDLC SPNON 05.04X06.66 B
13211,21786270,WIRES
13212,22188868,FUEL FILTER HOUSING
13213,22196087,WIRING HARNESS
13214,2191-P167942,"HYDRAULIC FILTER, CARTRID"
13215,21805498,SPRING
13216,21806624,SAFETY WASHER
13217,2191-P550553,"FUEL FILTER, WATER SEPARA"
13218,2191-P550788,LUBE SPIN ON
13219,2191-P551028,FUEL SPNON 04.23X09.60 B
13220,2191-P608667,"AIR FILTER, PRIMARY OBROU"
13221,2191-P551077,"FUEL FILTER, WATER SEPARA"
13222,22258875,MODULE
13223,2191-P551864,"FUEL FILTER, WATER SEPARA"
13224,21866790,HOSE ASSEMBLY
13225,2191-P551752,"FUEL FILTER, WATER SEPARA"
13226,2191-P553004,LIQUID FILTER
13227,2191-P554005,OIL FILTERS
13228,2191-P554560,LUBE SPNON 04.59X11.69 B
13229,2191-P554685,"COOLANT FILTER, SPIN-ON N"
13230,2191-P556915,LIQUID FILTER
13231,22393655,VENTURI
13232,22727331,COMPANION FLANGE
13233,2191-P783500,"AIR FILTER, PRIMARY ROUND"
13234,2191-P829332,"AIR FILTER, SAFETY RADIAL"
13235,22431443,CLUTCH HOUSING
13236,22434101,WIRES
13237,22516645,FAN RING
13238,22571383,FUEL PIPE
13239,2191-P500149,"AIR FILTER, PRIMARY SPECI"
13240,22596885,PIPE
13241,22609747,HOSE ASSEMBLY
13242,22611027,PIN
13243,22945972,COMPRESSED-AIR TANK
13244,2191-P550404,"FUEL FILTER, IN-LINE"
13245,21760693,PIPE
13246,2191-P550763,"LUBE FILTER, CARTRIDGE"
13247,2191-P551034,"FUEL FILTER, WATER SEPARA"
13248,23961760,V-RIBBED BELT
13249,23961764,BELT 8PK1601
13250,2191-P551551,LIQUID FILTER
13251,22999818,SEPARATOR
13252,23539939,LEVEL SENSOR
13253,23966423,U-BOLT
13254,23983598,SHIELD
13255,23964693,WIRES
13256,21866803,HOSE ASSEMBLY
13257,22165020,TUBE
13258,22751873,SWITCH
13259,23038240,DRAIN VALVE
13260,23059030,FILLER CAP
13261,24000234,EXHAUST VALVE KIT
13262,2191-P174552,"HYDRAULIC FILTER, SPIN-ON"
13263,23092698,HOSE
13264,23092720,CONNECTION HOSE
13265,230SX1,KIT
13266,23656007,SPLASH SHIELD
13267,22203894,CABLE TIE
13268,23682580,BEARING
13269,24015947,SWITCH
13270,22238210,COMPANION FLANGE
13271,22243641,SEALING RING
13272,23137545,INVERTER
13273,2335-65541B,BRAKE DRUM 15.00 X 4.0 BA
13274,22295738,PISTON COOLING JET
13275,22849170,CONNECTOR
13276,2335-66855B20,PALLET OF 66855B
13277,22875267,GASKET
13278,23749785,COVER
13279,22891952,HOSE
13280,23370664,ADJUSTER PIN KIT
13281,22428983,BRACKET
13282,23235878,RETAINER
13283,23817064,HUB
13284,24252007,PIPE
13285,21922136,WIRING HARNESS
13286,22477420,REAR AXLE ATTACHMENT
13287,23268661,HUB
13288,22903896,HOSE
13289,23862669,HOUSING
13290,22926993,HOSE
13291,23913011,BRAKE
13292,24218596,IDLER GEAR
13293,25069592,SPRING
13294,243AX16F,HOSE
13295,25084651,SHIM
13296,25084923,HEXAGON SCREW
13297,25084815,SIX POINT SOCKET SCREW
13298,25108386,SPACER
13299,25117047,TUBE
13300,243SX56,O RING LUBRICANT
13301,25075427,LINK
13302,25096388,SHIM
13303,25106691,CROSS RECESSED SUNK SCREW
13304,25111650,FITTING
13305,23484031,PIPE
13306,25099458,PIPE
13307,25093459,FITTING
13308,25094063,SHOULDER SCREW
13309,25097310,WASHER
13310,25094536,SCREW
13311,23092708,HOSE
13312,23631163,BRACKET
13313,25017813,HOSE
13314,25083439,CUP
13315,25084870,SHIM
13316,25097947,PLUG
13317,25097326,HEXAGON SCREW
13318,23133872,VALVE
13319,23140436,POWER CABLE
13320,25085684,HEXAGON NUT
13321,25087799,HEXAGON SCREW
13322,25100668,OIL FILLER CAP 2117
13323,25097777,HEXAGON SCREW
13324,25105721,ADJUSTING SCREW
13325,25100329,WIRING HARNESS
13326,25101069,INDICATOR
13327,25024534,SEALING COVER
13328,25086917,FITTING
13329,25023854,THREAD PLATE
13330,25099125,COVER
13331,25110599,HOSE
13332,25101645,FUEL NOZZLE
13333,25085903,PIN
13334,25087301,HEXAGON NUT
13335,25086137,GROMMET
13336,25030654,SPACER
13337,25107522,PLASTIC PLUG
13338,23764517,DOOR STOP
13339,25037137,PANEL
13340,25107700,CLEVIS PIN
13341,25107588,SHOULDER SCREW
13342,25106004,CONTROL ROD
13343,23292027,SHOCK ABSORBER
13344,25089246,WASHER
13345,25053237,O-RING
13346,22757150,DOSAGE VALVE
13347,22777240,WIRES
13348,23961828,V-RIBBED BELT
13349,25094501,FLANGE SCREW
13350,25101415,WIRES
13351,25108262,O-RING 1512
13352,22803608,WIRING HARNESS
13353,25107341,FLANGE SCREW
13354,22868687,HOSE
13355,24001442,CURTAIN
13356,25091335,HEXAGON SCREW
13357,25105786,SHOULDER SCREW
13358,25107491,HEX. SOCKET SCREW
13359,25107811,CROSS RECESSED SUNK SCREW1129
13360,22892969,HOSE
13361,25069679,EXTENSION
13362,23254693,INSULATOR
13363,22410762,BOLT
13364,23873072,GASKET
13365,2191-DBA5224,"AIR FILTER, PRIMARY RADIA"
13366,2191-X007669,SERVICE COVER RETRO KIT
13367,22504357,STARTER ELEMENT
13368,24399742,BRACKET
13369,22777117,COVER
13370,24533210,GREASE
13371,23984859,MIRROR
13372,22879255,CAMSHAFT BEARING KIT
13373,22724122,AXLE ATTACHMENT
13374,22891998,HOSE
13375,22892919,HOSE
13376,23367296,BRACKET
13377,2191-P537876,"AIR FILTER, PRIMARY RADIA"
13378,22924256,BRACKET
13379,22940360,REFLECTOR PLATE
13380,23433337,LOCK NUT
13381,23488939,PRESSURE SENSOR
13382,25015924,SHAFT
13383,2191-P550758,"LUBE FILTER, SPIN-ON FULL"
13384,25018811,FILTER CARTRIDGE
13385,23656743,CYLINDER KIT
13386,2191-P551319,"FUEL FILTER, SPIN-ON"
13387,2191-P551421,"FUEL FILTER, WATER SEPARA"
13388,2191-P551432,"FUEL FILTER, WATER SEPARA"
13389,22295787,DIPSTICK
13390,23140440,CROSS MEMBER
13391,23153758,AIR SPRING
13392,25161338,CRADLE
13393,25163053,AIR CONDITIONING UNIT
13394,25173306,TUBE
13395,25500724,PIN
13396,25174196,GASKET 1512
13397,25154723,ROLLER
13398,25503129,FILTER
13399,25164975,MUFFLER
13400,25165572,LOCK HANDLE
13401,25165804,CUP HOLDER
13402,25624811,SEAL
13403,25121334,INSULATOR RADIATOR MOUNT
13404,25166962,TANK
13405,25625078,SPRING 4319
13406,25168212,HEXAGON SCREW
13407,25168788,CAP
13408,25192112,INSULATOR
13409,25192798,WIRING HARNESS
13410,25169044,HOSE CLAMP
13411,25170769,LINK
13412,25131506,BRACKET
13413,25160296,SUPPORT
13414,25171450,BRACKET
13415,25160755,BRACKET
13416,25339078,HEXAGON NUT
13417,2719-210737,OIL SEAL
13418,2719-220TR1451,ARM - STEERING (FINISHED)
13419,25176067,BOX
13420,25165549,SEAL
13421,25624102,O-RING 2179
13422,25156099,BUSHING 1312
13423,25624728,SHACKLE
13424,25640723,ADJUSTING WASHER
13425,25640741,ADJUSTING WASHER
13426,25155989,LENS
13427,25191378,CUP
13428,25191862,SEALING MOULDING
13429,25177274,BRACKET
13430,25165421,RETAINER
13431,25157728,CONTROL VALVE
13432,25191907,POWER OUTLET
13433,25157228,SUPPORT
13434,25168386,STUD
13435,25176599,TORQUE ROD
13436,25624959,LIP SEAL
13437,25170198,TUBE
13438,25170800,HOSE
13439,25158212,REFLECTOR
13440,25500575,O-RING 1512
13441,25170957,PULLEY
13442,25497748,BRACKET
13443,25160921,LAMP
13444,25171491,HEX. SOCKET SUNK SCREW
13445,25171770,SWITCH
13446,25130991,BRACKET
13447,25499489,GASKET
13448,25503431,SPACER
13449,25173652,WIRING HARNESS
13450,25174437,EXHAUST PIPE CLAMP
13451,25623074,HOOD SUPPORT
13452,25174660,HOSE
13453,25502420,GASKET
13454,25172391,PUMP
13455,25153242,BRACKET
13456,25163438,MARKING LABEL
13457,25154081,WHEEL STUD
13458,25154177,GLASS
13459,3065-KITRPR6000L,REPAIR KIT
13460,3088-4300924,"CLUTCH,SLIDING"
13461,3088-4305452,"GASKET,SHIFT LEVER HOUSIN"
13462,3088-14345,PISTON
13463,3088-4303336,"RING,RETAINING"
13464,3088-16628,SNAP RING
13465,3088-16566,BUSHING
13466,3088-4302080,SNAPRING
13467,3088-20550,FRONT BEARING COVER
13468,3088-84002,CONNECTOR
13469,3088-84101,CONNECTOR
13470,3102-25168319,MACK FUEL FILTER
13471,2957-630CHRD,CH RED DEFLECTOR
13472,2719-513372,KIT-GEAR PIN & NUT
13473,3679-11151,"STREET TEE, BRASS PIPE, 3"
13474,3398-3595X,DRUM
13475,3679-39563,GR. 8 HEX NUT 3/8-16
13476,3543-K0762,HEATER CORE
13477,3398-RX248KX,WHEEL
13478,3679-110971,"NIPPLE, HEX, BRASS PIPE,"
13479,3300-1A0216330003,UNHOUSED RADIATOR WITH FI
13480,3302-KT1922002,"TORQUE ROD BUSHING KIT, P"
13481,3345-1808874,UPPER ARM WLDMT_SWT
13482,3302-EM7569656HT,EXHAUST BUSHING (HIGH TEM
13483,3302-TR7541610,"TORQUE ROD, SMALL EYE 24"
13484,3345-1122379,CHAIN DRIVE ADAPTER SHAFT
13485,3302-LP5024179,BOLSTER SPRING KIT
13486,3302-CM55616C5HT,CAB MOUNT (HIGH TEMP)
13487,3302-MM5962002HT,"ENGINE MOUNT KIT (REAR),"
13488,3302-LP5024778,PROGRESSIVE LOAD SPRING
13489,3302-TR6241217,TORQUE ROD 21 3/4 C-C
13490,3345-1800038,ROLLER BAR STEEL
13491,3180120,NIPPLE
13492,3345-1808873,STABILIZER BAR WLDMT_SWT
13493,3944972,HOUSING
13494,3949995,VALVE KIT
13495,3973009,GASKET
13496,3679-7792FT,WIRE LOOM 1 SPLIT PLASTIC
13497,4000-60383000,BUSHING
13498,4015-20301,OEM EST COAST MIRROR-SS
13499,8116-91270,A/B ML CONN 5/8 X 3/8
13500,8116-91531,MALE ELBOW 1/8 X 1/8
13501,8116-90392,PIPE PLG SKT 3/8
13502,8116-90682,A/B MALE CON NT 3/8 X 1/4
13503,8116-90701,A/B 90 MALE ELB 1/2X3/8
13504,8116-90927,5/8 DOT AIR BRAKE TUBING
13505,8116-83815,PLUG LED HARD-SHELL
13506,8116-90555,PIPE ADAPTER 3200X4X2
13507,8116-90372X2,PIPE 45 ST E 3350X6
13508,82246953,MIRROR MOUNTING PLATE
13509,8235-1229W4625,SNAPRING(MAIN SHAFT GEARS
13510,8150740,STUB
13511,8178678,HOUSING
13512,8116-97481,HYD COUPLER 1 NIPPLE
13513,8116-95954,SILICONE HTR 3/4
13514,8116-92815,HOSE END MED 21308N-608
13515,82279475,SWITCH
13516,8148-1820411K,CYLINDER HEAD PLUNGER REL
13517,8235-18N31371XMXL,YOKE
13518,82218333,BRAKE PEDAL
13519,8116-92152,HOSE END MED 24706N-606
13520,8235-M10KIT5367,TRANS INPT SHFT
13521,8235-5X1069,O-RING
13522,8235-5X1083,O-RING
13523,8235-KIT225208,CLP2TRQ PLT-MTG
13524,8235-GAFF12006,LOAD PAD
13525,8235-E613121K1857S,AXLE HOUSING
13526,8235-JM511945,"CONE,INPUT SHAFT BEARING"
13527,8235-A63211A6735,SPIDER
13528,8235-KIT225205,CLP2TRQ PLT-MTG
13529,8235-KIT8008,KIT
13530,8235-KIT8033F,KIT-BUSH & SEAL
13531,8235-PKSMA3124515Q,LINED SHOE KIT
13532,8235-3108301,EMPTY CNTRL BOX
13533,8235-3131703,TEE
13534,8235-3219N5942,DRUM
13535,8235-2203M9243,SHIM(.010)
13536,8235-2210K7603,CAMSHAFT
13537,85136068,FILTER CARTRIDGE
13538,8397700,SWIVEL
13539,8498-21213,"PRIMARY WIRE - 14 GA., BL"
13540,85116402,WIPER BLADE
13541,85144089,BREAKER
13542,8413-10276Y,LED CLEARANCE
13543,85144632,MIRROR
13544,8236-3720,CUP
13545,8413-80360P,"5 MULTI PURPOSE LAMP, PAL"
13546,85125543,BRAKE CHAMBER
13547,8498-9350,BATTERY JUMPERS - CLEAR-V
13548,85130710,CONNECTOR
13549,85130725,CONNECTOR
13550,8236-SET411,47686/47620
13551,85130776,CONNECTOR
13552,85129020,VALVE
13553,8413-3050A,LED SIGNAL STAT M/C LAMP
13554,85105969,KIT
13555,85150502,ELECTRIC SOCKET
13556,8498-15320,"SOCKET - SINGLE POLE, ZIN"
13557,85140624,CONNECTOR
13558,82789522,RETAINER
13559,8397422,CONNECTOR
13560,8397705,FITTING
13561,84168198,PLATE
13562,8413-15200R,LIGHT
13563,82792311,DOOR HANDLE
13564,84757155,COVER
13565,8413-26361YA,"LMP-TORPEDO,LED,C/M,MACK"
13566,8236-SET412,HM212047/HM212011
13567,8413-6063C,LED SIGNAL STAT 60 SERIES
13568,82713806,BRACKET
13569,82734067,PANEL
13570,8446-S219061,FRAME BRACKET ASSY
13571,8413-44350R,LED SUPER 44 S/T/T 6 DIOD
13572,84712754,HANDLE
13573,84713216,CONTROL PANEL
13574,85112825,CAMSHAFT
13575,85113660,LEVEL VALVE
13576,84029924,STRUT
13577,8413-15200C,M/C LAMP
13578,8633-4080825,OETS MULTI-V BELT
13579,85140608,CONNECTOR
13580,85144622,MIRROR
13581,82372514,CLUTCH CONTROL
13582,85151743,CAP
13583,82691286,PANEL
13584,8413-97944,GREASE 2 OZ
13585,8498-302191,ELECTRICAL/AIR ASSEMBLY -
13586,85102550,EXHAUST PIPE CLAMP
13587,84192233,PAD
13588,82735865,SWITCH HOUSING
13589,85107584,UNIVERSAL JOINT
13590,82745222,FILTER ELEMENT
13591,85111901,CAMSHAFT
13592,8235-RKN34061,TP VLV
13593,8235-R802383,AY-ASA-1.50-10
13594,8235-RSL110275,RELAY VALVE
13595,979097,GASKET
13596,914476,SNAP RING
13597,M2888,MACK LOGO KEYCHAIN
13598,935-2916710609,RING
13599,9853-MGOJPLUSJUG,MACK SYNTHETIC GEAR OIL G
13600,M8220,MACK GRNT TOY DUMP TRK
13601,983014,TERMINAL
13602,990995,FLANGE SCREW
13603,M6463-XXL,MINI CHECK POLO
13604,M7001,MACK HITCH COVER
13605,M7353,MACK TERVIS TUMBLER
13606,M8501,MACK GREY SPECKLE 16OZ MUG
13607,V78608217P3029,PAINTED CHASSIS FAIRING L/H
13608,VNLG5SP3029,PAINTED VNL HOOD 24244649
13609,976041,O-RING
13610,993376,HOUSING
13611,979972,SIX POINT SOCKET SCREW
13612,994502,FLANGE SCREW
13613,976014,O-RING
13614,924062,STUD
13615,21254551,SLEEVE
13616,952640,CLAMP
13617,21053055,HOSE
13618,984838,FLANGE SCREW
13619,990929,E-CIRCLIP
13620,21296958,BRACKET
13621,992479,HEXAGON SCREW
13622,21306498,AIR CLEANER
13623,973AX460F,HOSE
13624,21084938,PANEL
13625,21093228,INSULATOR
13626,21102349,BRACKET
13627,21316280,FUEL PIPE
13628,21048286,FITTING
13629,M3365,GREY & GOLD MACK MESH CAP
13630,21062932,HEXAGON SCREW
13631,21092243,SEALING RING
13632,21127325,HEAT SHIELD
13633,21161899,CONNECTOR
13634,21048511,O-RING
13635,907888,SPLIT PIN
13636,946894,BLIND RIVET
13637,21102350,BRACKET
13638,21109672,HOSE
13639,21365729,RETAINING PLATE
13640,21382031,HEXAGON SCREW
13641,21382037,FLANGE SCREW
13642,21599161,PIPE
13643,21335834,FUEL PIPE
13644,21342452,IGNITION CABLE
13645,21416247,PLATE
13646,21531254,INLET HOSE
13647,925064,O-RING
13648,21198605,BRAKE CHAMBER
13649,2132-8600403,ALTERNATOR 24SI 12V 130A
13650,21399189,STRAP
13651,21529140,EXHAUST PIPE CLAMP
13652,21610103,BRACE
13653,21487087,STRAP
13654,21248009,SOLENOID VALVE
13655,21255115,COOLANT PIPE
13656,21344786,FLANGE SCREW
13657,21405770,VALVE SEAT
13658,21538464,COOLANT PIPE
13659,984003,FLANGE NUT
13660,984766,FLANGE SCREW
13661,990424,HOSE ASSEMBLY
13662,990992,LOCK NUT
13663,21461618,BRACKET
13664,21432091,HEAT SHIELD
13665,21644753,VALVE
13666,971AM25,LOCK
13667,992084,HOSE CLAMP
13668,994471,FLANGE SCREW
13669,21438673,BRACKET
13670,996062,FLANGE SCREW
13671,21475228,SPARE PARTS KIT
13672,21478681,EXHAUST PIPE
13673,977890,O-RING
13674,21475326,BOLT
13675,21392402,RUBBER MOULDING
13676,21688714,STUD
13677,21482546,HOSE
13678,21585144,DISPLAY
13679,8846-016114,PUSH-LOCK MALE CONNECTOR
13680,8846-018012,HEX NIPPLE 1/2 BRASS
13681,8846-016660,PUSH LOCK FULL UNION 3/8
13682,8846-016980,PUSH-LOCK UNION TEE 1/2
13683,88890167,BREAK OUT HARNESS
13684,88800527,PROTECTING PLUG
13685,8846-708508,7-1/2 CENTER MOUNT CONVEX
13686,8846-016285,"90 DEG. ELBOW UNION, 3/8"
13687,8726-3500038,ENGINE HEATER - 1500W 120
13688,8846-708552,5 CONVEX HEAD CHROME CENT
13689,2191-P534096,"AIR FILTER, PRIMARY RADIA"
13690,2191-P579275,"LUBE FILTER, SPIN-ON BYPA"
13691,2191-P550223,"HYDRAULIC FILTER, SPIN-ON"
13692,2191-P606483,"AIR FILTER, ROUND VENTILA"
13693,22193297,CHECK VALVE
13694,2191-P550540,"FUEL FILTER, CARTRIDGE SE"
13695,2274-670DDSG,DOUBLEDUAL PLUG ASSY
13696,2191-P550900,"FUEL FILTER, WATER SEPARA"
13697,2191-P551031,"FUEL FILTER, WATER SEPARA"
13698,2191-P550964,"LUBE FILTER, SPIN-ON FULL"
13699,2191-P551312,"FUEL FILTER, SPIN-ON"
13700,2191-P171635,"HYDRAULIC FILTER, SPIN-ON"
13701,2191-P552025,"LUBE FILTER, SPIN-ON FULL"
13702,2191-P616400,"AIR FILTER, SAFETY"
13703,2191-P552100,OIL FILTERS
13704,2191-P644827,FILTER ASSY
13705,2191-P643141,"AIR FILTER, PANEL"
13706,21895868,COVER
13707,2191-P556005,"HYDRAULIC FILTER, SPIN-ON"
13708,22376311,TERMINAL
13709,2191-P772579,"AIR FILTER, PRIMARY RADIA"
13710,2191-P783612,"AIR FILTER, SAFETY"
13711,22496392,BOLT
13712,22562356,END YOKE
13713,21932299,BRACKET
13714,22617342,BRACKET
13715,2191-P502424,"FUEL FILTER, WATER SEPARA"
13716,2191-P606121,P/CORE SAFETY PSD09 AIR F
13717,21751233,ENGAGING RING
13718,22642255,BRACKET
13719,23491449,GASKET
13720,23942036,MIRROR
13721,2191-P551005,"LUBE FILTER, CARTRIDGE"
13722,21780376,SEALING RING
13723,2191-P551115,"FUEL FILTER, WATER SEPARA"
13724,2191-P609447,"AIR FILTER, PRIMARY RADIA"
13725,22078829,PULLEY
13726,23984863,MIRROR
13727,2191-P614221,"AIR FILTER, PANEL VENTILA"
13728,2191-25042054,AIR ELEMENT
13729,2191-P641539,SAFETY ELEMENT
13730,22175540,WEAR RING
13731,23092706,HOSE
13732,2191-P562243,"HYDRAULIC FILTER, STRAINE"
13733,22219547,WIRING HARNESS
13734,23685918,WIRING HARNESS
13735,24048906,COVER
13736,24060089,CONTROL UNIT
13737,22858643,WIRING HARNESS
13738,22867708,PIN
13739,2374-437951035,4X35 STRAP W/41766-18 FLA
13740,2374-4867214,STRAP ASM 2X16
13741,22882125,VALVE
13742,22891468,COOLING HOSE
13743,2191-P957050,MAIN ELEMENT
13744,22410735,BOLT
13745,22410739,BOLT
13746,22892791,COOLING HOSE
13747,23815074,SEALING RING
13748,23409236,PIPE
13749,2428-5080835,V-RIBBED BELT
13750,22521002,HEAT SHIELD
13751,23417956,TUBE
13752,2191-P582021,"LUBE FILTER, SPIN-ON FULL"
13753,22928037,ANTENNA CABLE
13754,23438332,SUPPORT
13755,23913021,SLACK ADJUSTER
13756,25097874,HEXAGON NUT
13757,25108034,TERMINAL
13758,25109335,NUT RETAINER
13759,24247097,MAIN BEARING KIT
13760,25092485,WASHER
13761,24383544,BULB
13762,25084606,WASHER
13763,25102069,COVER
13764,25109142,NUT
13765,24340518,VALVE
13766,2478-MK1075,"STARTER, MACK, MP7"
13767,23484002,EMBLEM
13768,25037501,GROMMET
13769,25085991,WASHER
13770,25108973,CROSS RECESSED SCREW
13771,25109039,TERMINAL
13772,25080441,HORN
13773,25097349,HEXAGON SCREW
13774,25094590,FITTING
13775,25094877,FITTING
13776,25095838,SPACER SLEEVE
13777,25108908,SHOULDER SCREW
13778,25109211,CLAMP
13779,23656005,SPLASH SHIELD
13780,25053639,LAMP
13781,25087610,HEXAGON SCREW
13782,25097802,WASHER
13783,25097853,NUT
13784,23716178,HUB
13785,23722221,OIL FILTER HOUSING
13786,25086696,FITTING
13787,25024693,SWITCH
13788,25107249,WASHER
13789,25101403,SPACER SCREW
13790,25086052,GREASE FITTING
13791,25086148,WASHER
13792,25036928,LAMP
13793,25089748,FITTING
13794,25107489,NEEDLE ROLLER BEARING
13795,25109916,SPRING NUT
13796,25109923,SPRING NUT
13797,25109927,STRAP
13798,23285092,ROLLER
13799,25036109,LAMP
13800,23890980,ACCELERATOR PEDAL
13801,25108055,CUP
13802,25110951,KNOB
13803,23325062,BUMP STOP
13804,25061876,FITTING
13805,25114399,TUBE
13806,25102046,VANE PUMP
13807,25111223,ANTENNA
13808,22802508,LABEL
13809,25046962,FITTING
13810,25090220,INDICATOR
13811,25105104,CROSS RECESSED SCREW
13812,25101152,HEXAGON SCREW
13813,25115330,BRACKET
13814,2335-65158B,BRAKE DRUM 16.50X5.0 BAL.
13815,25051687,CABLE
13816,25090637,SPACER
13817,25105757,END YOKE
13818,25111644,WIRING HARNESS
13819,25111122,PANEL
13820,24007624,PIPE
13821,24016949,SEALANT
13822,25063286,BOOT
13823,25082066,"BRACKET, HOOD REST"
13824,25097731,FLANGE SCREW
13825,24129397,SOLENOID VALVE
13826,22368702,VALVE SEAT
13827,22392309,SYMBOL LENS
13828,2191-DBA5228,"AIR FILTER, PRIMARY RADIA"
13829,2191-P181107,"AIR FILTER, PRIMARY ROUND"
13830,22452225,PLUG
13831,22457886,LOCK
13832,2191-G057511,"AIR CLEANER, FPG RADIALSE"
13833,24313003,COOLANT PIPE
13834,21922134,WIRING HARNESS
13835,22522221,DE-CARBONIZING KIT
13836,22778279,BUSHING
13837,23965627,STRAP
13838,2191-P566920,"HYDRAULIC FILTER, SPIN-ON"
13839,21979345,SHOCK ABSORBER
13840,22835307,COOLING HOSE
13841,22841995,SEAT BELT
13842,25002508,HOUSING
13843,22891518,COOLING HOSE
13844,24072573,ALARM
13845,24119494,SEAT BELT
13846,24119502,SEAT BELT
13847,24162018,RADIO
13848,24171089,EXHAUST PIPE
13849,2191-P574000,"HYDRAULIC FILTER, SPIN-ON"
13850,22117681,WIRES
13851,22166540,SADDLE
13852,22943165,COMPRESSED-AIR TANK
13853,23005327,CLUTCH
13854,2191-P550769,"LUBE FILTER, CARTRIDGE"
13855,22229551,HOSE
13856,21807998,WHEEL NUT
13857,2191-P551018,"LUBE FILTER, SPIN-ON FULL"
13858,2191-P611190,"AIR FILTER, PRIMARY KONEP"
13859,23091380,DISC WHEEL
13860,2719-127588,LOCKNUT
13861,25500683,NUT
13862,25502395,SHAFT
13863,25155467,HEXAGON SCREW
13864,25175322,HEXAGON NUT
13865,25158095,PIPE
13866,25124131,LAMP
13867,25168380,LAMP
13868,25192226,ELBOW
13869,25171469,CLAMP
13870,25171612,CAP 3634
13871,25176041,SHIELD
13872,25165835,HEXAGON NUT
13873,25165313,SUPPORT
13874,25625213,"SHIELD, EXHAUST"
13875,25624306,OIL SEALING RING
13876,25640727,ADJUSTING WASHER
13877,25165874,BRACKET
13878,25156950,MIRROR
13879,25157177,BRACKET
13880,25625220,CONTROL
13881,25180414,SEALING MOULDING
13882,25190688,LINK
13883,25192668,BUCKET
13884,25167242,EXTENSION
13885,25192027,NUT RETAINER
13886,25120620,BRACKET
13887,25624841,PLATE
13888,25195337,WEATHERSTRIP
13889,25167865,END YOKE
13890,25158901,LINK
13891,25120387,PLATE
13892,25157086,FLANGE SCREW
13893,25167809,DEFLECTOR
13894,25169272,HOSE
13895,25124527,PIN
13896,25125289,VENTILATOR
13897,25159714,FILTER CARTRIDGE
13898,25161082,BRACKET
13899,25171665,CAP
13900,25172156,MIRROR
13901,25170812,HINGE
13902,25502427,FITTING
13903,25133688,AXLE SHAFT
13904,25498655,HOUSING
13905,25171431,TERMINAL
13906,25161724,HOSE
13907,25173469,MIRROR
13908,25160893,TORQUE ROD
13909,25173057,BRACKET
13910,25152536,PIPE
13911,25152744,REINFORCEMENT
13912,25163160,CAP
13913,25173402,TORQUE ROD
13914,25163727,FITTING
13915,25173666,PLATE 7219
13916,25164768,SCREW
13917,25154089,BRACKET
13918,25165064,WIDE-ANGLE MIRROR
13919,25173763,SPACER SLEEVE
13920,25625748,SHIELD
13921,25154809,BRACKET
13922,25164947,TORQUE ROD
13923,25174993,FITTING
13924,3065-SL6LWB675024,"LH 6000, LWB 6.75 X 24"
13925,3088-13834,O-RING
13926,3088-4302317,"KEY,SQUARE"
13927,3083642,NIPPLE
13928,3088-18408,SEAL
13929,3088-4302398,WASHER
13930,3088-84103,CONNECTOR
13931,2974-7002686,ADJ PLT 4.0OD (IRONWKR) P
13932,3088-PTRV50,BUYERS#HRV10025 INLINE RE
13933,3096158,BULB
13934,3082669,ATTACHING CLAMP
13935,3082849,NIPPLE
13936,3088-K4054,"KIT, FR CLUTCH HOUSING SE"
13937,3095996,VALVE KIT
13938,298-29544297,SOLENOID - CENL VBS
13939,3102-CAF24035,LUBER-FINER AIR FILTER
13940,3450-10010689,CV-NUT FASTENER
13941,3450-300021,LH HDLAMP CARRIER SNOWPLO
13942,3679-39150,GR. 8 HX HD CAP SCR 5/8-1
13943,3679-39064,GR. 8 HX HD CAP SCR 3/8-1
13944,351111,RUBBER BLOCK
13945,3450-11004,CV MTG STUD
13946,3302-SP9611026,THREADED PIN & SPRING EYE
13947,3302-SP0011005,SPRING EYE BUSHING
13948,3281-MSSV109C,DOOR KICK PLATES
13949,3157,3157 BULB
13950,3302-BP9965304,BUMPER
13951,3183207,VALVE BRIDGE
13952,3302-FW5132606,5TH WHEEL REBUILD KIT
13953,3302-HM7564726,HOOD MOUNT PIVOT BUSHING
13954,3300-B5088,GASKET
13955,3302-EM7569000HT,EXHAUST MOUNT BUSHING KIT
13956,3302-PB5736300,AXLE CONNECTION KIT
13957,3302-TR5041605,TORQUE ROD 23 3/4 C-C
13958,3302-PL1018HT,ENGINE MOUNT (HIGH TEMP)
13959,3345-1700046,TUBING_CS_2 OD_16GA X 20F
13960,3302-TR7541059,TORQUE ROD 22 7/8 C-C
13961,3175-R404AR24,REFRIGERANT 24LBS
13962,3187546,PITMAN ARM
13963,ATRPB5026648,PIVOT BUSHING
13964,ATRMS5029891,WEAR PLATE (SET OF 4)
13965,ANTIFREEZE,COOLANT
13966,ATRTR6241243,TORQUE ROD 24 1/4 C-C
13967,ATRNW30000,TRUNNION BUSHING
13968,BD234019X,LUG-COPPER-TIN PLATED 3/8
13969,ALU823627,22.5 X 12.25
13970,BDKP76675,"3M ROLOC BRISTLE DISC, 80"
13971,21045279X,U-JOINT 1610-FULL ROUND
13972,21045407X,1760 FULL ROUND U JOINT
13973,23019782,BEARING
13974,22058-MON,DIELECTRIC GREASE
13975,2463144,PLATE-THRUST
13976,24706N605SAL,FEMALE SWIVEL
13977,25123171WKS,EXHAUST VALVE YOKE
13978,2402JJ,CLEAR ANNL INSP
13979,BD96820,"PAINT MARKER, VALVE ACTIO"
13980,21045677X,U-JOINT-1760-HALF ROUND
13981,2400625LW,OS-RAD MACK/VOLVO
13982,29503751,"SUPPORT - REAR, TYPE O"
13983,29542084,SEAL - WT HARNESS STANDOFF
13984,277-FIT0019,2MALE PVC SIGHT GAGE
13985,27199,1/2 X 1/2-14 PTC 45
13986,278-1089-0001,4 SEAT
13987,2396304,MANIFOLD-HOU
13988,23049056,"BOLT-LARGE HEX FLANGE, CLASS 9"
13989,21045060FIP,SENSOR 21045060 FIP
13990,27197,3/8 X 3/8 PTC MALE 45
13991,29536336,"PLATE-FRICTION, C3/C4"
13992,274-280-355-368,"FLANGE 3"" ADJ ELBOW NARROW"
13993,27198,1/2 3/8-18 PTC 45
13994,BD36786,BOWMA-GRIP ALL METAL LOCK
13995,3129X6,CAP 3/8 FPT
13996,3116CHUWL,CHU BUMPER AXLE FORWARD
13997,3285574,BEARING-ROD
13998,338-1351,Cap
13999,380610,CAP SCREW
14000,46-643,PETERBILT/KENWORTH SHIM 1/8
14001,3152X12,W/H
14002,319-5624118,4 RED TAIL LIGHT
14003,300100150051,T-BOLT CLAMP 1-1/2-1-5/8
14004,3400X6,3/8 STREET ELBOW
14005,373916,"1"" WASHER"
14006,424-200-125,"""COUPLER HUB E20 1 1/4"""""""" BORE"
14007,364-306-2,"""PRESSURE RELIEF 2"""""""""""""
14008,440X6,SAE CAP
14009,3590044N,M11 HX55 1999-2009
14010,510593,INPUT SHAFT 216226
14011,62810,"High-pressure injector, BDE"
14012,497110,CASE NEST 497110 578500C91 169
14013,5404-04-04,MP x MP - Hex Pipe Nipple - St
14014,49X10,#10X1/2NPTX90
14015,600293,OIL LINE HLX
14016,625775002169,MYSTIK JT-8 SYN BLEND SHD 10W3
14017,53993,1/2-20 NYLON LOCK NUT GRADE 8
14018,48X3,FITTING
14019,54X6X6,FITTING
14020,57511,3/8 X 1/4 PTC MALE 90
14021,516685915,RED SILICONE
14022,6400-10-08,MJ x MB - Straight Thread Conn
14023,361-262,U-Bolt Assy
14024,502536,CLAMP
14025,7590S-YAK,SLIDING WINCH
14026,72189,CURVED RADIATOR HOSE
14027,672244,COIL-P-375-0055-12-11-4-1
14028,696825050NR0807PEAK,PEAK HD NF 50/50 RED AF 6/G CS
14029,71527,5/8 X 1/2 MALE CONN
14030,50SYNPAIL,5 GALLON PAIL 20 QUARTS
14031,650665,"SENSOR,IDLER"
14032,75W90SYN,75W90 DRUM
14033,6801-06-08,MJ x MB 90° - Straight Thread
14034,5566507,BEARING DTP6507
14035,690825050NF0807,FNCHG ELC 5050 NF 6/G CS
14036,66-00939-025,SENDING UNIT
14037,700,SCHAEFFER 15W40 SYNTHETIC
14038,730321OEM,DRAIN PLUG(1982821PE)
14039,489GFAHX-A3XK,"PTO ASSY, PUMP"
14040,442XHAHX-A3XD,PTO ASSY
14041,48X8X8,#8X1/2NPT
14042,29546547,BODY-FILTER LIFE VALVE
14043,29550017,KIT-SEAL & GASKET
14044,372-XPI63-0523760,PUMP M DRIVE
14045,3734,8 LEGEND NUMBER-ALL FLIP PLACA
14046,449GC236M,GASKET
14047,3327X4,"1/4"" LONG NIPPLE"
14048,3S-9643,SEAL
14049,2LPC5,SS 5/16 X 26.8 TIE
14050,3600X6,FITTING
14051,361-161,U-Bolt Assy
14052,3669748,KIT WIRING
14053,319-5624310,LIGHT
14054,416-300-B,"""BALL SEAT 3"""""""" BUNA"""""
14055,AD500E25,DROP LEG
14056,87512BGC,M12 FLAT WASHER
14057,A22-74244-007,MIRROR ASSEMBLY M2
14058,831023,"GASKET,EGR"
14059,90662,A/B UNION 1/2
14060,A414741,GEAR SET A39834-3 20145-7.17
14061,A1211593084,HOSE AY-COMP DISC
14062,A70GB,GROMMET FOR 6 OVAL
14063,A9361807410,KIT-OIL
14064,A-681-721-02-K0,STRIKER PIN
14065,A8929529,GASKET
14066,AD4MP-6MPB,1/4-3/8 MP2MP BRASS
14067,B583299A6787-107,BRACKET
14068,C5229X8,JIC PLUG
14069,C0064-SA,DPF
14070,AW-AWT2020T,CAMERA
14071,ADM09F,ANGLE BRACKET
14072,AL-84,AUTO SOCK
14073,BHEMM2K-16,100R2 - 2SC-16 1 INCH
14074,C1126A-LEX,"EXTREME CAM KIT 26"" LEFT HAND"
14075,CHP4137N,BRAKE LINE ANTIFREEZE GAL
14076,BLEACH,1 GAL. BLEACH
14077,BS-228,BEAD SE20C1
14078,BOW-UT01,ROOF BOW
14079,CRC05103SAL,ELECTRICAL CLEANER
14080,BOA93675,CORE HEATER
14081,AP00860,V-ROLLER
14082,AMN56129475-B,CLAMP
14083,CLEANER,STARTING FLUID
14084,BRGDK650R,BRG KIT ALLIANCE REAR 4N
14085,D1169X4X4S,FITTING
14086,ANC-458811120SP,3/8 X 20FT CHAIN ASSEMBLY
14087,C0007-SA,DPF
14088,ATO15,"FUSE,ATO15"
14089,CM10014756WKS,BRAKE SHOE
14090,AGC18,GLS CLNR (4455-1000-1)
14091,BUL78CB,LED OVAL FLANGE B/U LIGHT
14092,BUSATC01,1 AMP BLADE FUSE
14093,ABPN10G91559,FILTER-AIR
14094,86733A,44 ST/STEEL HOSE CLAMP
14095,84298,3/8 X 3/8 X 1/4 BRANCH TEE
14096,91222,A/B ML CONN 1/4 X 3/8
14097,9035,SCREW
14098,90316,PIPE ADAPTER 3200X2
14099,8T0276,BOLT
14100,90591,DRN COC FIT DCR 601
14101,80393A,5/8-11X3-3/4PERMA PLATED
14102,765-1351,SIL GLYDE
14103,790-1349R51,SLIM LINE
14104,9260-3,CROSSTUBE ADJUSTABLE
14105,803921-109,HOOD LATCH
14106,84309BGC,1/4X1/8 AR BRK 45 MALE ELBOW
14107,90693,A/B 90 MALE ELB 1/4X1/8
14108,H6024,LAMP
14109,HUT11411-00,SHORT SLIDER PULL HANDLE 28
14110,JT6109,MYSTIK GREASE
14111,FS5,5 RED FLAG
14112,GA12C5E-12RFSX45,"5/8"" 45 DEG FLARE BENT 45 COUP"
14113,G1-A3207,VALVE 3 SPOOL
14114,GA6CFE-6RFJX45,"5/16"" 45 DEGREE REUSABLE COUPL"
14115,GWGN46100,GLOVEWORKS GREEN GLOVES LG
14116,FSU-0557,"SENSOR,TEMP"
14117,FOS-4687-ALX,OIL SEAL
14118,HENS-22045-ALX,AIR BAG
14119,FA88438,7/16 SAEFW
14120,FKMACK1B-07-12,FLOORMAT 07-12
14121,J3-10BK,5/8 RUBBER PUSH ON 300 PSI HOS
14122,FUB-4765,U-BOLT KIT 7QK3148P5
14123,GSF0662PAI,FORK
14124,KW10I,KW AIRBAG BRACKET
14125,M4065,Mack Etched Pen $7.84
14126,M7092XL,LESS BULL MORE BULLDOG TEE
14127,M7317,YETI RED BOTTLE CHUG
14128,FLFFRE5515225C,2-1/4 COOLANT HOSE
14129,LUCA11043,LUCAS PENETRATING OIL
14130,M2058,RED MACK LANDMARK T-SHIRT
14131,GWRBN48100,GLOVEWORKS BLUE GLOVES XL
14132,GAT27006,1/2 FUEL LINE
14133,LP51CB,"""LIC LIGHT, COATED GRAY"""""
14134,M-3697-L,CAMSHAFT
14135,HH-100X50,1 SILICONE HEATER
14136,HGA10300207,REMOTE SOL REGULATOR
14137,LSV-3154,VALVE
14138,M5151A731AAXQ22-32,MOTOR
14139,M23316SAL,CLUTCH RELEASE BUSHING FULLER
14140,M-K134,CAM REPAIR KIT 16-1/2
14141,FSI-2000,LOWER INSULATOR
14142,G1-521AO,ROLLER 4 IN OD X 3 IN LONG
14143,JOHN5034,JOHNSENS DOT4 BRAKE FLUID 4/1G
14144,21731UP,SS PETE SHIFT COVER
14145,MAS501015,SEAL
14146,MAX30,"FUSE,MAX30"
14147,MCL70RB,"""ULTRA THIN ID BAR,RED"""""
14148,MHC-2253989PE,OIL FILTER ELEMENT
14149,MK39,4515Q & 4707QP HARDWARE KIT/MK
14150,MS-M0078,GOLD HOOD ORNAMENT KEY CHAIN
14151,KF2-418-400-0000,BOW - 3 PC CORNER (F2)
14152,FM90E22P,BRASS FITTING
14153,M3498,MACK NALGENE CHARC & RED
14154,HU10I,"NUT FLNG LOCK 1""X14X7/8"
14155,KN1301-P,KW T600 AERO HOOD
14156,KW548,SPRING
14157,MIU805005,FILTER ELEMENT
14158,MMXU140,MAMBA MECHANICS GLOV BLUE XXL
14159,M640600,"UNION, TEE"
14160,HENVS-33769-3,TIRE HOSE
14161,M-K24,BUSHING KIT
14162,M680402,DOT P/CONN MALE CONN
14163,K181267BXW,WS-24 SPEED SENSOR
14164,MK751KB4123,AUX GEAR 25502562 / GGB-6199
14165,GS254,SPILL KIT BAG
14166,ME508938,"STOP, SLAVE CYL, EG8"
14167,DDEMDDC23539137,cc breather assy
14168,ESC0338PAI,SCREW
14169,29543432-FMT,"SPEED SENSOR, ALLISON"
14170,EKT8561PAI,O-RING
14171,DRA13768CA,<NEW DESCRIPTION>
14172,DP-345947,"TORQUE ROD S/T 23.12"""
14173,EL15336,DUAL POLEPLUG
14174,38PUSHLOK,HOSE 3/8
14175,DRYDENE,2.5 GAL DEF JUG
14176,N2-3-6071KX,BXD SLIP YOKE
14177,S-23762,CLUTCH RELEASE SHAFT
14178,SPM24,WIPER BLADE
14179,STL175AMFB,"""LAMP,LED"""""
14180,SP-558864-KP,AIR SPRING
14181,R134AWF,FREON
14182,RHO-S01,HUB CAP STEER
14183,S-8479,SLIP YOKE
14184,NEBWLT0015,OMNI 2K WORK LIGHT
14185,PP5056,5/16X20 GRADE 70 CHAIN
14186,S114-00-17-80,7/8 BUTTON CABLE 80FT
14187,S-13963,"C/SHAFT,AUX"
14188,RD41351,EXHAUST COUPLER
14189,S-22576,SENSOR
14190,S-16928SS,MV-3 DASH VALVE
14191,PHC0188-24-24,FTG
14192,PHC10143-8-8,FTG
14193,PHC10826-6-6,FTG
14194,2310284-AL,CHARGE AIR COOLER
14195,PHC801-6-BLK-RL,HOSE
14196,TRU10700-ALX,"2-1/2"" GROMMET"
14197,STELL300,STREET ELBOW
14198,SP559616-KP,Service & Complete Air Spring
14199,TD69431,ADJUSTABLE TOP FIXTURE
14200,TG913041,13 0 DOOR CABLE (SET)
14201,TTN1362-6-ALX,3/8 TUBE UNION
14202,S-18026,"TANK,35 GAL"
14203,TR7215,"SPRING,CAB"
14204,TR8032,AIR SPRING
14205,TLEDX3RTX,"5"" STAR RED AIR FILTER"
14206,TR12104,"VALVE,DRAIN"
14207,TEH6544SAL,A/C FLUSH GALLON
14208,TRD-UN01-ALX,THRESHOLD PLATE
14209,ST350HDV,"1/2""X50FT RUBBER AIR HOSE"
14210,VNB402-C,DOC Volvo/Mack D13/MP8 and D1
14211,TR9101,AIR SPRING
14212,SP556897,Convoluted Air Spring - SP 556
14213,WEN8430,STANDARD WELD ON WINCH
14214,STL78AB,FLANGE AMBER LED
14215,TU-9228,"""28 1/2"""""""" 45? Heavy Duty Mudfl"
14216,SWH-UN14,RH UPPER LOCK ROD CAM
14217,WFS-11100199,LOW PROFILE SEARS SEAT ASHPHAL
14218,S-26186,DASH CONTROL VALVE
14219,S-9749,QUICK RELEASE VALVE
14220,TL30250WKS,TRUN SIGNAL SWITCH
14221,TMEG828,8' X 28' F/S ROLL-OFF TARP
14222,QSC-4597,BOLT 3/4-16 X 5 1AX127 X10
14223,PNP623,P/CONNECT UNION
14224,PZ70-10,CROSSMEMBER END CLIPS
14225,OTG120,ORANGE GRIP GLOVE L
14226,PERM22058,PERMATEX DIELECTRIC GRESE 6/3O
14227,R134A30NAW,30LB CYL R134A
14228,P20,"1-1/4"" PILLOW BLOCK"
14229,ND30-QT,1QT Non-Detergent MOTOROIL
14230,NEB-FLT-1041,BIG LARRY
14231,PERM-80065,PERMATEX HI-TACK SEALANT 12/9O
14232,PETB177-18-ALX,"3/4"" GROMMET"
14233,PERM24200-109,BLUE THREADLOCKER
14234,NP62-2-ALX,"NYLON PUSH-ON UNION 1/8"""
14235,NP69-12-12-ALX,Push-On Male 90 Elbow 3/4X3/4
14236,PTGR-BRG2-14OZ,"Hi-Temp Red NLGI 2 Grease, Lit"
14237,PHC0107-12-12,FTG
14238,NPA7651216,SPRAY ADHESIVE
14239,PHC10643-4-4,FTG
14240,PP-50B,50 AMP CB
14241,PW103,BUNGEE
14242,1472X4,FITTING
14243,1462X8,FITTING
14244,112726-2,VOLVO BEANIE
14245,11040B,15' COILED BLUE AIR HOSE
14246,132071PAI,FRONT COVER GASKET KIT
14247,1359819,SEAL
14248,11479-FMT,ROTARY SWITCH KIT
14249,15-3607,Tread Depth Gauge Tire Tread G
14250,1501-06-08,MP x FPX 90° - NPSM Elbow - St
14251,120-053,SEAL 40 X 52 X 7 VITON
14252,110580FIP,TRAILER VALVE
14253,12054545,PREMALUBE AEROSOL
14254,1468X4X4,W/H
14255,10865,Anti Gel Diesel Treatment/12x1
14256,102-3136300,SHORT FLEX HOSE (HOOK END)
14257,10243BGC,M12 X 1.75 HEX NUT
14258,103,CHAIN TIGHTNER
14259,17570,V-BELT GOLD LABEL
14260,112625-2-10,VOLVO IRON MARK POLO $8.99
14261,158019,75W90 SYN GREASE DRUM
14262,12932,ST/STEEL HOSE CLAMP
14263,131642,"GASKET,COVER"
14264,1105-0061,"""HOSE,STICK"""""
14265,131541,CAM FOLLOWER BEADED GASKET
14266,01994,LOCK HANDLE
14267,120-004-367,GASKET ENDPLATE 607
14268,1031,COTTER PIN 1/8 X 1 1/2
14269,116-6801-20-16,20MJ X 16MB 90 ADAPTER
14270,00117,B-12 CARB CLEANER / 16OZ AEROS
14271,113106-1-99,BLACK Iron Mark Logo Cap
14272,136001,SEAL
14273,1075769,SEAL O RING
14274,117-607P-MUF-FDH,607 PRO FAN COOLED CW WITH MUF
14275,XG-18VNR,VNR MNTI C6B
14276,031-01536,Optional Curved Brush For Spra
14277,09-08606001,"MITR STACK 6""x 60"""" CHROME"
14278,025-10403-ALX,"PULL DOWN STRAP 30"""
14279,WT1208,WHITTING HINGE COVER CLAMP
14280,10001483,Plastic Angle
14281,05-LFP8642,OIL FILTER
14282,00914,TWIST LOCK LATCH
14283,09-1601010291,LOW PROFILE WATERMELON LIGHT
14284,037GG08-08,NPTF Male - Straight - Swivel
14285,10018,Hydraulic Oil Booster/Stop Lea
14286,344-10043,SAE 80W-90 GEAR OIL QUART
14287,88800840,DRAIN PLUG
14288,USA3210,PEWAG SINGLE LT TRK
14289,23318175,FRAME REINFORCEMENT
14290,M5402,Navy/Blue 2-tone Jersey Lined
14291,AN3116,Wiper Blade ANCO 31 Series 16i
14292,KP7501341,Steel Wear Ring Kit Jost
14293,AN9718,Wiper Blade ANCO 97 Series 18i
14294,1R12356,AIR BAG PETERBILT
14295,19329448,"""FLUID, P/S"""""
14296,19405644,ELEMENT
14297,201-196-40,COUNTER SHAFT GEAR
14298,571PT144,Pigtail 2-Wire Female Straight
14299,573TGL1BW,Bar Winder Assy for Tailgate L
14300,5792021YW,Kneeling Pad 18in x 7in
14301,21245AIP,HEADLAMP PIGTAIL
14302,3549792C2,"""BRACKET,HING"""""
14303,338471-YAK,BOTTOM PLATE
14304,2249CAM-YAK,TRUCK CHAINS
14305,345-105-DP,TORQUE ROD
14306,2400213BGC,RADIATOR
14307,SP558829-KP,Service & Complete Air Spring
14308,SP559648-KP,Service & Complete Air Spring
14309,1510966,KANN PRONX SENSOR
14310,14816AIP,"3"" ROLOC DISC"
14311,MS-M6645LG,LADIES SUMMIT FULL ZIP VEST
14312,1010501BGC,LUBEPLATE WITH LOCKING RING
14313,101333-1,UTS 24X36 MUDFLAPS
14314,THUB-RP,REAR HUB
14315,TMEG1224,12' X 24' MEGA MESH TARP
14316,TMKSET428,TMKN TAEPRD ROLLER BEARNG ASSY
14317,TMEG1028,10' X 28' MEGA MESH TARP
14318,TRU-TOL-0026,CLIPSTICK 6-in-1
14319,5629032,Quarter Fender Kit Poly
14320,3765USTP,AIR SHIFT VALVE
14321,6374547,"SEAL,O RING"
14322,571LB194NASAL,194 BULB
14323,15613E0110F,OIL FILTER SET
14324,371-11245STRL,"1-1/2"" 45 DEGREE STREET ELBOW"
14325,371-112BV,11/2 BALL VALVE
14326,5773063K,Rotary Reversing Tarp Switch K
14327,107ADN8,Deep Nut 1-1/4in-12 GR8
14328,179300212SAL,COILED HOSE BLUE
14329,1013877-ALX,"COMPOSITE DOOR 121"""
14330,2105026,Filter Wrench 4-3/4in to 5-3/1
14331,WWPMB55,WINDSHIELD WASHER FLUID DRUM
14332,MD-HBRN3050617VS,C-13 CYLINDER HEAD
14333,BCP2390-LOW,CAM
14334,BLD-00203,COOLANT FLUSH AND DEGREASER
14335,MSS-M0378,CHROME BULLDOG PAPERWEIGHT
14336,131270PAI,oil pan gasket
14337,C03,CABLE 7' W/RECEPTACLE
14338,DAY-6035506,washer fluid res
14339,PSVC1026-HW,PS DIESEL FUEL SUPPLEMENT
14340,PT2010XBN751RA-END,8 BOLT DEEP MOUNT B RATIO 75 G
14341,AD8MB-8FP90,MB X FP 90
14342,ALP9007-KZ3,"BRAKE PADS 23K, PAN 22"
14343,MS-M0335,MACK BLACK AND GREY LP
14344,MS-M5722MD,RED MACK PERFORMANCE COUNTS
14345,NP68-4-6-ALX,"1/4"" x 3/8"""" NP68 Male Push-In"
14346,NP71SW-4-2-ALX,"1/4""x1/8"""" Swivel Male Run Tee"
14347,492SHVCORE,CORE
14348,62-1094,Spring
14349,CLU12200235ACCC,CLUTCH
14350,H6134171,PUMP
14351,NPAFT-7974-A,PAD KIT
14352,HDV451098,15' AIR LINE 3 IN 1 WRAP
14353,AL40-N04-8Z-A,DUMP AIR VALVE
14354,CWC177070-FMT,BANDING
14355,AR294K,RELAY KIT
14356,DAY-2424CWDR,ADB CHAMBER
14357,ATR430138220,BRAKE ROTOR
14358,SR2000091PB,FILTER-RECIRC AIR
14359,78746827,WIPER MOTOR
14360,24685117,WIRES
14361,21296237,FUEL TANK
14362,23886194,FUEL FILTER
14363,24437041,HAND PUMP
14364,24538942,COVER
14365,2191-P583490,POWER STEERING FILTER
14366,501643,"Latch, Engine Bonnet - 501.643"
14367,23567793,FILTER
14368,29542748,PLATE - REACTION C3/C4
14369,78608360,COWL SIDE
14370,20702223,SUPPORT SLEEVE
14371,425-0100-1AMA,"1 1/4"" MASTERLINK ASSY"
14372,45663-143,"CLR MKR LAMP, AMBER LENSE"
14373,4903514CUM,SEAL - ORING
14374,23582991,AIR DUCT
14375,24534098,SEAT BELT
14376,RCXP50024C,5.0 X 24 CHROMED CURVED S
14377,5051206-999,Hose Clamp #6
14378,5R783123KIT,U-BOLT KIT 7/8 x 3 x 12
14379,57-1712,HOSE KIT
14380,096555,"Repair Kit, Fifth Wheel - 096."
14381,836022-ALX,REAR MAIN SEAL
14382,EL207720,20' PRIMARY ABS ELEC CORD
14383,CCSEN08,2 POLE PLUG
14384,M1776-SM,USA BULLDOG BLUE TEE
14385,M5723-XL,MACK PATENT BULLDOG BLK SHIRT
14386,MAX80DT-TUL,80A MAXI FUSE
14387,80474C-143,BATT TERMINAL PROTECTOR
14388,MB6266420,CORNER CAP KIT
14389,99591-2109,2 SPEED FAN CLUTCH
14390,S18-1018-WKS,HANDLE TRIM
14391,PRV-2,PRESSURE RELIEF VALVE
14392,SP-559083,AIR BAG
14393,SP-552342,W&C AIR SPRING FT33029
14394,Q21-6012-TUL,HVAC CONTROLLER
14395,LUBR30416,PRO DUTY PISTOL GREASE GUN
14396,Q27-1038-143,PRESSURE SWITCH
14397,H5B6B14SG20DILB,"HM P51, 2' GEAR, 22.2 GAL."
14398,JXSK3105-151,ADJ SCREW W/NUT
14399,OTR1202PDC,96' RIBBED ALUMINUM FULL
14400,QX375-4,Power Steering Pump
14401,SP108925-82AM,CLUTCH ASSY
14402,SP230123-6,WASHER
14403,M4473-MD,DOG IS MY CO-PILOT PURPLE HAZE
14404,FNU4745,TRUNNION NUT 25QJ223
14405,PERM27140-HAY,PERM RED THREAD LOCK
14406,QXG65024,Steering Gear / Peterbilt
14407,QXG65079,Steering Gear / Kenworth
14408,SP2-4-473,END YOKE
14409,SP2-1-1313-4,FLANGE
14410,SP308925-98,CLUTCH ASY
14411,FS20040-999,Pac FS
14412,NEB-HLP-0008,EINSTEIN 1500 FLEX LAMP
14413,PHC1-12X1-14PTR-S,FTG
14414,SP212142-1X,CENTER BEARING
14415,SP3-28-557,TUBE YOKE
14416,SP309701-25,CLUTCH-ADVANTAGE SELFADJUST 15
14417,806850-LOW,INPUT SHAFT KIT
14418,84845-143,1/2 STUD 2/0 BATT CABLE LUG
14419,9902-999,AIr Filter
14420,BD1202-1,GLOSS BLACK PAINT
14421,CLU10892525AM,EATON CLUTCH
14422,9451-YAK,V-BELT
14423,99083E100OL0702,SPILL PAD OIL ONLY 100/1
14424,84286-143,3/8X1/2 90 FTG
14425,EAS-175,AIRBAG (PRIME SEAT)
14426,7623-W7825FT,WASHER HOSE
14427,EEX-1779PAI107,<NEW DESCRIPTION>
14428,CHL328356-50X,GASKET AND SEAL KIT
14429,EST0421F,STUD
14430,632X12,MACHINE SCREW
14431,CCC-SPI131450K,END YOKE
14432,701359,"8311 side door, complete (2017"
14433,EGK3394,GASKET
14434,P66TRITON,Triton Heavy Duty ATF
14435,BT8460JABBF,FILTER-TRANSMISSION SPIN-ON
14436,MS-M6525,MACK GRANITE WHT/WHT 1;34 MCNE
14437,EIS8438SAL,ISOLATOR
14438,67101568,HF UNION 3/8X1/2
14439,EL200610P,"12/2"" x 4"""" 30 Amps Heavy Duty"
14440,ENB673025WTBK-ARD,HANGER
14441,QXG100PHE,Steering Gear / International
14442,6722410,AB PUSH-ON UNION TEE 5/8
14443,6723242,AB PUSH-ON ML RUN T SW 1/4X1/8
14444,AS9083PDC,Air Spring 64294/1R12-066/8333
14445,C5405X6X6,fitting
14446,S-16120,CAST HOUSING
14447,NLP034-01520,PLASTIC FENDER SPRAY
14448,M4647-3XL,BULLDOG HOOD ORNAMENT TEE
14449,7170-78XARD,STUD KIT
14450,CCC-CLU1210001,CLUTCH 25101767
14451,D1777-9007SD,DISC PADS
14452,K080810-YAK,BELT
14453,M7604,22 oz Golf Highball Tumbler
14454,7586-DHBW,DELUXE RACK WINDOW & TRAYS
14455,GWON46100SAL,ORANGE NITRILE GLOVES
14456,BM-41,41 BULB
14457,JMR1401-L,VNL L/H SIDE FAIRING
14458,E2437-143,"AXLE FLANGE GASKET, 12 HOLE"
14459,SP309701-51,CLUTCH-ADVANTAGE SELFADJUST 15
14460,950250530D31401-ABQ,DEXOS G3 5W30 SYN
14461,23619333,ADAPTER
14462,MS-M4450XL,F-700 HEATHER SLATE TEE
14463,MS-M4472XXL,DOG IS MY COPILOT BLUE TEE
14464,20431-143,LOWER RAD HOSE
14465,DNP574959,"FUEL FILTER, SPIN-ON"
14466,192123-134,INJECTOR TUBE
14467,32070,60 SERIES EXST MANIFOLD GASKET
14468,24534346,SEAT BELT
14469,3500077-PDC,ENGINE HEATER 1500W 120V
14470,3683607CE109,SEALANT
14471,0301208,"""Expansion Tank, Radiator"""""
14472,1264215-143,1/2 PIPE STREET TEE
14473,24595883,SWITCH
14474,WEN3030PBK,30/30 PIGGY BACK
14475,130SUS534SDO,INSTRUMENT CLUSTER
14476,131567F,MOUNTING GASKET
14477,132083-999,ISX15 Lower Engine Gasket Set
14478,TR9082,"Air Spring 1R12092,"
14479,03125X125NC,5/16 X 1 1/4 Z.D. BOLT CAT 6
14480,708525-YAK,7X16 HEATED ANGLE BACK S.STEEL
14481,24534096,SEAT BELT
14482,22697235,AIR SPRING
14483,78549420,BRACKET
14484,29557124,"COVER-HOUSING, OIL COOLER"
14485,24523727,STEP
14486,29558329-YAK,"KIT-FILTER, SUMP 4"""
14487,5526038-YAK,"3/8"" SILICONE HOSE (FOOT)"
14488,5541020BUYERS,TARP KIT BUYERS
14489,78527808,COVER
14490,78559403,RECEIVER DRYER
14491,431292F,MANIFOLD GASKET
14492,5080795-143,"BELT, 79.5"""
14493,23658003,KEY
14494,5362-143,1/8 PLUG
14495,544-04-03-ARD,TAIL LIGHT
14496,78615653,FLAP
14497,50-2506,HOSE CLAMP
14498,KMI689477,POLYFORCE TENSIONER 00700
14499,5021-143,5/16 UNION
14500,571-828920-1,CAVITY SEAL
14501,23605880,FLAP
14502,61658-143,5/16 HEAT SHRINK
14503,29552704,SEAL ASSEMBLY-ENCASED WIPER
14504,E-39566,EVOT AIR CONTROL KIT
14505,KD-HZR2LED9005,LED HEADLIGHT BULB 9005
14506,CJ12-7L-TUL,TRAILER CABLE
14507,GUNKM720,GUNK CHLORINATED BRAKE CLEANER
14508,MD68603420AA,PAD KIT REAR
14509,FMP3912913,FLYWHEEL
14510,MS-M6522,MACK 3D RETRO LOGO BLACK MUG
14511,MS-M3120,LADIES GREY & PINK ANKLE SOCKS
14512,C5405X5X4,fitting
14513,JSTSK7729300FIP,SLIDER SPRING
14514,K0416N-LOW,MT HEX ARM CONNECTOR
14515,HTST-3F-250-BLK,"HOSE SILICONE 2.5""X3'"
14516,K060435-YAK,SERP BELT
14517,KYS1539-10355-02,MODULE
14518,M6672-3XL,BLK SOFTSHELL VEST
14519,BP103-12-ALX,"3/4"" Brass Coupling"
14520,949430055TA0813,DRY TRANSALL UTHF PL
14521,FL1467-YAK,FR CAS BUMPER NO HOLES
14522,CHL5-P-1243,GEAR
14523,FLT383,hr flat 3/8 x 3
14524,CHL645GAHX-3XX,PTO ASSY
14525,PDC-10082227,HUB LONG STUD
14526,MSU0594PAI,SENSOR 20705837
14527,PAIGGB6203,84KC46 HUB
14528,S5-120SBA-143,"TUBE, 5""X10' OD/OD AZ"
14529,SP558813KP-ARD,8813 AIR SPRING
14530,ST343-4372,BOLT ON HUBCAP TP AXLE
14531,OR-199109,AC-ORNGX-2023 KENWORTH T680
14532,SP170-4-201-1X,END YOKE
14533,SP558829KP,Service & Complete Air Spring
14534,PRIM92155,+32F WINDSHIELD WASHER SOLVENT
14535,SCOT75130HW,SCOTT SHOP TOWEL ROLL 55CT
14536,SP25-281X,U-JOINT 1810
14537,QX573-4,Power Steering Pump
14538,OTR-9791HD,CAM KIT HEND INTRAAX 16-1/2'
14539,FS1098-98,Fuel Water Separator
14540,P172PTC-4-2,DOT ML BRANCH T-SWIVEL 1/4X1/8
14541,HE2923,HYDRAULIC HOSE
14542,RM-D06WF,SEAL
14543,SP250-74-11,NUT
14544,REL259118625,CHV STARPLEX EP 2
14545,SP5-674X,U - JOINT KIT
14546,KP76679WKS,"ROLOC BRISTLE 2"" DIA GRN 50GRT"
14547,MS-M4301XL,LIFE IS GOOD MENS LT BLUE SS
14548,672022106,45 ELB SW 5/8 X 3/8
14549,6722188,AB PUSH-ON ML CONN 1/2X1/2
14550,6722966,ML RUN TEE 3/8X3/8
14551,DDE-A4700110807-TUL,COVER
14552,7586-P,PLAIN RACK
14553,CLUK-4124CL,CLUTCH INSTALL KIT
14554,CHL35-P-9-2,PTO - GASKET
14555,7822183,10 AMP FUSE
14556,BWT171702BW,TURBO NEW S400 60 SERIES 12.7
14557,CN5092-035-ARD,85W140
14558,969760,HD75V CCW VAUUM/PRESSURE PUMP
14559,A4722030080-143,"SEAL, THERMOSTAT"
14560,67202244,AB PUSH-ON 45 M ELB SW 1/4X1/4
14561,791249,"90 deg., 3/8 in. Tube OD x 1/8"
14562,700-175-AH,CLAMP
14563,82864,#8 SWIVEL 90
14564,88699-143,"1.5"" SILICONE HOSE"
14565,CHL5-P-1571,GEAR INPUT 28T
14566,MS-M8301SM,PURPLE/WHITE TIE DYE TEE
14567,AP-AP0145,INJECTOR ADD ON KIT DD
14568,6722146,AB PUSH-ON ML CONN 1/4X3/8
14569,LUC-10028,RED N TACKY KEG
14570,84-22-BM-LOW,7'X22' BLACK MESH TARP
14571,6C5EWKS,# 6 HOSE STRATOFLEX
14572,EZRBMK1914,BATTERY MAINTENCE KIT
14573,HR4759-TC-LOW,9 X 28 TARP
14574,7376MSC,15 AMP MINI FUSE
14575,91054120CORE,<NEW DESCRIPTION>
14576,SP170-4-221-1X,END YOKE
14577,949470032AW0812,DRY RADIAS AW 32 BU
14578,ACT-770016PTWFV,RADIATOR
14579,RMD07-RM,PREMIUM DRIVE SEAL
14580,ADR6408-16-O,16MB PLUG
14581,23589794,HOSE
14582,M2215-END,YOUTH HODDIE
14583,MS-M2568XL,LADIES DOWN JACKET
14584,MS-M4647XXL,BULLDOG HOOD ORNAMENT TEE
14585,FS20385FLG,FILTER WATER SEPERATOR
14586,84449954,GROMMET
14587,2335-253027T2300P,ULTRASET SYS W/ 25302--7T
14588,24534315,SEAT BELT
14589,24787102,SENSOR
14590,24037285,SLIDE BLOCK
14591,2400614-VB,MACK RAD. 21830332
14592,23146416,WIRING HARNESS
14593,330-1901R51,AC COMPRESSOR
14594,24707155,HUB CAP
14595,3685124CE109,SEAL
14596,12973ROC,24X30 WHITE MUDFLAP
14597,UBK34-4050-END,UBOLT
14598,VEL016110120,1/8 X 1/16 POLY BRASS P-P MALE
14599,113100-1-00-00,Durable Torch/LED Flashlight
14600,113166-1-00-00,Urban Sunglasses
14601,W1540,DURON HP 15W-40
14602,00490OR,RED SPRAY GREASE
14603,0110252RM,ROCKER SWITCH
14604,WA911-14-5426SAL,CAC KIT
14605,0251-KS516,"5/16"" KEYSTOCK (2"""" LENGTH)"
14606,98272-GCK,M16 THRU-HARD STEEL FLT WASHER
14607,999-0719,FF63041NN FUEL FILTER
14608,150-3521WKS,BLOWER MOTOR
14609,K2918FT1099,OIL SEAL KIT
14610,TAPET5260TUL,TEFLON TAPE
14611,040063PAI,LOCKING FLANGED HEX
14612,KP60780,1/4 X 1/8 NPT DOT MALE AIR
14613,TR035092,GLADHAND BLUE 37 DEGREE
14614,B516PWKS,MUDFLAP BOLT KIT
14615,TR207-VLHL-R,P/S CHROME VOLVO HL 04-17
14616,4955831CE109,OIL COOLER KIT
14617,PSVC8026HW,PWR SVC DIESEL 911 SPLMT 26OZ.
14618,CCCPTO328356-50X,PTO GASKET KIT
14619,M8467,WORLD'S TOUGHEST CUSTOMER POST
14620,663-143,1/2 X 1.75 BOLT
14621,640-143,3/8 X 3 BOLT
14622,MGA10905,AIR FILTER
14623,573NRCB12FH,Ratchet Chain Binder 3/8-1/2in
14624,03-11126DTAC,"PIGTAIL, HARNESS"
14625,TR3230,"RATCHET STRAP WITH FLAT 2""X30'"
14626,05500SATE,O RING
14627,116-L150X114X516KW,COUPLER HUB
14628,TLED-419R,"4"" STT RED 19 LED"
14629,TLED-G2XAB,Marker M3 Style Dual Revolutio
14630,TLEDU112,Half Moon Surface Mount LED Wo
14631,W1374,EXCITER RING
14632,TR018VLSGCL,LH CHROMESIDE GRILLE 03-17
14633,TR3430TP,4X30 FH STRAP 30FT
14634,TR7093-HAY,PETE CAB AIR SPRING
14635,TS28,TUB O' SCRUB 1 GAL HAND CLEANE
14636,025NCMLN,1/4 LOCKNUT CAT 2D-6235
14637,04375LW,7/16 LOCK WASHER CAT 3B-4507
14638,11866PPDC,S CAM LEFT
14639,TUL-5556503,BEARING SET
14640,102-A4916,FENDER END SECTION
14641,091326-YAK,ATC/ATO ADD-A-CIRCUIT
14642,T4T-P962278,UNDER BODY SPRING PAIR 5/8
14643,019032-YAK,KING PIN LOCK
14644,017963120,90 FXD ELB PSH-LK 3/8X3/8
14645,020062-YAK,"1/8"" BLACK SYNFLEX"
14646,10001993,901 IND FNDR DPB
14647,5629210,Fender Mount Kit Half Tandem P
14648,1000-BD6864B,16X7 HUB PILOT
14649,571LG6040A,Midship Light 2inX6in Oval Amb
14650,21558485,COOLING HOSE
14651,058079-YAK,BATTERY LUG 2 GA 5/16 STUD
14652,38012312-LOW,PTO SOLENOID
14653,40002R-TUL,40 SERIES LAMP
14654,4158-0519370,"1-1/2"" CD62 SUCTION FITTING 45"
14655,4703BB5A-036-SAB,PUSH PULL CABLE
14656,3521832H-MON,TURBO HOUSING CLAMP
14657,1704458SAL,Rubber Bumper
14658,BSM1000192486,VALVE ASSY - 90 DE
14659,10751-FMT,3/8 UNION
14660,RCFC24114,COOLANT FILTER
14661,4103-5001845490,COVER
14662,LOP10873,LUCAS DEEP CLEAN 64OZ
14663,1623-2RS,BEARING SINGLE ROW PRECISION
14664,18239-YAK,SMALL DIAMETER HOSE
14665,3AX1651,SCREW MACH 1122
14666,1905-FBV125,"1.25"" BALL VALVE"
14667,110200P,RELAY VALVE
14668,090206-YAK,"TOGGLE SWITCH,DPDT,ON-OFF-ON"
14669,3175-R134ACAS12,12 OZ CAN R134A REFRIGERANT
14670,KN1988,KW BLACK BPR REINF PLASTIC RH
14671,TRKN31000,Pressure Protection
14672,BWPM4009R,<S CAM
14673,925103-HAY,SHOCK
14674,CCC489XHAHX-A3XK,PTO ASSEMBLY
14675,TLIA,ION® T-Series™ Linear Super-LE
14676,UKRD7123G8,U-BOLT KIT 7/8X12X3
14677,GWGN48100-SPK,XLRG 8MM GLOVE GREEN
14678,GWON49100-END,GLOVEWORKS RDT ORANGE XXL
14679,HB125100,1-1/4 X 1 BUSHING
14680,HD194013A,194 13 LED AMBER
14681,TRFT0041P-SPK,BRASS DOT PUSH IN FITTING KIT
14682,VS228PDC,HEIGHT CONTROL VALVE
14683,PE14A,SHACKLE SIDE BAR
14684,HE10BA,MOUNT KIT
14685,HE367,Z AIR SPRING LEAF HAS 40K
14686,10217-143,M8X1.25X40 BOLT
14687,75-200LEW,DEXTRON III
14688,PERM09103,PERMATEX WINDSHEILD REPAIR KIT
14689,AS1R12498,AIR SPRING
14690,AS64344,9149 AIR SPRING
14691,801088-AMA,FUEL PUMP KIT 85118917
14692,B8805,CAM KIT
14693,WF1007BR,RED SAFETY FLAG W/BUNGEE
14694,EX-150SG3-OKC,SILVER GEN3 GRILL GUARD
14695,VPRF3512CAFTWH,VP RACING FUEL JUG
14696,R404AC24,404A 24 LB JUG
14697,RS11018,BRASS 45 DEG FLARE
14698,1304744-BUY,SAM 13-Pin Male Plow Side Harn
14699,SEA110415,RELAY 4PORT
14700,035-42775-GCK,ROLLER BEARINGS
14701,SEA5400,VALVE
14702,PC22058,DIELECTRIC GREASE
14703,PERFM609C,"1/2"" TEFLON TAPE"
14704,10750-FMT,1/4 UNION
14705,1282922-LOW,GASKET SET WATER PUMP
14706,131471PAI,MOUNTING GASKET
14707,136142-TUL,FRONT CRANK SEAL KIT
14708,053-K100637HD,FLEETRUNNER
14709,M4881,COMBO WINCH BAR
14710,CRK6480,CRK6480
14711,NPADA1600,GLOSS BLACK SPRAY PAINT
14712,NSR-SU03,"TOP RADIUS FRONT 21-1/2"" X 80-"
14713,LELOXBRKT,FENDER BRACKET
14714,MAG169280,MAG1 SYNTHETIC BLEND SAE 15W40
14715,MC16MCA,"""Mini Century™ Lightbar 16"""""""" w"
14716,MS-M2600XL,BLACK SOFTSHELL JACKET
14717,NEB-PBK-0016-HAY,NEBO 10K POWER BANK
14718,G1-7643BO,SPLIT BUMPER - LH
14719,G2C715L4-HAY,"71.5""TQ, 5/8"""", CS, 24.33 CAM,"
14720,M9406,MACK 125TH ANNIVERSARY STICKER
14721,MA9C-U,LOWER LOAD PAD POLY 1.75
14722,HE10BB,334-1629 NUT KIT
14723,80-050-25,1/2 H/HOSE
14724,LNL81300-M,Psi return valve
14725,HH062X25-PDC,5/8 SILICONE HEATER HOSE
14726,BWPM4009L,S CAM
14727,FF63054NN-GCK,FUEL FILTER
14728,8N1608-LOW,PISTON PIN
14729,FMR48CHD,Poly Single Axle Mounting Kit-
14730,M1057-AMA,MACK 125TH GOLD BULLDOG PIN
14731,MS-M4764MD,MACK SEQUIN-LADIES GREY
14732,MS-M6350XXL,MACK VINTAGE TSHIRT
14733,925261-HAY,SHOCK
14734,925608-WKS,SHOCK
14735,925127,SHOCK
14736,FF63014NN,FILTER
14737,853712TUL,PRESSURE SENSOR
14738,5050C,LOAD LOCK ALUM/STEEL
14739,CFFR-320000,Cabin Filter
14740,1052007,Spring Retainer
14741,12228091404,Camshaft RH
14742,1331031,Haldex Type Slack Adj 5.5-6.5i
14743,12328240202,Camshaft RH
14744,12228171003,CAMSHAFT LEFT ROC Q PLUS (17-3
14745,1381011,HARNESS AS
14746,14447158012122,RSD Shoe Box Kit 16.5in x 6in
14747,150T1105S6,Inboard Mount Hub Assembly
14748,15168607BA,Brake Drum 16.500in X 8.625in
14749,1516607BA,Brake Drum 16.500in X 6.000in
14750,17065125,Bendix Type R12 Horizontal Por
14751,170800257WF,MV3 Type Dash Control Module
14752,1705004342,AD9 Type Purge Valve Assy 24V
14753,1771101KT,Composite DOT PLC Fitting Asst
14754,1731109GT,Fan Clutch Solenoid Valve GT D
14755,17710148,Discharge Hose 2 Fem SAE Swive
14756,17713B684A,Brass PLC Male Connector 1/4 X
14757,17773630,Air Hose Assy 3/8in 3/8in Swiv
14758,17712C714B,PLC SWL Male Run Tee DOT 1/4in
14759,17714724B,Male Branch Tee DOT 1/4IN x 1/
14760,17711508,Nylon PLC Plug 1/2in
14761,1771201KT,Composite w/Brass DOT PLC Fitt
14762,1774226C,Shutoff Valve 3/8in Hose X 3/8
14763,1776005,Hose Clamp Separator 3/8in HD
14764,1777222,Air Hose Assy 3/8in 3/8in Pipe
14765,177TST1-YAK,"THREAD SEALANT TAPE, TEFLON"
14766,56446694,Bumper Support LH Freightliner
14767,56121416B,Lined Clamp 0.81in to 1.50in B
14768,561230388,HD T-Bolt Clamp 3.88in to 4.19
14769,561291040B,V-Band Clamp RG Ray
14770,56359056C,Hood Mirror Assy Chrome RH Ken
14771,566CT73746,Continental Air Spring Rolling
14772,562112430,Mud Flap Heavy Duty
14773,562122424B,Black Poly Anti-Spray 24 x 24
14774,562312BK-1,MUDFLAP BRACKET
14775,562452,Spring-Loaded Hanger Straight
14776,566CT64399,Continental Air Spring Rolling
14777,463DS4682,Drag Link 28.3875in C to C Fre
14778,56496066L,Front Bumper Cover LH w-Hole V
14779,566CT64486,Continental Air Spring Rolling
14780,562A4050CPBX10,Chrome Plastic Thread On M22x1
14781,56462027,Side Indicator LED Lamp Mack
14782,562U724010SS304,Flex Tubing 4in x 10ft 304SS
14783,562U74548A,Exhaust Repair Section 5in ID
14784,177V20462691,Brass PLC Male Elbow Fitting V
14785,1782540,Relay 5 Pin 12V
14786,56355021,Hood Mirror Assembly LH Black
14787,1791054,Socket 7 Way Blade RV Type
14788,56146711,Lower Radiator Pipe Freightlin
14789,179304115,Rubber Air Line Set Red/Blue 1
14790,1794013,Service Chamber Return Spring
14791,562122424W,White Poly Anti-Spray 24 x 24
14792,562U735012G,Flex Tubing 5in X 12in Galvani
14793,5622021,Rubber Tarp Strap 21in
14794,5629149,Fender Full Tandem Smooth SS 1
14795,56129481A,V-Band Clamp
14796,561291435K2,DPF CLAMP AND GASKET KIT
14797,562U3405,Flat U-Bolt Saddle Clamp 5in
14798,562U851418,DPF Gasket Detroit Diesel
14799,56396042,Rear View Mirror LH Black Volv
14800,56299009SWCR,Steering Wheel Cover Black/Red
14801,561230356-B,CLAMP
14802,182429,Wheel Bearing Kit PreAdjust
14803,1791017HDXBP,Socket 7 Pin HD Premium Bliste
14804,2013011,Flanged Cap Nut
14805,2013015,Flanged Cap Nut
14806,2016141,Wheel Stud
14807,2016144,Wheel Stud
14808,2016145,Wheel Stud
14809,2016377,Wheel Stud
14810,1782027RD,BATTERY CABLE 1/0 POS T POS 8
14811,1782025KT,Battery Bar Kit Red and Black
14812,21911585,SEALING KIT
14813,1783092,Cable Booster Dual 2 GA 20FT
14814,2094723TL,Unitized Spindle Nut Temper-Lo
14815,179TCT1,Trailer Circuit Tool
14816,181210737,Pinion Seal
14817,1782541,Relay Mini - 5 Pin 12V 40/30A
14818,178305110,Lug Copper 1/0 GA 3/8in Stud -
14819,23594427,INSTRUMENT PANEL
14820,571LD60W101,Back-Up Light LED 6in 10-Diode
14821,571LD967WL15,Work Lamp LED Rectangular Floo
14822,75-212,Taper Spring
14823,81362101,Condenser Mack
14824,573D427FH,Flat Hook Winch Strap 4in X 27
14825,573D430FHHD,Flat Hook Winch Strap-HD 4in X
14826,755CBW125,Clutch Brake Washer 2in
14827,755FW110,Flywheel Mack E7
14828,566CT67586,Continental Air Spring Rolling
14829,57755515,Turn Signal Kit IHC
14830,62856,"High-pressure injector, BDE"
14831,571D115,Decal WARNING STAY BACK 11.75
14832,571FB102,Quick Mount Safety Flag Bracke
14833,7502106611X,Center Bearing
14834,57799500,Tachometer Speed Sensor Eaton
14835,755FW111,Flywheel Volvo Mack MP7
14836,571SF182WL,Flag w/Wire Loop Red 18in X 18
14837,572507162,Rear Differential Breather Kit
14838,571LD40R39K,S/T/T Light Kit LED 4in Red
14839,571LD87RL18M,Warning Light LED Magnetic Red
14840,573NRCB38,Ratchet Chain Binder 5/16-3/8i
14841,5681027,Landing Gear Set Ins-Mount 17i
14842,5773018,HD Master Disconnect Switch
14843,5681005H,Landing Gear Handle 15.50in Ho
14844,5681032,Landing Gear Handle 21in
14845,571CT05075,18in Red/White 5 Strips 5yr OR
14846,571H9004HE,Hella Halogen Capsule 9004/HB1
14847,57796521,Boost Pressure Sensor Mack Vol
14848,571LD351R1,Marker Light LED 3/4in X 4in R
14849,571LD40A101K,F/P/T Light Kit LED 4in Amber
14850,571LD11A7,Marker Light Reflex LED 2-1/2i
14851,571LD25CAR38L,Pedestal Light Square Double F
14852,571LD60R10K,S/T/T Light Kit LED 6in Oval R
14853,5773001,Toggle Switch On-Off
14854,5773055,Rocker Switch On/Off Illuminat
14855,571LD3231CA171,Cab Marker Light LED Clear Lig
14856,571LD323A191,Cab Marker Bullet LED Amber Li
14857,5791231,Barrel Pump Rotary Aluminum
14858,57759201,Electrical Switch Kenworth
14859,840620604517,OE Crankcase Breather Assembly
14860,A83009,Gabriel Shock Absorber
14861,96-1318,TAPER SPRING
14862,8154080550,Continental V Serpentine Belt
14863,81757240,Conti Elite Radiator Hose 2.50
14864,81765128,Conti Fuel Line Hose 3/8in X 2
14865,81649530,Continental Elite Tensioner As
14866,8154100583,Continental V Serpentine Belt
14867,8154080630X,Conti Extreme Poly-V Serpentin
14868,HLK7035,Cab Jack Pump Kit Mack
14869,M1064,Insulator Box Mack
14870,KP180,Lubricating Kit Jost
14871,EQ022,Equalizer Transpro
14872,M1290,Hanger Clamp Style IHC
14873,EQ028SUB,Equalizer Steel with Poly Bush
14874,M1119,Trunnion 3-1/2in X 4in Mack
14875,HLK1096,Exterior Door Handle RH Mack
14876,KP7501505,Air Cylinder and Hardware Jost
14877,HLK2065,Hood Cable Kenworth
14878,HLK2151,Power Window Regulator LH Kenw
14879,HLK7029,Wiper Arm LH Freightliner
14880,AB1DK23L8864,Air Spring Rolling Lobe
14881,AUBK8164-182,U BOLT KIT RND 7/8IN X 4IN X 1
14882,AUBK826310,U Bolt Kit Square 7/8in X 3-1/
14883,A83044,Gabriel Shock Absorber
14884,BL04FC9DP,Organic Vent Freshener .44oz F
14885,A85047,Gabriel Shock Absorber
14886,A85708,Gabriel Shock Absorber
14887,A85964,Gabriel Shock Absorber
14888,ABP34HPK,Insulator Kit Poly Lower Prem
14889,MHSK453,Air Spring 3in Mounting Kit He
14890,MR836UB,Silent Block Poly
14891,M17449,Motor Mount Bushing IHC
14892,M1824,Shackle Hanger Kenworth
14893,M827,Spacer Front Spring Peterbilt
14894,M62833A,Side Bar Aluminum Mack
14895,M203433,Fuel Tank Painted Strap w-Step
14896,M46107,Cross Member Freightliner
14897,M1472,Hanger Front of Rear Mack
14898,M1634,DARK GREY MID-PRO CAP
14899,M1652,COPPER RED BEANIE
14900,M1K,Transmission Mount Kit Mack
14901,M596,Hanger LH IHC
14902,TMR545C,Torque Rod 14.4in 4/4 Hendrick
14903,PRX33694,Right Stuff Gasket Maker 10.1o
14904,PRX80078,Anti-Seize Lubricant 8oz
14905,PRX01010,Fifth Wheel Lubricant 2 oz Pou
14906,MWC17303,Collar Watson & Chalin
14907,4309174,"BEARING,CON ROD (STD)"
14908,Z953,Multi-Fit Shims
14909,4058956,"COVER,PROTECTIVE"
14910,TRK5906,Bushing Kit Freightliner
14911,4393172,"SEAL,O RING"
14912,4928699,"SHAFT,ROCKER LEVER"
14913,4907447,"GASKET,EXHAUST MANIFOLD"
14914,4918916,"TERMINAL,ELC CNR REPAIR"
14915,4990721,"SEAL,O RING"
14916,4934278,"WASHER,SEALING"
14917,4984382,"WASHER,SEALING"
14918,5260938,"TUBE,CPR WATER OUTLET"
14919,5401021,"HARNESS,WIRING"
14920,5283311,"MODULE,ELECTRONIC CONTROL"
14921,5291050,"PUMP,LUBRICATING OIL"
14922,5253019,"GASKET,EXH GAS RCN VALVE"
14923,5255736,"TUBE,BREATHER"
14924,5263986,"BREATHER,CRANKCASE"
14925,5339508,"HOUSING,FLYWHEEL"
14926,5272959,"GASKET,RKR LEVER HOUSING"
14927,5478594,THERMOSTAT
14928,5693738,"KIT,OVERHAUL"
14929,5440813,"GASKET,ACC DRIVE SUPPORT"
14930,5528553,"KIT,REAR CRANKSHAFT SEAL"
14931,5473272,"KIT,FILTER"
14932,5406147,"KIT,MOUNTING"
14933,5491702,"HEAD,FUEL PUMP"
14934,BM95162,"LEVER,ROCKER"
14935,186780,"SEAL,THERMOSTAT"
14936,181213,"ELBOW,PLAIN ADAPTER"
14937,2888388,"SEAL,DUST"
14938,3015865,"PLUG,EXPANSION"
14939,2897654,"SENSOR,KNOCK"
14940,2894827,"CONNECTOR,INJ FUEL SUPPLY"
14941,2881604,"GASKET,INTAKE MANIFOLD"
14942,2872717,"SEAL,INJECTOR"
14943,2870177,"TUBE,OIL FILLER"
14944,3093683,AIR DRYER KIT
14945,3055145,"BEARING,CONNECTING ROD"
14946,3089240,SEAL O RING
14947,3289448,"BELT,V RIBBED"
14948,3101268,GASKET FLANGE
14949,3681056,"SCREW,HEX FLANGE HEAD CAP"
14950,3678724,"SEAL,O RING"
14951,3658948,RELAY
14952,3685807,"TUBE,INJECTOR FUEL SUPPLY"
14953,3684284,"WASHER,SEALING"
14954,3688347,"GASKET,INTAKE MANIFOLD"
14955,3684584,"PIN,GROOVE"
14956,3818385,"VALVE,SHUTOFF"
